crop,state,year,month,season,modal_price,min_price,max_price
Arhar (Tur),Andhra Pradesh,2020,10,Kharif,5650,5350,6250
Arhar (Tur),Andhra Pradesh,2020,11,Kharif,5900,5500,6350
Arhar (Tur),Andhra Pradesh,2020,12,Kharif,6400,6100,6950
Arhar (Tur),Andhra Pradesh,2021,10,Kharif,5850,5550,6300
Arhar (Tur),Andhra Pradesh,2021,11,Kharif,6400,6150,6750
Arhar (Tur),Andhra Pradesh,2021,12,Kharif,5800,5350,6500
Arhar (Tur),Andhra Pradesh,2022,10,Kharif,6350,6150,6650
Arhar (Tur),Andhra Pradesh,2022,11,Kharif,6750,6550,7250
Arhar (Tur),Andhra Pradesh,2022,12,Kharif,6550,6200,7200
Arhar (Tur),Andhra Pradesh,2023,10,Kharif,7150,6750,7800
Arhar (Tur),Andhra Pradesh,2023,11,Kharif,6600,6400,7150
Arhar (Tur),Andhra Pradesh,2023,12,Kharif,6500,6250,7050
Arhar (Tur),Assam,2020,10,Kharif,5650,5300,6300
Arhar (Tur),Assam,2020,11,Kharif,5100,4900,5800
Arhar (Tur),Assam,2020,12,Kharif,5800,5400,6600
Arhar (Tur),Assam,2021,10,Kharif,6250,5950,6600
Arhar (Tur),Assam,2021,11,Kharif,5350,4950,5700
Arhar (Tur),Assam,2021,12,Kharif,5600,5250,6150
Arhar (Tur),Assam,2022,10,Kharif,5700,5400,6300
Arhar (Tur),Assam,2022,11,Kharif,5700,5450,6150
Arhar (Tur),Assam,2022,12,Kharif,5750,5450,6300
Arhar (Tur),Assam,2023,10,Kharif,6550,6250,7150
Arhar (Tur),Assam,2023,11,Kharif,6550,6350,7050
Arhar (Tur),Assam,2023,12,Kharif,6200,6000,6750
Arhar (Tur),Bihar,2020,10,Kharif,5850,5450,6350
Arhar (Tur),Bihar,2020,11,Kharif,5800,5400,6400
Arhar (Tur),Bihar,2020,12,Kharif,5600,5250,6250
Arhar (Tur),Bihar,2021,10,Kharif,5950,5550,6400
Arhar (Tur),Bihar,2021,11,Kharif,5950,5700,6600
Arhar (Tur),Bihar,2021,12,Kharif,6250,5900,6800
Arhar (Tur),Bihar,2022,10,Kharif,6700,6400,7250
Arhar (Tur),Bihar,2022,11,Kharif,6150,5850,6550
Arhar (Tur),Bihar,2022,12,Kharif,5900,5600,6700
Arhar (Tur),Bihar,2023,10,Kharif,6400,6200,7000
Arhar (Tur),Bihar,2023,11,Kharif,6150,5800,6450
Arhar (Tur),Bihar,2023,12,Kharif,6950,6600,7550
Arhar (Tur),Chhattisgarh,2020,10,Kharif,5650,5250,6400
Arhar (Tur),Chhattisgarh,2020,11,Kharif,5450,5200,6150
Arhar (Tur),Chhattisgarh,2020,12,Kharif,5950,5650,6600
Arhar (Tur),Chhattisgarh,2021,10,Kharif,5900,5500,6450
Arhar (Tur),Chhattisgarh,2021,11,Kharif,6450,6150,7050
Arhar (Tur),Chhattisgarh,2021,12,Kharif,5550,5250,6300
Arhar (Tur),Chhattisgarh,2022,10,Kharif,6150,5950,6750
Arhar (Tur),Chhattisgarh,2022,11,Kharif,6550,6300,7000
Arhar (Tur),Chhattisgarh,2022,12,Kharif,6200,6000,6650
Arhar (Tur),Chhattisgarh,2023,10,Kharif,6650,6450,7250
Arhar (Tur),Chhattisgarh,2023,11,Kharif,6300,6100,6950
Arhar (Tur),Chhattisgarh,2023,12,Kharif,6200,5950,6800
Arhar (Tur),Goa,2020,10,Kharif,6450,6150,6900
Arhar (Tur),Goa,2020,11,Kharif,6850,6500,7350
Arhar (Tur),Goa,2020,12,Kharif,6300,5950,6800
Arhar (Tur),Goa,2021,10,Kharif,7350,7000,7750
Arhar (Tur),Goa,2021,11,Kharif,6600,6250,7100
Arhar (Tur),Goa,2021,12,Kharif,6900,6600,7300
Arhar (Tur),Goa,2022,10,Kharif,7300,7100,7900
Arhar (Tur),Goa,2022,11,Kharif,7550,7200,7950
Arhar (Tur),Goa,2022,12,Kharif,7000,6650,7500
Arhar (Tur),Goa,2023,10,Kharif,7650,7250,8400
Arhar (Tur),Goa,2023,11,Kharif,7300,7000,7750
Arhar (Tur),Goa,2023,12,Kharif,8000,7550,8500
Arhar (Tur),Gujarat,2020,10,Kharif,6100,5800,6500
Arhar (Tur),Gujarat,2020,11,Kharif,5800,5550,6400
Arhar (Tur),Gujarat,2020,12,Kharif,6500,6150,7000
Arhar (Tur),Gujarat,2021,10,Kharif,6700,6450,7200
Arhar (Tur),Gujarat,2021,11,Kharif,6900,6600,7350
Arhar (Tur),Gujarat,2021,12,Kharif,6100,5800,6550
Arhar (Tur),Gujarat,2022,10,Kharif,7200,6800,7850
Arhar (Tur),Gujarat,2022,11,Kharif,6650,6300,7100
Arhar (Tur),Gujarat,2022,12,Kharif,6250,5900,6700
Arhar (Tur),Gujarat,2023,10,Kharif,7600,7200,8350
Arhar (Tur),Gujarat,2023,11,Kharif,7200,6800,7900
Arhar (Tur),Gujarat,2023,12,Kharif,6750,6500,7350
Arhar (Tur),Haryana,2020,10,Kharif,6650,6450,7150
Arhar (Tur),Haryana,2020,11,Kharif,5950,5700,6550
Arhar (Tur),Haryana,2020,12,Kharif,6550,6250,6950
Arhar (Tur),Haryana,2021,10,Kharif,6950,6700,7500
Arhar (Tur),Haryana,2021,11,Kharif,7050,6650,7700
Arhar (Tur),Haryana,2021,12,Kharif,6750,6400,7350
Arhar (Tur),Haryana,2022,10,Kharif,6700,6450,7100
Arhar (Tur),Haryana,2022,11,Kharif,6400,6200,6850
Arhar (Tur),Haryana,2022,12,Kharif,7250,6900,7750
Arhar (Tur),Haryana,2023,10,Kharif,7300,6900,8000
Arhar (Tur),Haryana,2023,11,Kharif,6750,6350,7350
Arhar (Tur),Haryana,2023,12,Kharif,7200,6850,7800
Arhar (Tur),Himachal Pradesh,2020,10,Kharif,6350,6050,6700
Arhar (Tur),Himachal Pradesh,2020,11,Kharif,6350,6100,6900
Arhar (Tur),Himachal Pradesh,2020,12,Kharif,5950,5700,6550
Arhar (Tur),Himachal Pradesh,2021,10,Kharif,6050,5850,6350
Arhar (Tur),Himachal Pradesh,2021,11,Kharif,6100,5750,6400
Arhar (Tur),Himachal Pradesh,2021,12,Kharif,7000,6600,7650
Arhar (Tur),Himachal Pradesh,2022,10,Kharif,6350,6000,6700
Arhar (Tur),Himachal Pradesh,2022,11,Kharif,6450,6200,6950
Arhar (Tur),Himachal Pradesh,2022,12,Kharif,6450,6150,7050
Arhar (Tur),Himachal Pradesh,2023,10,Kharif,7700,7350,8450
Arhar (Tur),Himachal Pradesh,2023,11,Kharif,7350,7000,7750
Arhar (Tur),Himachal Pradesh,2023,12,Kharif,7400,7050,8100
Arhar (Tur),Jammu & Kashmir,2020,10,Kharif,6300,6100,6700
Arhar (Tur),Jammu & Kashmir,2020,11,Kharif,6050,5800,6650
Arhar (Tur),Jammu & Kashmir,2020,12,Kharif,6150,5800,6750
Arhar (Tur),Jammu & Kashmir,2021,10,Kharif,7250,7000,7700
Arhar (Tur),Jammu & Kashmir,2021,11,Kharif,6400,6150,7000
Arhar (Tur),Jammu & Kashmir,2021,12,Kharif,7050,6750,7650
Arhar (Tur),Jammu & Kashmir,2022,10,Kharif,6600,6300,7250
Arhar (Tur),Jammu & Kashmir,2022,11,Kharif,7350,6950,7850
Arhar (Tur),Jammu & Kashmir,2022,12,Kharif,7400,7150,7950
Arhar (Tur),Jammu & Kashmir,2023,10,Kharif,7050,6850,7600
Arhar (Tur),Jammu & Kashmir,2023,11,Kharif,6950,6700,7600
Arhar (Tur),Jammu & Kashmir,2023,12,Kharif,6950,6650,7350
Arhar (Tur),Jharkhand,2020,10,Kharif,5700,5300,6350
Arhar (Tur),Jharkhand,2020,11,Kharif,5750,5450,6450
Arhar (Tur),Jharkhand,2020,12,Kharif,5850,5450,6500
Arhar (Tur),Jharkhand,2021,10,Kharif,5850,5400,6300
Arhar (Tur),Jharkhand,2021,11,Kharif,5450,5200,5850
Arhar (Tur),Jharkhand,2021,12,Kharif,6200,5850,6650
Arhar (Tur),Jharkhand,2022,10,Kharif,6250,6050,6650
Arhar (Tur),Jharkhand,2022,11,Kharif,6250,5950,6600
Arhar (Tur),Jharkhand,2022,12,Kharif,5900,5450,6600
Arhar (Tur),Jharkhand,2023,10,Kharif,6750,6450,7300
Arhar (Tur),Jharkhand,2023,11,Kharif,6050,5850,6400
Arhar (Tur),Jharkhand,2023,12,Kharif,6200,5900,6600
Arhar (Tur),Karnataka,2020,10,Kharif,5600,5300,6250
Arhar (Tur),Karnataka,2020,11,Kharif,6300,6100,6900
Arhar (Tur),Karnataka,2020,12,Kharif,6050,5850,6450
Arhar (Tur),Karnataka,2021,10,Kharif,6200,6000,6700
Arhar (Tur),Karnataka,2021,11,Kharif,5900,5600,6600
Arhar (Tur),Karnataka,2021,12,Kharif,6400,6050,7050
Arhar (Tur),Karnataka,2022,10,Kharif,6950,6750,7600
Arhar (Tur),Karnataka,2022,11,Kharif,6450,6250,7000
Arhar (Tur),Karnataka,2022,12,Kharif,6800,6550,7250
Arhar (Tur),Karnataka,2023,10,Kharif,7500,7200,8200
Arhar (Tur),Karnataka,2023,11,Kharif,7350,7050,7800
Arhar (Tur),Karnataka,2023,12,Kharif,7350,7100,7800
Arhar (Tur),Kerala,2020,10,Kharif,6650,6350,7100
Arhar (Tur),Kerala,2020,11,Kharif,6050,5850,6450
Arhar (Tur),Kerala,2020,12,Kharif,6350,6100,6750
Arhar (Tur),Kerala,2021,10,Kharif,6650,6400,7200
Arhar (Tur),Kerala,2021,11,Kharif,6950,6650,7350
Arhar (Tur),Kerala,2021,12,Kharif,6350,6100,6750
Arhar (Tur),Kerala,2022,10,Kharif,7050,6800,7600
Arhar (Tur),Kerala,2022,11,Kharif,7600,7150,8000
Arhar (Tur),Kerala,2022,12,Kharif,6850,6600,7250
Arhar (Tur),Kerala,2023,10,Kharif,7850,7450,8300
Arhar (Tur),Kerala,2023,11,Kharif,7950,7550,8400
Arhar (Tur),Kerala,2023,12,Kharif,7950,7500,8500
Arhar (Tur),Madhya Pradesh,2020,10,Kharif,6000,5750,6450
Arhar (Tur),Madhya Pradesh,2020,11,Kharif,6100,5800,6550
Arhar (Tur),Madhya Pradesh,2020,12,Kharif,5250,4950,5800
Arhar (Tur),Madhya Pradesh,2021,10,Kharif,6400,6150,6900
Arhar (Tur),Madhya Pradesh,2021,11,Kharif,6450,6100,6750
Arhar (Tur),Madhya Pradesh,2021,12,Kharif,5800,5500,6400
Arhar (Tur),Madhya Pradesh,2022,10,Kharif,6800,6550,7200
Arhar (Tur),Madhya Pradesh,2022,11,Kharif,6050,5850,6400
Arhar (Tur),Madhya Pradesh,2022,12,Kharif,6650,6350,7050
Arhar (Tur),Madhya Pradesh,2023,10,Kharif,6150,5950,6650
Arhar (Tur),Madhya Pradesh,2023,11,Kharif,6750,6400,7150
Arhar (Tur),Madhya Pradesh,2023,12,Kharif,6800,6450,7400
Arhar (Tur),Maharashtra,2020,10,Kharif,5750,5350,6250
Arhar (Tur),Maharashtra,2020,11,Kharif,6450,6200,6850
Arhar (Tur),Maharashtra,2020,12,Kharif,6200,5900,6550
Arhar (Tur),Maharashtra,2021,10,Kharif,6550,6300,7150
Arhar (Tur),Maharashtra,2021,11,Kharif,6250,5950,6750
Arhar (Tur),Maharashtra,2021,12,Kharif,6650,6250,7000
Arhar (Tur),Maharashtra,2022,10,Kharif,7100,6700,7600
Arhar (Tur),Maharashtra,2022,11,Kharif,7100,6700,7600
Arhar (Tur),Maharashtra,2022,12,Kharif,6450,6200,6800
Arhar (Tur),Maharashtra,2023,10,Kharif,6850,6450,7450
Arhar (Tur),Maharashtra,2023,11,Kharif,7650,7400,8200
Arhar (Tur),Maharashtra,2023,12,Kharif,6900,6700,7450
Arhar (Tur),Manipur,2020,10,Kharif,5900,5450,6400
Arhar (Tur),Manipur,2020,11,Kharif,5400,5200,6000
Arhar (Tur),Manipur,2020,12,Kharif,5450,5000,6200
Arhar (Tur),Manipur,2021,10,Kharif,6150,5950,6450
Arhar (Tur),Manipur,2021,11,Kharif,6300,6000,6750
Arhar (Tur),Manipur,2021,12,Kharif,6200,5850,6650
Arhar (Tur),Manipur,2022,10,Kharif,6500,6300,6950
Arhar (Tur),Manipur,2022,11,Kharif,6000,5750,6300
Arhar (Tur),Manipur,2022,12,Kharif,6850,6500,7400
Arhar (Tur),Manipur,2023,10,Kharif,7050,6750,7750
Arhar (Tur),Manipur,2023,11,Kharif,6700,6500,7350
Arhar (Tur),Manipur,2023,12,Kharif,6350,6050,6900
Arhar (Tur),Meghalaya,2020,10,Kharif,5400,5000,5900
Arhar (Tur),Meghalaya,2020,11,Kharif,5750,5350,6450
Arhar (Tur),Meghalaya,2020,12,Kharif,5400,5100,5950
Arhar (Tur),Meghalaya,2021,10,Kharif,5750,5500,6200
Arhar (Tur),Meghalaya,2021,11,Kharif,6100,5900,6600
Arhar (Tur),Meghalaya,2021,12,Kharif,6350,6150,6900
Arhar (Tur),Meghalaya,2022,10,Kharif,5850,5600,6400
Arhar (Tur),Meghalaya,2022,11,Kharif,6200,6000,6650
Arhar (Tur),Meghalaya,2022,12,Kharif,6300,6050,6800
Arhar (Tur),Meghalaya,2023,10,Kharif,7000,6750,7550
Arhar (Tur),Meghalaya,2023,11,Kharif,6350,6100,6750
Arhar (Tur),Meghalaya,2023,12,Kharif,6600,6250,7250
Arhar (Tur),Odisha,2020,10,Kharif,5100,4900,5700
Arhar (Tur),Odisha,2020,11,Kharif,5300,5000,5850
Arhar (Tur),Odisha,2020,12,Kharif,5700,5300,6150
Arhar (Tur),Odisha,2021,10,Kharif,6050,5750,6450
Arhar (Tur),Odisha,2021,11,Kharif,5900,5450,6600
Arhar (Tur),Odisha,2021,12,Kharif,5550,5200,6150
Arhar (Tur),Odisha,2022,10,Kharif,6300,5950,6850
Arhar (Tur),Odisha,2022,11,Kharif,6300,6100,6650
Arhar (Tur),Odisha,2022,12,Kharif,5600,5350,6000
Arhar (Tur),Odisha,2023,10,Kharif,6700,6300,7050
Arhar (Tur),Odisha,2023,11,Kharif,6250,5950,6650
Arhar (Tur),Odisha,2023,12,Kharif,6450,6100,6900
Arhar (Tur),Punjab,2020,10,Kharif,6100,5750,6600
Arhar (Tur),Punjab,2020,11,Kharif,6450,6050,6950
Arhar (Tur),Punjab,2020,12,Kharif,6450,6100,6900
Arhar (Tur),Punjab,2021,10,Kharif,6850,6600,7450
Arhar (Tur),Punjab,2021,11,Kharif,6350,6100,6750
Arhar (Tur),Punjab,2021,12,Kharif,6900,6550,7550
Arhar (Tur),Punjab,2022,10,Kharif,7150,6950,7700
Arhar (Tur),Punjab,2022,11,Kharif,7100,6850,7500
Arhar (Tur),Punjab,2022,12,Kharif,6950,6650,7500
Arhar (Tur),Punjab,2023,10,Kharif,8050,7750,8650
Arhar (Tur),Punjab,2023,11,Kharif,7750,7350,8350
Arhar (Tur),Punjab,2023,12,Kharif,7050,6750,7600
Arhar (Tur),Rajasthan,2020,10,Kharif,5850,5400,6350
Arhar (Tur),Rajasthan,2020,11,Kharif,6000,5700,6350
Arhar (Tur),Rajasthan,2020,12,Kharif,5500,5250,6200
Arhar (Tur),Rajasthan,2021,10,Kharif,5850,5550,6400
Arhar (Tur),Rajasthan,2021,11,Kharif,5650,5400,6200
Arhar (Tur),Rajasthan,2021,12,Kharif,6050,5700,6400
Arhar (Tur),Rajasthan,2022,10,Kharif,6400,6100,6900
Arhar (Tur),Rajasthan,2022,11,Kharif,6500,6300,7050
Arhar (Tur),Rajasthan,2022,12,Kharif,6550,6150,7150
Arhar (Tur),Rajasthan,2023,10,Kharif,7150,6750,7850
Arhar (Tur),Rajasthan,2023,11,Kharif,6300,5950,6850
Arhar (Tur),Rajasthan,2023,12,Kharif,6900,6600,7450
Arhar (Tur),Tamil Nadu,2020,10,Kharif,5950,5500,6500
Arhar (Tur),Tamil Nadu,2020,11,Kharif,5600,5150,6050
Arhar (Tur),Tamil Nadu,2020,12,Kharif,6250,6000,6650
Arhar (Tur),Tamil Nadu,2021,10,Kharif,6400,6200,6750
Arhar (Tur),Tamil Nadu,2021,11,Kharif,6300,6050,6900
Arhar (Tur),Tamil Nadu,2021,12,Kharif,6300,5950,6750
Arhar (Tur),Tamil Nadu,2022,10,Kharif,6950,6700,7550
Arhar (Tur),Tamil Nadu,2022,11,Kharif,6950,6600,7600
Arhar (Tur),Tamil Nadu,2022,12,Kharif,7050,6750,7450
Arhar (Tur),Tamil Nadu,2023,10,Kharif,6500,6200,6950
Arhar (Tur),Tamil Nadu,2023,11,Kharif,7450,7200,8000
Arhar (Tur),Tamil Nadu,2023,12,Kharif,7050,6700,7700
Arhar (Tur),Telangana,2020,10,Kharif,5550,5250,5950
Arhar (Tur),Telangana,2020,11,Kharif,6000,5800,6450
Arhar (Tur),Telangana,2020,12,Kharif,5800,5450,6350
Arhar (Tur),Telangana,2021,10,Kharif,6550,6200,7050
Arhar (Tur),Telangana,2021,11,Kharif,6000,5800,6350
Arhar (Tur),Telangana,2021,12,Kharif,5850,5450,6350
Arhar (Tur),Telangana,2022,10,Kharif,7000,6700,7450
Arhar (Tur),Telangana,2022,11,Kharif,6750,6350,7200
Arhar (Tur),Telangana,2022,12,Kharif,6900,6550,7450
Arhar (Tur),Telangana,2023,10,Kharif,6600,6400,7200
Arhar (Tur),Telangana,2023,11,Kharif,6800,6400,7300
Arhar (Tur),Telangana,2023,12,Kharif,7050,6750,7550
Arhar (Tur),Tripura,2020,10,Kharif,5850,5550,6650
Arhar (Tur),Tripura,2020,11,Kharif,5150,4850,5850
Arhar (Tur),Tripura,2020,12,Kharif,5200,4900,5850
Arhar (Tur),Tripura,2021,10,Kharif,5500,5200,6050
Arhar (Tur),Tripura,2021,11,Kharif,5800,5500,6450
Arhar (Tur),Tripura,2021,12,Kharif,5350,5000,6050
Arhar (Tur),Tripura,2022,10,Kharif,6300,6000,6900
Arhar (Tur),Tripura,2022,11,Kharif,5950,5700,6400
Arhar (Tur),Tripura,2022,12,Kharif,6450,6200,6800
Arhar (Tur),Tripura,2023,10,Kharif,6050,5700,6400
Arhar (Tur),Tripura,2023,11,Kharif,6550,6300,7050
Arhar (Tur),Tripura,2023,12,Kharif,6600,6250,7050
Arhar (Tur),Uttar Pradesh,2020,10,Kharif,6000,5650,6550
Arhar (Tur),Uttar Pradesh,2020,11,Kharif,6050,5700,6550
Arhar (Tur),Uttar Pradesh,2020,12,Kharif,5600,5350,6200
Arhar (Tur),Uttar Pradesh,2021,10,Kharif,5600,5350,6400
Arhar (Tur),Uttar Pradesh,2021,11,Kharif,6200,6000,6750
Arhar (Tur),Uttar Pradesh,2021,12,Kharif,6200,5900,6500
Arhar (Tur),Uttar Pradesh,2022,10,Kharif,5950,5550,6550
Arhar (Tur),Uttar Pradesh,2022,11,Kharif,6750,6550,7200
Arhar (Tur),Uttar Pradesh,2022,12,Kharif,6600,6300,7050
Arhar (Tur),Uttar Pradesh,2023,10,Kharif,6450,6200,6900
Arhar (Tur),Uttar Pradesh,2023,11,Kharif,6400,6200,6950
Arhar (Tur),Uttar Pradesh,2023,12,Kharif,6150,5900,6600
Arhar (Tur),Uttarakhand,2020,10,Kharif,5700,5250,6250
Arhar (Tur),Uttarakhand,2020,11,Kharif,5800,5500,6200
Arhar (Tur),Uttarakhand,2020,12,Kharif,5750,5350,6300
Arhar (Tur),Uttarakhand,2021,10,Kharif,5750,5300,6550
Arhar (Tur),Uttarakhand,2021,11,Kharif,6650,6250,7250
Arhar (Tur),Uttarakhand,2021,12,Kharif,5900,5600,6700
Arhar (Tur),Uttarakhand,2022,10,Kharif,6150,5900,6650
Arhar (Tur),Uttarakhand,2022,11,Kharif,6950,6750,7450
Arhar (Tur),Uttarakhand,2022,12,Kharif,6750,6400,7150
Arhar (Tur),Uttarakhand,2023,10,Kharif,7200,6800,7750
Arhar (Tur),Uttarakhand,2023,11,Kharif,7050,6750,7550
Arhar (Tur),Uttarakhand,2023,12,Kharif,7400,7000,8050
Arhar (Tur),West Bengal,2020,10,Kharif,6200,5900,6800
Arhar (Tur),West Bengal,2020,11,Kharif,6000,5750,6450
Arhar (Tur),West Bengal,2020,12,Kharif,5950,5650,6750
Arhar (Tur),West Bengal,2021,10,Kharif,5900,5600,6700
Arhar (Tur),West Bengal,2021,11,Kharif,6600,6300,7050
Arhar (Tur),West Bengal,2021,12,Kharif,6350,6050,6700
Arhar (Tur),West Bengal,2022,10,Kharif,6150,5900,6600
Arhar (Tur),West Bengal,2022,11,Kharif,6400,6100,6900
Arhar (Tur),West Bengal,2022,12,Kharif,6900,6600,7300
Arhar (Tur),West Bengal,2023,10,Kharif,7250,6800,7750
Arhar (Tur),West Bengal,2023,11,Kharif,7100,6850,7500
Arhar (Tur),West Bengal,2023,12,Kharif,7150,6750,7750
Bajra,Andhra Pradesh,2020,8,Kharif,1850,1650,2200
Bajra,Andhra Pradesh,2020,9,Kharif,1850,1600,2050
Bajra,Andhra Pradesh,2020,10,Kharif,2000,1750,2250
Bajra,Andhra Pradesh,2021,8,Kharif,1950,1650,2250
Bajra,Andhra Pradesh,2021,9,Kharif,2000,1700,2300
Bajra,Andhra Pradesh,2021,10,Kharif,1900,1650,2200
Bajra,Andhra Pradesh,2022,8,Kharif,2050,1800,2350
Bajra,Andhra Pradesh,2022,9,Kharif,2250,1950,2700
Bajra,Andhra Pradesh,2022,10,Kharif,2150,1850,2400
Bajra,Andhra Pradesh,2023,8,Kharif,2150,1900,2400
Bajra,Andhra Pradesh,2023,9,Kharif,2150,1900,2450
Bajra,Andhra Pradesh,2023,10,Kharif,2250,2000,2600
Bajra,Assam,2020,8,Kharif,1800,1550,2050
Bajra,Assam,2020,9,Kharif,2050,1850,2350
Bajra,Assam,2020,10,Kharif,1900,1700,2250
Bajra,Assam,2021,8,Kharif,2150,1850,2400
Bajra,Assam,2021,9,Kharif,2150,1950,2450
Bajra,Assam,2021,10,Kharif,1950,1700,2250
Bajra,Assam,2022,8,Kharif,2200,1950,2650
Bajra,Assam,2022,9,Kharif,2100,1800,2450
Bajra,Assam,2022,10,Kharif,2050,1850,2400
Bajra,Assam,2023,8,Kharif,2250,1950,2700
Bajra,Assam,2023,9,Kharif,2400,2050,2750
Bajra,Assam,2023,10,Kharif,2250,1950,2600
Bajra,Bihar,2020,8,Kharif,2000,1800,2250
Bajra,Bihar,2020,9,Kharif,1850,1600,2150
Bajra,Bihar,2020,10,Kharif,1900,1700,2300
Bajra,Bihar,2021,8,Kharif,2000,1800,2400
Bajra,Bihar,2021,9,Kharif,1950,1750,2250
Bajra,Bihar,2021,10,Kharif,1900,1700,2300
Bajra,Bihar,2022,8,Kharif,1950,1750,2250
Bajra,Bihar,2022,9,Kharif,2000,1700,2350
Bajra,Bihar,2022,10,Kharif,2200,2000,2450
Bajra,Bihar,2023,8,Kharif,2200,1950,2700
Bajra,Bihar,2023,9,Kharif,2250,1950,2500
Bajra,Bihar,2023,10,Kharif,2150,1850,2600
Bajra,Chhattisgarh,2020,8,Kharif,1850,1600,2100
Bajra,Chhattisgarh,2020,9,Kharif,1950,1800,2300
Bajra,Chhattisgarh,2020,10,Kharif,1850,1700,2200
Bajra,Chhattisgarh,2021,8,Kharif,1900,1700,2250
Bajra,Chhattisgarh,2021,9,Kharif,1950,1750,2250
Bajra,Chhattisgarh,2021,10,Kharif,1950,1800,2250
Bajra,Chhattisgarh,2022,8,Kharif,2200,2000,2550
Bajra,Chhattisgarh,2022,9,Kharif,2250,2100,2550
Bajra,Chhattisgarh,2022,10,Kharif,2000,1850,2400
Bajra,Chhattisgarh,2023,8,Kharif,2150,1850,2500
Bajra,Chhattisgarh,2023,9,Kharif,2400,2150,2800
Bajra,Chhattisgarh,2023,10,Kharif,2300,2000,2800
Bajra,Goa,2020,8,Kharif,2150,1950,2550
Bajra,Goa,2020,9,Kharif,2400,2150,2800
Bajra,Goa,2020,10,Kharif,2250,2050,2650
Bajra,Goa,2021,8,Kharif,2500,2200,3000
Bajra,Goa,2021,9,Kharif,2300,2050,2650
Bajra,Goa,2021,10,Kharif,2550,2300,3100
Bajra,Goa,2022,8,Kharif,2550,2200,3050
Bajra,Goa,2022,9,Kharif,2700,2500,3200
Bajra,Goa,2022,10,Kharif,2350,2050,2750
Bajra,Goa,2023,8,Kharif,2550,2350,2850
Bajra,Goa,2023,9,Kharif,2650,2400,3050
Bajra,Goa,2023,10,Kharif,2800,2500,3300
Bajra,Gujarat,2020,8,Kharif,2150,1850,2500
Bajra,Gujarat,2020,9,Kharif,1950,1750,2200
Bajra,Gujarat,2020,10,Kharif,2050,1850,2300
Bajra,Gujarat,2021,8,Kharif,2100,1850,2550
Bajra,Gujarat,2021,9,Kharif,2100,1900,2500
Bajra,Gujarat,2021,10,Kharif,2200,1900,2650
Bajra,Gujarat,2022,8,Kharif,2100,1800,2350
Bajra,Gujarat,2022,9,Kharif,2050,1750,2300
Bajra,Gujarat,2022,10,Kharif,2200,2000,2500
Bajra,Gujarat,2023,8,Kharif,2400,2150,2750
Bajra,Gujarat,2023,9,Kharif,2400,2200,2900
Bajra,Gujarat,2023,10,Kharif,2550,2350,2950
Bajra,Haryana,2020,8,Kharif,2050,1800,2400
Bajra,Haryana,2020,9,Kharif,2000,1800,2400
Bajra,Haryana,2020,10,Kharif,2050,1850,2350
Bajra,Haryana,2021,8,Kharif,2150,1950,2550
Bajra,Haryana,2021,9,Kharif,2250,2050,2600
Bajra,Haryana,2021,10,Kharif,2050,1850,2400
Bajra,Haryana,2022,8,Kharif,2400,2200,2800
Bajra,Haryana,2022,9,Kharif,2150,1950,2600
Bajra,Haryana,2022,10,Kharif,2150,2000,2550
Bajra,Haryana,2023,8,Kharif,2600,2350,2900
Bajra,Haryana,2023,9,Kharif,2400,2100,2900
Bajra,Haryana,2023,10,Kharif,2450,2100,2850
Bajra,Himachal Pradesh,2020,8,Kharif,2100,1800,2350
Bajra,Himachal Pradesh,2020,9,Kharif,2200,1900,2450
Bajra,Himachal Pradesh,2020,10,Kharif,2150,1850,2600
Bajra,Himachal Pradesh,2021,8,Kharif,2250,2000,2700
Bajra,Himachal Pradesh,2021,9,Kharif,2250,2050,2550
Bajra,Himachal Pradesh,2021,10,Kharif,2350,2050,2800
Bajra,Himachal Pradesh,2022,8,Kharif,2500,2250,2900
Bajra,Himachal Pradesh,2022,9,Kharif,2300,2000,2650
Bajra,Himachal Pradesh,2022,10,Kharif,2350,2050,2800
Bajra,Himachal Pradesh,2023,8,Kharif,2600,2250,3000
Bajra,Himachal Pradesh,2023,9,Kharif,2350,2050,2850
Bajra,Himachal Pradesh,2023,10,Kharif,2400,2200,2850
Bajra,Jammu & Kashmir,2020,8,Kharif,2350,2100,2800
Bajra,Jammu & Kashmir,2020,9,Kharif,2000,1800,2350
Bajra,Jammu & Kashmir,2020,10,Kharif,2050,1750,2400
Bajra,Jammu & Kashmir,2021,8,Kharif,2450,2200,2850
Bajra,Jammu & Kashmir,2021,9,Kharif,2250,2000,2500
Bajra,Jammu & Kashmir,2021,10,Kharif,2200,1950,2550
Bajra,Jammu & Kashmir,2022,8,Kharif,2400,2200,2750
Bajra,Jammu & Kashmir,2022,9,Kharif,2450,2100,2850
Bajra,Jammu & Kashmir,2022,10,Kharif,2400,2100,2800
Bajra,Jammu & Kashmir,2023,8,Kharif,2650,2300,3050
Bajra,Jammu & Kashmir,2023,9,Kharif,2600,2200,2950
Bajra,Jammu & Kashmir,2023,10,Kharif,2750,2350,3100
Bajra,Jharkhand,2020,8,Kharif,1900,1700,2300
Bajra,Jharkhand,2020,9,Kharif,1700,1550,1900
Bajra,Jharkhand,2020,10,Kharif,1850,1700,2100
Bajra,Jharkhand,2021,8,Kharif,1800,1650,2050
Bajra,Jharkhand,2021,9,Kharif,1950,1800,2200
Bajra,Jharkhand,2021,10,Kharif,1800,1650,2050
Bajra,Jharkhand,2022,8,Kharif,2100,1850,2450
Bajra,Jharkhand,2022,9,Kharif,2050,1750,2350
Bajra,Jharkhand,2022,10,Kharif,1950,1700,2250
Bajra,Jharkhand,2023,8,Kharif,2200,1950,2500
Bajra,Jharkhand,2023,9,Kharif,2150,1850,2500
Bajra,Jharkhand,2023,10,Kharif,2100,1800,2400
Bajra,Karnataka,2020,8,Kharif,1850,1650,2200
Bajra,Karnataka,2020,9,Kharif,1900,1700,2250
Bajra,Karnataka,2020,10,Kharif,1850,1650,2150
Bajra,Karnataka,2021,8,Kharif,2150,1850,2550
Bajra,Karnataka,2021,9,Kharif,2200,2050,2700
Bajra,Karnataka,2021,10,Kharif,2150,1900,2600
Bajra,Karnataka,2022,8,Kharif,2200,1900,2550
Bajra,Karnataka,2022,9,Kharif,2200,1900,2600
Bajra,Karnataka,2022,10,Kharif,2100,1900,2500
Bajra,Karnataka,2023,8,Kharif,2150,1850,2450
Bajra,Karnataka,2023,9,Kharif,2150,1850,2400
Bajra,Karnataka,2023,10,Kharif,2200,1900,2550
Bajra,Kerala,2020,8,Kharif,2250,2050,2500
Bajra,Kerala,2020,9,Kharif,2050,1800,2300
Bajra,Kerala,2020,10,Kharif,2000,1750,2300
Bajra,Kerala,2021,8,Kharif,2250,2000,2700
Bajra,Kerala,2021,9,Kharif,2400,2150,2700
Bajra,Kerala,2021,10,Kharif,2300,2000,2750
Bajra,Kerala,2022,8,Kharif,2200,2000,2650
Bajra,Kerala,2022,9,Kharif,2600,2300,2900
Bajra,Kerala,2022,10,Kharif,2400,2100,2900
Bajra,Kerala,2023,8,Kharif,2500,2150,2900
Bajra,Kerala,2023,9,Kharif,2550,2200,2950
Bajra,Kerala,2023,10,Kharif,2600,2250,3000
Bajra,Madhya Pradesh,2020,8,Kharif,1850,1600,2100
Bajra,Madhya Pradesh,2020,9,Kharif,2000,1750,2300
Bajra,Madhya Pradesh,2020,10,Kharif,1800,1600,2150
Bajra,Madhya Pradesh,2021,8,Kharif,1950,1750,2200
Bajra,Madhya Pradesh,2021,9,Kharif,2100,1900,2500
Bajra,Madhya Pradesh,2021,10,Kharif,2100,1800,2350
Bajra,Madhya Pradesh,2022,8,Kharif,2150,2000,2400
Bajra,Madhya Pradesh,2022,9,Kharif,2000,1700,2400
Bajra,Madhya Pradesh,2022,10,Kharif,2000,1800,2300
Bajra,Madhya Pradesh,2023,8,Kharif,2150,1950,2400
Bajra,Madhya Pradesh,2023,9,Kharif,2150,1850,2550
Bajra,Madhya Pradesh,2023,10,Kharif,2350,2150,2650
Bajra,Maharashtra,2020,8,Kharif,1900,1750,2250
Bajra,Maharashtra,2020,9,Kharif,2100,1800,2350
Bajra,Maharashtra,2020,10,Kharif,2200,2000,2700
Bajra,Maharashtra,2021,8,Kharif,2050,1800,2400
Bajra,Maharashtra,2021,9,Kharif,2300,2100,2800
Bajra,Maharashtra,2021,10,Kharif,2100,1850,2450
Bajra,Maharashtra,2022,8,Kharif,2150,1950,2600
Bajra,Maharashtra,2022,9,Kharif,2150,1950,2600
Bajra,Maharashtra,2022,10,Kharif,2200,1900,2600
Bajra,Maharashtra,2023,8,Kharif,2400,2200,2900
Bajra,Maharashtra,2023,9,Kharif,2300,2050,2600
Bajra,Maharashtra,2023,10,Kharif,2250,2000,2500
Bajra,Manipur,2020,8,Kharif,1900,1650,2100
Bajra,Manipur,2020,9,Kharif,2000,1750,2400
Bajra,Manipur,2020,10,Kharif,2000,1800,2350
Bajra,Manipur,2021,8,Kharif,2150,1900,2400
Bajra,Manipur,2021,9,Kharif,1850,1600,2100
Bajra,Manipur,2021,10,Kharif,1850,1700,2050
Bajra,Manipur,2022,8,Kharif,2100,1800,2500
Bajra,Manipur,2022,9,Kharif,2000,1750,2350
Bajra,Manipur,2022,10,Kharif,1950,1800,2250
Bajra,Manipur,2023,8,Kharif,2200,1950,2450
Bajra,Manipur,2023,9,Kharif,2250,1900,2600
Bajra,Manipur,2023,10,Kharif,2050,1900,2350
Bajra,Meghalaya,2020,8,Kharif,2000,1800,2250
Bajra,Meghalaya,2020,9,Kharif,1850,1650,2150
Bajra,Meghalaya,2020,10,Kharif,1850,1600,2150
Bajra,Meghalaya,2021,8,Kharif,1900,1650,2250
Bajra,Meghalaya,2021,9,Kharif,2100,1850,2550
Bajra,Meghalaya,2021,10,Kharif,1950,1700,2250
Bajra,Meghalaya,2022,8,Kharif,2000,1800,2250
Bajra,Meghalaya,2022,9,Kharif,2000,1750,2250
Bajra,Meghalaya,2022,10,Kharif,2200,1900,2500
Bajra,Meghalaya,2023,8,Kharif,2300,2100,2650
Bajra,Meghalaya,2023,9,Kharif,2400,2150,2800
Bajra,Meghalaya,2023,10,Kharif,2400,2150,2900
Bajra,Odisha,2020,8,Kharif,1750,1550,2100
Bajra,Odisha,2020,9,Kharif,1700,1450,1950
Bajra,Odisha,2020,10,Kharif,1950,1800,2250
Bajra,Odisha,2021,8,Kharif,1900,1600,2200
Bajra,Odisha,2021,9,Kharif,1850,1650,2200
Bajra,Odisha,2021,10,Kharif,1900,1650,2200
Bajra,Odisha,2022,8,Kharif,1900,1650,2100
Bajra,Odisha,2022,9,Kharif,2150,1850,2550
Bajra,Odisha,2022,10,Kharif,1900,1650,2200
Bajra,Odisha,2023,8,Kharif,2100,1950,2500
Bajra,Odisha,2023,9,Kharif,2200,1900,2600
Bajra,Odisha,2023,10,Kharif,2150,1950,2600
Bajra,Punjab,2020,8,Kharif,2150,1850,2400
Bajra,Punjab,2020,9,Kharif,2050,1800,2300
Bajra,Punjab,2020,10,Kharif,2100,1850,2500
Bajra,Punjab,2021,8,Kharif,2300,1950,2700
Bajra,Punjab,2021,9,Kharif,2350,2050,2750
Bajra,Punjab,2021,10,Kharif,2100,1800,2500
Bajra,Punjab,2022,8,Kharif,2350,2150,2700
Bajra,Punjab,2022,9,Kharif,2200,1950,2600
Bajra,Punjab,2022,10,Kharif,2300,2100,2550
Bajra,Punjab,2023,8,Kharif,2500,2300,2950
Bajra,Punjab,2023,9,Kharif,2300,1950,2800
Bajra,Punjab,2023,10,Kharif,2650,2250,3100
Bajra,Rajasthan,2020,8,Kharif,1950,1750,2200
Bajra,Rajasthan,2020,9,Kharif,1850,1650,2100
Bajra,Rajasthan,2020,10,Kharif,1800,1550,2100
Bajra,Rajasthan,2021,8,Kharif,2100,1900,2450
Bajra,Rajasthan,2021,9,Kharif,2000,1700,2300
Bajra,Rajasthan,2021,10,Kharif,2100,1900,2400
Bajra,Rajasthan,2022,8,Kharif,2250,2000,2700
Bajra,Rajasthan,2022,9,Kharif,2100,1850,2500
Bajra,Rajasthan,2022,10,Kharif,1950,1650,2350
Bajra,Rajasthan,2023,8,Kharif,2150,1900,2600
Bajra,Rajasthan,2023,9,Kharif,2150,1850,2600
Bajra,Rajasthan,2023,10,Kharif,2100,1900,2400
Bajra,Tamil Nadu,2020,8,Kharif,1950,1700,2250
Bajra,Tamil Nadu,2020,9,Kharif,1950,1750,2300
Bajra,Tamil Nadu,2020,10,Kharif,2200,2000,2550
Bajra,Tamil Nadu,2021,8,Kharif,2000,1750,2350
Bajra,Tamil Nadu,2021,9,Kharif,2100,1900,2350
Bajra,Tamil Nadu,2021,10,Kharif,2150,1850,2400
Bajra,Tamil Nadu,2022,8,Kharif,2400,2100,2800
Bajra,Tamil Nadu,2022,9,Kharif,2100,1900,2350
Bajra,Tamil Nadu,2022,10,Kharif,2250,2000,2650
Bajra,Tamil Nadu,2023,8,Kharif,2400,2150,2650
Bajra,Tamil Nadu,2023,9,Kharif,2350,2050,2800
Bajra,Tamil Nadu,2023,10,Kharif,2450,2150,2850
Bajra,Telangana,2020,8,Kharif,1900,1650,2150
Bajra,Telangana,2020,9,Kharif,2050,1800,2500
Bajra,Telangana,2020,10,Kharif,1950,1700,2300
Bajra,Telangana,2021,8,Kharif,1950,1750,2300
Bajra,Telangana,2021,9,Kharif,2050,1750,2300
Bajra,Telangana,2021,10,Kharif,2200,1950,2650
Bajra,Telangana,2022,8,Kharif,2000,1750,2350
Bajra,Telangana,2022,9,Kharif,2300,2000,2600
Bajra,Telangana,2022,10,Kharif,2200,1900,2550
Bajra,Telangana,2023,8,Kharif,2400,2050,2750
Bajra,Telangana,2023,9,Kharif,2200,2050,2650
Bajra,Telangana,2023,10,Kharif,2400,2150,2800
Bajra,Tripura,2020,8,Kharif,1800,1600,2050
Bajra,Tripura,2020,9,Kharif,2000,1850,2400
Bajra,Tripura,2020,10,Kharif,1800,1600,2000
Bajra,Tripura,2021,8,Kharif,2100,1800,2350
Bajra,Tripura,2021,9,Kharif,1950,1800,2300
Bajra,Tripura,2021,10,Kharif,2100,1800,2500
Bajra,Tripura,2022,8,Kharif,2000,1800,2400
Bajra,Tripura,2022,9,Kharif,2150,1850,2550
Bajra,Tripura,2022,10,Kharif,2000,1700,2250
Bajra,Tripura,2023,8,Kharif,2150,1950,2400
Bajra,Tripura,2023,9,Kharif,2100,1900,2500
Bajra,Tripura,2023,10,Kharif,2250,1950,2650
Bajra,Uttar Pradesh,2020,8,Kharif,1850,1600,2050
Bajra,Uttar Pradesh,2020,9,Kharif,2000,1850,2400
Bajra,Uttar Pradesh,2020,10,Kharif,1850,1650,2100
Bajra,Uttar Pradesh,2021,8,Kharif,1950,1750,2250
Bajra,Uttar Pradesh,2021,9,Kharif,2050,1850,2300
Bajra,Uttar Pradesh,2021,10,Kharif,1950,1700,2150
Bajra,Uttar Pradesh,2022,8,Kharif,2100,1850,2350
Bajra,Uttar Pradesh,2022,9,Kharif,2250,2050,2650
Bajra,Uttar Pradesh,2022,10,Kharif,2150,1950,2550
Bajra,Uttar Pradesh,2023,8,Kharif,2300,2100,2600
Bajra,Uttar Pradesh,2023,9,Kharif,2100,1850,2350
Bajra,Uttar Pradesh,2023,10,Kharif,2300,2000,2650
Bajra,Uttarakhand,2020,8,Kharif,2000,1800,2350
Bajra,Uttarakhand,2020,9,Kharif,1950,1750,2150
Bajra,Uttarakhand,2020,10,Kharif,1900,1750,2150
Bajra,Uttarakhand,2021,8,Kharif,1950,1650,2250
Bajra,Uttarakhand,2021,9,Kharif,2050,1900,2350
Bajra,Uttarakhand,2021,10,Kharif,2050,1750,2450
Bajra,Uttarakhand,2022,8,Kharif,2000,1800,2350
Bajra,Uttarakhand,2022,9,Kharif,2050,1750,2300
Bajra,Uttarakhand,2022,10,Kharif,2100,1850,2450
Bajra,Uttarakhand,2023,8,Kharif,2200,1900,2500
Bajra,Uttarakhand,2023,9,Kharif,2250,1950,2550
Bajra,Uttarakhand,2023,10,Kharif,2100,1900,2500
Bajra,West Bengal,2020,8,Kharif,2050,1850,2450
Bajra,West Bengal,2020,9,Kharif,1850,1650,2100
Bajra,West Bengal,2020,10,Kharif,2050,1900,2300
Bajra,West Bengal,2021,8,Kharif,2000,1700,2450
Bajra,West Bengal,2021,9,Kharif,2050,1800,2350
Bajra,West Bengal,2021,10,Kharif,2150,1900,2550
Bajra,West Bengal,2022,8,Kharif,2250,1950,2650
Bajra,West Bengal,2022,9,Kharif,2000,1750,2300
Bajra,West Bengal,2022,10,Kharif,2150,1850,2600
Bajra,West Bengal,2023,8,Kharif,2150,1950,2600
Bajra,West Bengal,2023,9,Kharif,2050,1800,2300
Bajra,West Bengal,2023,10,Kharif,2150,1900,2450
Brinjal,Andhra Pradesh,2020,1,Rabi,1100,950,1250
Brinjal,Andhra Pradesh,2020,2,Rabi,1150,1000,1350
Brinjal,Andhra Pradesh,2020,3,Rabi,1000,900,1150
Brinjal,Andhra Pradesh,2020,7,Kharif,950,750,1150
Brinjal,Andhra Pradesh,2020,8,Kharif,1200,1100,1400
Brinjal,Andhra Pradesh,2020,9,Kharif,1150,1050,1400
Brinjal,Andhra Pradesh,2021,1,Rabi,1100,1000,1350
Brinjal,Andhra Pradesh,2021,2,Rabi,1050,950,1150
Brinjal,Andhra Pradesh,2021,3,Rabi,1100,950,1250
Brinjal,Andhra Pradesh,2021,7,Kharif,1100,1000,1300
Brinjal,Andhra Pradesh,2021,8,Kharif,1100,950,1350
Brinjal,Andhra Pradesh,2021,9,Kharif,1250,1150,1500
Brinjal,Andhra Pradesh,2022,1,Rabi,1350,1200,1550
Brinjal,Andhra Pradesh,2022,2,Rabi,1250,1150,1500
Brinjal,Andhra Pradesh,2022,3,Rabi,1050,950,1200
Brinjal,Andhra Pradesh,2022,7,Kharif,1100,1000,1350
Brinjal,Andhra Pradesh,2022,8,Kharif,1250,1100,1400
Brinjal,Andhra Pradesh,2022,9,Kharif,1300,1150,1600
Brinjal,Andhra Pradesh,2023,1,Rabi,1400,1250,1650
Brinjal,Andhra Pradesh,2023,2,Rabi,1150,1050,1350
Brinjal,Andhra Pradesh,2023,3,Rabi,1250,1050,1450
Brinjal,Andhra Pradesh,2023,7,Kharif,1250,1050,1500
Brinjal,Andhra Pradesh,2023,8,Kharif,1300,1200,1450
Brinjal,Andhra Pradesh,2023,9,Kharif,1150,1000,1300
Brinjal,Assam,2020,1,Rabi,1000,850,1150
Brinjal,Assam,2020,2,Rabi,1050,900,1250
Brinjal,Assam,2020,3,Rabi,950,750,1150
Brinjal,Assam,2020,7,Kharif,1150,1000,1350
Brinjal,Assam,2020,8,Kharif,1000,850,1200
Brinjal,Assam,2020,9,Kharif,1100,950,1300
Brinjal,Assam,2021,1,Rabi,1150,1050,1400
Brinjal,Assam,2021,2,Rabi,1100,1000,1300
Brinjal,Assam,2021,3,Rabi,1200,1100,1450
Brinjal,Assam,2021,7,Kharif,1100,1000,1300
Brinjal,Assam,2021,8,Kharif,1000,900,1150
Brinjal,Assam,2021,9,Kharif,1150,1000,1400
Brinjal,Assam,2022,1,Rabi,1250,1100,1450
Brinjal,Assam,2022,2,Rabi,1200,1100,1400
Brinjal,Assam,2022,3,Rabi,1050,900,1200
Brinjal,Assam,2022,7,Kharif,1250,1050,1450
Brinjal,Assam,2022,8,Kharif,1150,1000,1300
Brinjal,Assam,2022,9,Kharif,1200,1050,1450
Brinjal,Assam,2023,1,Rabi,1200,1000,1350
Brinjal,Assam,2023,2,Rabi,1250,1150,1450
Brinjal,Assam,2023,3,Rabi,1350,1250,1600
Brinjal,Assam,2023,7,Kharif,1150,1050,1300
Brinjal,Assam,2023,8,Kharif,1150,1050,1350
Brinjal,Assam,2023,9,Kharif,1350,1200,1650
Brinjal,Bihar,2020,1,Rabi,1100,1000,1300
Brinjal,Bihar,2020,2,Rabi,1050,950,1150
Brinjal,Bihar,2020,3,Rabi,1100,1000,1250
Brinjal,Bihar,2020,7,Kharif,950,750,1100
Brinjal,Bihar,2020,8,Kharif,1000,850,1200
Brinjal,Bihar,2020,9,Kharif,1050,900,1150
Brinjal,Bihar,2021,1,Rabi,1150,1050,1350
Brinjal,Bihar,2021,2,Rabi,950,800,1100
Brinjal,Bihar,2021,3,Rabi,1150,1000,1300
Brinjal,Bihar,2021,7,Kharif,1100,950,1250
Brinjal,Bihar,2021,8,Kharif,1150,1050,1300
Brinjal,Bihar,2021,9,Kharif,1050,950,1250
Brinjal,Bihar,2022,1,Rabi,1000,900,1150
Brinjal,Bihar,2022,2,Rabi,1200,1100,1350
Brinjal,Bihar,2022,3,Rabi,1150,1050,1350
Brinjal,Bihar,2022,7,Kharif,1050,950,1250
Brinjal,Bihar,2022,8,Kharif,1200,1100,1450
Brinjal,Bihar,2022,9,Kharif,1000,900,1200
Brinjal,Bihar,2023,1,Rabi,1000,850,1100
Brinjal,Bihar,2023,2,Rabi,1050,950,1300
Brinjal,Bihar,2023,3,Rabi,1150,1050,1400
Brinjal,Bihar,2023,7,Kharif,1200,1050,1450
Brinjal,Bihar,2023,8,Kharif,1000,850,1100
Brinjal,Bihar,2023,9,Kharif,1250,1150,1500
Brinjal,Chhattisgarh,2020,1,Rabi,1000,900,1200
Brinjal,Chhattisgarh,2020,2,Rabi,1000,900,1150
Brinjal,Chhattisgarh,2020,3,Rabi,1050,950,1200
Brinjal,Chhattisgarh,2020,7,Kharif,1100,950,1250
Brinjal,Chhattisgarh,2020,8,Kharif,1100,950,1250
Brinjal,Chhattisgarh,2020,9,Kharif,1100,1000,1300
Brinjal,Chhattisgarh,2021,1,Rabi,1050,900,1250
Brinjal,Chhattisgarh,2021,2,Rabi,1000,850,1200
Brinjal,Chhattisgarh,2021,3,Rabi,1200,1050,1350
Brinjal,Chhattisgarh,2021,7,Kharif,1150,1050,1350
Brinjal,Chhattisgarh,2021,8,Kharif,1150,1050,1400
Brinjal,Chhattisgarh,2021,9,Kharif,1200,1050,1400
Brinjal,Chhattisgarh,2022,1,Rabi,1300,1150,1500
Brinjal,Chhattisgarh,2022,2,Rabi,1050,950,1200
Brinjal,Chhattisgarh,2022,3,Rabi,1200,1050,1450
Brinjal,Chhattisgarh,2022,7,Kharif,1050,950,1200
Brinjal,Chhattisgarh,2022,8,Kharif,1150,1050,1350
Brinjal,Chhattisgarh,2022,9,Kharif,1200,1050,1400
Brinjal,Chhattisgarh,2023,1,Rabi,1300,1150,1550
Brinjal,Chhattisgarh,2023,2,Rabi,1300,1150,1450
Brinjal,Chhattisgarh,2023,3,Rabi,1300,1150,1450
Brinjal,Chhattisgarh,2023,7,Kharif,1150,1050,1400
Brinjal,Chhattisgarh,2023,8,Kharif,1200,1050,1400
Brinjal,Chhattisgarh,2023,9,Kharif,1150,1050,1350
Brinjal,Goa,2020,1,Rabi,1350,1250,1650
Brinjal,Goa,2020,2,Rabi,1300,1150,1500
Brinjal,Goa,2020,3,Rabi,1350,1200,1500
Brinjal,Goa,2020,7,Kharif,1300,1100,1500
Brinjal,Goa,2020,8,Kharif,1200,1100,1450
Brinjal,Goa,2020,9,Kharif,1100,1000,1250
Brinjal,Goa,2021,1,Rabi,1300,1150,1550
Brinjal,Goa,2021,2,Rabi,1250,1150,1450
Brinjal,Goa,2021,3,Rabi,1350,1250,1500
Brinjal,Goa,2021,7,Kharif,1150,1050,1300
Brinjal,Goa,2021,8,Kharif,1200,1100,1350
Brinjal,Goa,2021,9,Kharif,1250,1150,1450
Brinjal,Goa,2022,1,Rabi,1500,1350,1800
Brinjal,Goa,2022,2,Rabi,1350,1150,1600
Brinjal,Goa,2022,3,Rabi,1200,1100,1350
Brinjal,Goa,2022,7,Kharif,1400,1300,1700
Brinjal,Goa,2022,8,Kharif,1400,1250,1700
Brinjal,Goa,2022,9,Kharif,1550,1400,1750
Brinjal,Goa,2023,1,Rabi,1500,1400,1800
Brinjal,Goa,2023,2,Rabi,1300,1200,1550
Brinjal,Goa,2023,3,Rabi,1400,1250,1550
Brinjal,Goa,2023,7,Kharif,1500,1300,1800
Brinjal,Goa,2023,8,Kharif,1500,1350,1750
Brinjal,Goa,2023,9,Kharif,1550,1350,1900
Brinjal,Gujarat,2020,1,Rabi,1000,850,1100
Brinjal,Gujarat,2020,2,Rabi,1000,850,1200
Brinjal,Gujarat,2020,3,Rabi,1100,1000,1300
Brinjal,Gujarat,2020,7,Kharif,950,800,1100
Brinjal,Gujarat,2020,8,Kharif,1150,1050,1300
Brinjal,Gujarat,2020,9,Kharif,950,800,1150
Brinjal,Gujarat,2021,1,Rabi,1200,1050,1400
Brinjal,Gujarat,2021,2,Rabi,1050,900,1200
Brinjal,Gujarat,2021,3,Rabi,1300,1200,1550
Brinjal,Gujarat,2021,7,Kharif,1150,1050,1350
Brinjal,Gujarat,2021,8,Kharif,1050,950,1300
Brinjal,Gujarat,2021,9,Kharif,1000,850,1100
Brinjal,Gujarat,2022,1,Rabi,1050,950,1250
Brinjal,Gujarat,2022,2,Rabi,1300,1150,1500
Brinjal,Gujarat,2022,3,Rabi,1150,1000,1300
Brinjal,Gujarat,2022,7,Kharif,1100,950,1350
Brinjal,Gujarat,2022,8,Kharif,1250,1100,1500
Brinjal,Gujarat,2022,9,Kharif,1200,1050,1400
Brinjal,Gujarat,2023,1,Rabi,1400,1250,1550
Brinjal,Gujarat,2023,2,Rabi,1300,1150,1500
Brinjal,Gujarat,2023,3,Rabi,1150,1000,1400
Brinjal,Gujarat,2023,7,Kharif,1200,1050,1350
Brinjal,Gujarat,2023,8,Kharif,1200,1100,1400
Brinjal,Gujarat,2023,9,Kharif,1300,1150,1500
Brinjal,Haryana,2020,1,Rabi,1200,1100,1450
Brinjal,Haryana,2020,2,Rabi,1250,1150,1500
Brinjal,Haryana,2020,3,Rabi,1150,1050,1350
Brinjal,Haryana,2020,7,Kharif,1000,900,1200
Brinjal,Haryana,2020,8,Kharif,1000,900,1150
Brinjal,Haryana,2020,9,Kharif,1150,1050,1400
Brinjal,Haryana,2021,1,Rabi,1300,1200,1600
Brinjal,Haryana,2021,2,Rabi,1250,1100,1500
Brinjal,Haryana,2021,3,Rabi,1050,950,1200
Brinjal,Haryana,2021,7,Kharif,1100,1000,1300
Brinjal,Haryana,2021,8,Kharif,1350,1200,1500
Brinjal,Haryana,2021,9,Kharif,1200,1050,1350
Brinjal,Haryana,2022,1,Rabi,1200,1050,1400
Brinjal,Haryana,2022,2,Rabi,1150,1000,1350
Brinjal,Haryana,2022,3,Rabi,1300,1200,1500
Brinjal,Haryana,2022,7,Kharif,1400,1250,1700
Brinjal,Haryana,2022,8,Kharif,1150,1000,1300
Brinjal,Haryana,2022,9,Kharif,1150,1000,1400
Brinjal,Haryana,2023,1,Rabi,1200,1050,1450
Brinjal,Haryana,2023,2,Rabi,1200,1050,1450
Brinjal,Haryana,2023,3,Rabi,1350,1200,1600
Brinjal,Haryana,2023,7,Kharif,1500,1350,1800
Brinjal,Haryana,2023,8,Kharif,1350,1150,1550
Brinjal,Haryana,2023,9,Kharif,1150,1050,1350
Brinjal,Himachal Pradesh,2020,1,Rabi,1150,1050,1350
Brinjal,Himachal Pradesh,2020,2,Rabi,1200,1050,1400
Brinjal,Himachal Pradesh,2020,3,Rabi,1100,950,1300
Brinjal,Himachal Pradesh,2020,7,Kharif,1100,950,1300
Brinjal,Himachal Pradesh,2020,8,Kharif,1250,1150,1450
Brinjal,Himachal Pradesh,2020,9,Kharif,1150,1000,1350
Brinjal,Himachal Pradesh,2021,1,Rabi,1100,950,1300
Brinjal,Himachal Pradesh,2021,2,Rabi,1150,1000,1400
Brinjal,Himachal Pradesh,2021,3,Rabi,1100,950,1300
Brinjal,Himachal Pradesh,2021,7,Kharif,1100,1000,1300
Brinjal,Himachal Pradesh,2021,8,Kharif,1050,950,1250
Brinjal,Himachal Pradesh,2021,9,Kharif,1100,1000,1300
Brinjal,Himachal Pradesh,2022,1,Rabi,1200,1000,1400
Brinjal,Himachal Pradesh,2022,2,Rabi,1150,1000,1300
Brinjal,Himachal Pradesh,2022,3,Rabi,1350,1150,1550
Brinjal,Himachal Pradesh,2022,7,Kharif,1150,1000,1400
Brinjal,Himachal Pradesh,2022,8,Kharif,1200,1000,1350
Brinjal,Himachal Pradesh,2022,9,Kharif,1200,1100,1400
Brinjal,Himachal Pradesh,2023,1,Rabi,1450,1250,1750
Brinjal,Himachal Pradesh,2023,2,Rabi,1350,1200,1550
Brinjal,Himachal Pradesh,2023,3,Rabi,1300,1150,1550
Brinjal,Himachal Pradesh,2023,7,Kharif,1450,1250,1700
Brinjal,Himachal Pradesh,2023,8,Kharif,1350,1200,1550
Brinjal,Himachal Pradesh,2023,9,Kharif,1150,1000,1300
Brinjal,Jammu & Kashmir,2020,1,Rabi,1150,1000,1350
Brinjal,Jammu & Kashmir,2020,2,Rabi,1350,1200,1550
Brinjal,Jammu & Kashmir,2020,3,Rabi,1150,1050,1350
Brinjal,Jammu & Kashmir,2020,7,Kharif,1050,950,1250
Brinjal,Jammu & Kashmir,2020,8,Kharif,1050,950,1250
Brinjal,Jammu & Kashmir,2020,9,Kharif,1200,1050,1350
Brinjal,Jammu & Kashmir,2021,1,Rabi,1250,1100,1400
Brinjal,Jammu & Kashmir,2021,2,Rabi,1300,1200,1450
Brinjal,Jammu & Kashmir,2021,3,Rabi,1300,1200,1500
Brinjal,Jammu & Kashmir,2021,7,Kharif,1250,1150,1450
Brinjal,Jammu & Kashmir,2021,8,Kharif,1200,1050,1350
Brinjal,Jammu & Kashmir,2021,9,Kharif,1250,1050,1500
Brinjal,Jammu & Kashmir,2022,1,Rabi,1300,1150,1500
Brinjal,Jammu & Kashmir,2022,2,Rabi,1350,1200,1600
Brinjal,Jammu & Kashmir,2022,3,Rabi,1450,1350,1650
Brinjal,Jammu & Kashmir,2022,7,Kharif,1350,1150,1550
Brinjal,Jammu & Kashmir,2022,8,Kharif,1300,1200,1450
Brinjal,Jammu & Kashmir,2022,9,Kharif,1300,1150,1550
Brinjal,Jammu & Kashmir,2023,1,Rabi,1250,1100,1450
Brinjal,Jammu & Kashmir,2023,2,Rabi,1300,1150,1500
Brinjal,Jammu & Kashmir,2023,3,Rabi,1350,1250,1600
Brinjal,Jammu & Kashmir,2023,7,Kharif,1250,1050,1500
Brinjal,Jammu & Kashmir,2023,8,Kharif,1500,1300,1750
Brinjal,Jammu & Kashmir,2023,9,Kharif,1350,1150,1600
Brinjal,Jharkhand,2020,1,Rabi,1150,1050,1300
Brinjal,Jharkhand,2020,2,Rabi,1150,1050,1350
Brinjal,Jharkhand,2020,3,Rabi,1100,1000,1250
Brinjal,Jharkhand,2020,7,Kharif,1000,850,1150
Brinjal,Jharkhand,2020,8,Kharif,1000,900,1200
Brinjal,Jharkhand,2020,9,Kharif,950,800,1200
Brinjal,Jharkhand,2021,1,Rabi,1200,1050,1350
Brinjal,Jharkhand,2021,2,Rabi,1150,1000,1350
Brinjal,Jharkhand,2021,3,Rabi,1150,1050,1300
Brinjal,Jharkhand,2021,7,Kharif,1000,900,1100
Brinjal,Jharkhand,2021,8,Kharif,950,800,1200
Brinjal,Jharkhand,2021,9,Kharif,950,750,1100
Brinjal,Jharkhand,2022,1,Rabi,1200,1000,1400
Brinjal,Jharkhand,2022,2,Rabi,1150,1000,1300
Brinjal,Jharkhand,2022,3,Rabi,1150,1050,1350
Brinjal,Jharkhand,2022,7,Kharif,1050,900,1200
Brinjal,Jharkhand,2022,8,Kharif,1100,950,1250
Brinjal,Jharkhand,2022,9,Kharif,1150,1050,1300
Brinjal,Jharkhand,2023,1,Rabi,1300,1200,1550
Brinjal,Jharkhand,2023,2,Rabi,1150,1000,1350
Brinjal,Jharkhand,2023,3,Rabi,1250,1100,1450
Brinjal,Jharkhand,2023,7,Kharif,1100,950,1250
Brinjal,Jharkhand,2023,8,Kharif,1250,1050,1500
Brinjal,Jharkhand,2023,9,Kharif,1350,1200,1650
Brinjal,Karnataka,2020,1,Rabi,1150,1000,1400
Brinjal,Karnataka,2020,2,Rabi,1000,900,1200
Brinjal,Karnataka,2020,3,Rabi,1050,950,1250
Brinjal,Karnataka,2020,7,Kharif,1050,950,1200
Brinjal,Karnataka,2020,8,Kharif,950,850,1150
Brinjal,Karnataka,2020,9,Kharif,1150,1000,1350
Brinjal,Karnataka,2021,1,Rabi,1250,1100,1450
Brinjal,Karnataka,2021,2,Rabi,1200,1050,1400
Brinjal,Karnataka,2021,3,Rabi,1150,1000,1350
Brinjal,Karnataka,2021,7,Kharif,1250,1100,1500
Brinjal,Karnataka,2021,8,Kharif,1150,1000,1400
Brinjal,Karnataka,2021,9,Kharif,1250,1100,1500
Brinjal,Karnataka,2022,1,Rabi,1200,1050,1350
Brinjal,Karnataka,2022,2,Rabi,1150,1000,1350
Brinjal,Karnataka,2022,3,Rabi,1200,1100,1350
Brinjal,Karnataka,2022,7,Kharif,1100,1000,1300
Brinjal,Karnataka,2022,8,Kharif,1300,1150,1550
Brinjal,Karnataka,2022,9,Kharif,1100,1000,1300
Brinjal,Karnataka,2023,1,Rabi,1350,1200,1600
Brinjal,Karnataka,2023,2,Rabi,1400,1250,1700
Brinjal,Karnataka,2023,3,Rabi,1300,1150,1600
Brinjal,Karnataka,2023,7,Kharif,1100,1000,1300
Brinjal,Karnataka,2023,8,Kharif,1150,1000,1300
Brinjal,Karnataka,2023,9,Kharif,1200,1100,1350
Brinjal,Kerala,2020,1,Rabi,1150,1050,1350
Brinjal,Kerala,2020,2,Rabi,1200,1050,1400
Brinjal,Kerala,2020,3,Rabi,1200,1050,1400
Brinjal,Kerala,2020,7,Kharif,1050,900,1250
Brinjal,Kerala,2020,8,Kharif,1000,900,1150
Brinjal,Kerala,2020,9,Kharif,1000,900,1200
Brinjal,Kerala,2021,1,Rabi,1200,1050,1400
Brinjal,Kerala,2021,2,Rabi,1150,1050,1400
Brinjal,Kerala,2021,3,Rabi,1050,950,1250
Brinjal,Kerala,2021,7,Kharif,1100,1000,1250
Brinjal,Kerala,2021,8,Kharif,1300,1100,1500
Brinjal,Kerala,2021,9,Kharif,1150,1000,1350
Brinjal,Kerala,2022,1,Rabi,1250,1100,1450
Brinjal,Kerala,2022,2,Rabi,1150,1000,1350
Brinjal,Kerala,2022,3,Rabi,1250,1050,1400
Brinjal,Kerala,2022,7,Kharif,1300,1100,1500
Brinjal,Kerala,2022,8,Kharif,1350,1200,1650
Brinjal,Kerala,2022,9,Kharif,1400,1250,1600
Brinjal,Kerala,2023,1,Rabi,1500,1300,1800
Brinjal,Kerala,2023,2,Rabi,1450,1350,1600
Brinjal,Kerala,2023,3,Rabi,1450,1350,1700
Brinjal,Kerala,2023,7,Kharif,1250,1100,1500
Brinjal,Kerala,2023,8,Kharif,1250,1100,1400
Brinjal,Kerala,2023,9,Kharif,1400,1250,1650
Brinjal,Madhya Pradesh,2020,1,Rabi,900,800,1150
Brinjal,Madhya Pradesh,2020,2,Rabi,1100,950,1250
Brinjal,Madhya Pradesh,2020,3,Rabi,950,800,1200
Brinjal,Madhya Pradesh,2020,7,Kharif,950,850,1150
Brinjal,Madhya Pradesh,2020,8,Kharif,1100,1000,1250
Brinjal,Madhya Pradesh,2020,9,Kharif,1100,1000,1350
Brinjal,Madhya Pradesh,2021,1,Rabi,1050,950,1200
Brinjal,Madhya Pradesh,2021,2,Rabi,1200,1050,1400
Brinjal,Madhya Pradesh,2021,3,Rabi,1100,1000,1250
Brinjal,Madhya Pradesh,2021,7,Kharif,1000,900,1200
Brinjal,Madhya Pradesh,2021,8,Kharif,1100,950,1200
Brinjal,Madhya Pradesh,2021,9,Kharif,1000,900,1200
Brinjal,Madhya Pradesh,2022,1,Rabi,1150,1050,1350
Brinjal,Madhya Pradesh,2022,2,Rabi,1100,1000,1250
Brinjal,Madhya Pradesh,2022,3,Rabi,1100,950,1300
Brinjal,Madhya Pradesh,2022,7,Kharif,1000,900,1150
Brinjal,Madhya Pradesh,2022,8,Kharif,1300,1200,1450
Brinjal,Madhya Pradesh,2022,9,Kharif,1200,1050,1450
Brinjal,Madhya Pradesh,2023,1,Rabi,1150,1050,1350
Brinjal,Madhya Pradesh,2023,2,Rabi,1300,1150,1500
Brinjal,Madhya Pradesh,2023,3,Rabi,1100,1000,1350
Brinjal,Madhya Pradesh,2023,7,Kharif,1150,1000,1300
Brinjal,Madhya Pradesh,2023,8,Kharif,1050,900,1250
Brinjal,Madhya Pradesh,2023,9,Kharif,1300,1150,1450
Brinjal,Maharashtra,2020,1,Rabi,1200,1100,1400
Brinjal,Maharashtra,2020,2,Rabi,1300,1200,1500
Brinjal,Maharashtra,2020,3,Rabi,1150,1000,1350
Brinjal,Maharashtra,2020,7,Kharif,1100,950,1300
Brinjal,Maharashtra,2020,8,Kharif,1050,950,1300
Brinjal,Maharashtra,2020,9,Kharif,1050,950,1250
Brinjal,Maharashtra,2021,1,Rabi,1250,1100,1400
Brinjal,Maharashtra,2021,2,Rabi,1150,1000,1400
Brinjal,Maharashtra,2021,3,Rabi,1050,900,1200
Brinjal,Maharashtra,2021,7,Kharif,1300,1150,1500
Brinjal,Maharashtra,2021,8,Kharif,1350,1200,1600
Brinjal,Maharashtra,2021,9,Kharif,1300,1200,1450
Brinjal,Maharashtra,2022,1,Rabi,1200,1050,1450
Brinjal,Maharashtra,2022,2,Rabi,1250,1050,1500
Brinjal,Maharashtra,2022,3,Rabi,1350,1150,1500
Brinjal,Maharashtra,2022,7,Kharif,1250,1150,1450
Brinjal,Maharashtra,2022,8,Kharif,1400,1200,1600
Brinjal,Maharashtra,2022,9,Kharif,1200,1050,1450
Brinjal,Maharashtra,2023,1,Rabi,1450,1250,1700
Brinjal,Maharashtra,2023,2,Rabi,1200,1100,1350
Brinjal,Maharashtra,2023,3,Rabi,1400,1300,1600
Brinjal,Maharashtra,2023,7,Kharif,1250,1150,1500
Brinjal,Maharashtra,2023,8,Kharif,1350,1200,1650
Brinjal,Maharashtra,2023,9,Kharif,1450,1300,1700
Brinjal,Manipur,2020,1,Rabi,1050,900,1200
Brinjal,Manipur,2020,2,Rabi,1050,900,1200
Brinjal,Manipur,2020,3,Rabi,1050,900,1250
Brinjal,Manipur,2020,7,Kharif,1000,850,1150
Brinjal,Manipur,2020,8,Kharif,1050,900,1250
Brinjal,Manipur,2020,9,Kharif,950,850,1200
Brinjal,Manipur,2021,1,Rabi,1000,850,1200
Brinjal,Manipur,2021,2,Rabi,1000,850,1100
Brinjal,Manipur,2021,3,Rabi,1200,1050,1450
Brinjal,Manipur,2021,7,Kharif,1000,900,1150
Brinjal,Manipur,2021,8,Kharif,1000,900,1100
Brinjal,Manipur,2021,9,Kharif,1000,850,1150
Brinjal,Manipur,2022,1,Rabi,1150,1050,1350
Brinjal,Manipur,2022,2,Rabi,1250,1150,1500
Brinjal,Manipur,2022,3,Rabi,1000,850,1100
Brinjal,Manipur,2022,7,Kharif,1100,1000,1300
Brinjal,Manipur,2022,8,Kharif,1150,1000,1400
Brinjal,Manipur,2022,9,Kharif,1050,950,1250
Brinjal,Manipur,2023,1,Rabi,1200,1050,1450
Brinjal,Manipur,2023,2,Rabi,1100,950,1250
Brinjal,Manipur,2023,3,Rabi,1250,1100,1400
Brinjal,Manipur,2023,7,Kharif,1050,950,1250
Brinjal,Manipur,2023,8,Kharif,1350,1200,1600
Brinjal,Manipur,2023,9,Kharif,1050,900,1200
Brinjal,Meghalaya,2020,1,Rabi,950,750,1100
Brinjal,Meghalaya,2020,2,Rabi,950,800,1200
Brinjal,Meghalaya,2020,3,Rabi,1200,1000,1450
Brinjal,Meghalaya,2020,7,Kharif,1100,950,1300
Brinjal,Meghalaya,2020,8,Kharif,1150,1050,1400
Brinjal,Meghalaya,2020,9,Kharif,950,750,1200
Brinjal,Meghalaya,2021,1,Rabi,1250,1100,1450
Brinjal,Meghalaya,2021,2,Rabi,1000,850,1150
Brinjal,Meghalaya,2021,3,Rabi,1100,950,1350
Brinjal,Meghalaya,2021,7,Kharif,1250,1150,1400
Brinjal,Meghalaya,2021,8,Kharif,1100,950,1350
Brinjal,Meghalaya,2021,9,Kharif,1150,1050,1300
Brinjal,Meghalaya,2022,1,Rabi,1200,1100,1400
Brinjal,Meghalaya,2022,2,Rabi,1150,1050,1350
Brinjal,Meghalaya,2022,3,Rabi,1100,950,1350
Brinjal,Meghalaya,2022,7,Kharif,1100,950,1300
Brinjal,Meghalaya,2022,8,Kharif,1350,1250,1550
Brinjal,Meghalaya,2022,9,Kharif,1350,1200,1600
Brinjal,Meghalaya,2023,1,Rabi,1300,1200,1500
Brinjal,Meghalaya,2023,2,Rabi,1200,1050,1350
Brinjal,Meghalaya,2023,3,Rabi,1200,1050,1450
Brinjal,Meghalaya,2023,7,Kharif,1250,1100,1450
Brinjal,Meghalaya,2023,8,Kharif,1150,1000,1300
Brinjal,Meghalaya,2023,9,Kharif,1300,1150,1550
Brinjal,Odisha,2020,1,Rabi,1050,900,1250
Brinjal,Odisha,2020,2,Rabi,1000,900,1150
Brinjal,Odisha,2020,3,Rabi,1050,950,1200
Brinjal,Odisha,2020,7,Kharif,1000,900,1100
Brinjal,Odisha,2020,8,Kharif,1000,900,1200
Brinjal,Odisha,2020,9,Kharif,950,750,1100
Brinjal,Odisha,2021,1,Rabi,1050,950,1250
Brinjal,Odisha,2021,2,Rabi,1150,1000,1350
Brinjal,Odisha,2021,3,Rabi,1200,1050,1450
Brinjal,Odisha,2021,7,Kharif,1200,1050,1350
Brinjal,Odisha,2021,8,Kharif,1100,950,1250
Brinjal,Odisha,2021,9,Kharif,1000,900,1100
Brinjal,Odisha,2022,1,Rabi,1150,1050,1300
Brinjal,Odisha,2022,2,Rabi,1250,1050,1450
Brinjal,Odisha,2022,3,Rabi,1150,1050,1300
Brinjal,Odisha,2022,7,Kharif,1250,1150,1450
Brinjal,Odisha,2022,8,Kharif,1100,1000,1300
Brinjal,Odisha,2022,9,Kharif,1050,900,1250
Brinjal,Odisha,2023,1,Rabi,1100,1000,1250
Brinjal,Odisha,2023,2,Rabi,1100,1000,1300
Brinjal,Odisha,2023,3,Rabi,1200,1050,1400
Brinjal,Odisha,2023,7,Kharif,1200,1100,1400
Brinjal,Odisha,2023,8,Kharif,1150,1000,1300
Brinjal,Odisha,2023,9,Kharif,1100,1000,1300
Brinjal,Punjab,2020,1,Rabi,1150,1000,1300
Brinjal,Punjab,2020,2,Rabi,1050,950,1200
Brinjal,Punjab,2020,3,Rabi,1100,950,1250
Brinjal,Punjab,2020,7,Kharif,1200,1100,1400
Brinjal,Punjab,2020,8,Kharif,1100,1000,1200
Brinjal,Punjab,2020,9,Kharif,1050,900,1200
Brinjal,Punjab,2021,1,Rabi,1100,950,1300
Brinjal,Punjab,2021,2,Rabi,1250,1100,1450
Brinjal,Punjab,2021,3,Rabi,1150,1000,1300
Brinjal,Punjab,2021,7,Kharif,1150,1050,1400
Brinjal,Punjab,2021,8,Kharif,1250,1050,1400
Brinjal,Punjab,2021,9,Kharif,1250,1150,1500
Brinjal,Punjab,2022,1,Rabi,1400,1300,1600
Brinjal,Punjab,2022,2,Rabi,1300,1150,1500
Brinjal,Punjab,2022,3,Rabi,1300,1150,1550
Brinjal,Punjab,2022,7,Kharif,1150,1050,1400
Brinjal,Punjab,2022,8,Kharif,1350,1250,1600
Brinjal,Punjab,2022,9,Kharif,1450,1300,1650
Brinjal,Punjab,2023,1,Rabi,1400,1200,1600
Brinjal,Punjab,2023,2,Rabi,1350,1200,1600
Brinjal,Punjab,2023,3,Rabi,1400,1250,1550
Brinjal,Punjab,2023,7,Kharif,1500,1300,1850
Brinjal,Punjab,2023,8,Kharif,1250,1100,1400
Brinjal,Punjab,2023,9,Kharif,1450,1300,1650
Brinjal,Rajasthan,2020,1,Rabi,1050,900,1200
Brinjal,Rajasthan,2020,2,Rabi,1000,850,1200
Brinjal,Rajasthan,2020,3,Rabi,1000,900,1150
Brinjal,Rajasthan,2020,7,Kharif,1000,900,1200
Brinjal,Rajasthan,2020,8,Kharif,1050,950,1200
Brinjal,Rajasthan,2020,9,Kharif,1000,850,1150
Brinjal,Rajasthan,2021,1,Rabi,1150,1050,1400
Brinjal,Rajasthan,2021,2,Rabi,1050,900,1250
Brinjal,Rajasthan,2021,3,Rabi,1200,1050,1400
Brinjal,Rajasthan,2021,7,Kharif,1200,1100,1400
Brinjal,Rajasthan,2021,8,Kharif,1150,1000,1400
Brinjal,Rajasthan,2021,9,Kharif,1200,1050,1350
Brinjal,Rajasthan,2022,1,Rabi,1200,1050,1400
Brinjal,Rajasthan,2022,2,Rabi,1150,1050,1300
Brinjal,Rajasthan,2022,3,Rabi,1050,900,1250
Brinjal,Rajasthan,2022,7,Kharif,1000,850,1200
Brinjal,Rajasthan,2022,8,Kharif,1200,1050,1400
Brinjal,Rajasthan,2022,9,Kharif,1200,1100,1450
Brinjal,Rajasthan,2023,1,Rabi,1100,950,1250
Brinjal,Rajasthan,2023,2,Rabi,1100,950,1250
Brinjal,Rajasthan,2023,3,Rabi,1150,1050,1400
Brinjal,Rajasthan,2023,7,Kharif,1050,950,1200
Brinjal,Rajasthan,2023,8,Kharif,1250,1100,1500
Brinjal,Rajasthan,2023,9,Kharif,1200,1050,1400
Brinjal,Tamil Nadu,2020,1,Rabi,1250,1050,1400
Brinjal,Tamil Nadu,2020,2,Rabi,1150,1050,1400
Brinjal,Tamil Nadu,2020,3,Rabi,1200,1050,1350
Brinjal,Tamil Nadu,2020,7,Kharif,1150,1000,1400
Brinjal,Tamil Nadu,2020,8,Kharif,1050,900,1300
Brinjal,Tamil Nadu,2020,9,Kharif,950,750,1200
Brinjal,Tamil Nadu,2021,1,Rabi,1050,950,1250
Brinjal,Tamil Nadu,2021,2,Rabi,1050,950,1250
Brinjal,Tamil Nadu,2021,3,Rabi,1100,950,1250
Brinjal,Tamil Nadu,2021,7,Kharif,1300,1150,1550
Brinjal,Tamil Nadu,2021,8,Kharif,1250,1100,1450
Brinjal,Tamil Nadu,2021,9,Kharif,1300,1150,1550
Brinjal,Tamil Nadu,2022,1,Rabi,1350,1200,1600
Brinjal,Tamil Nadu,2022,2,Rabi,1150,1000,1300
Brinjal,Tamil Nadu,2022,3,Rabi,1250,1150,1500
Brinjal,Tamil Nadu,2022,7,Kharif,1300,1150,1450
Brinjal,Tamil Nadu,2022,8,Kharif,1350,1250,1600
Brinjal,Tamil Nadu,2022,9,Kharif,1200,1050,1400
Brinjal,Tamil Nadu,2023,1,Rabi,1350,1200,1550
Brinjal,Tamil Nadu,2023,2,Rabi,1150,1000,1300
Brinjal,Tamil Nadu,2023,3,Rabi,1150,1000,1300
Brinjal,Tamil Nadu,2023,7,Kharif,1300,1150,1450
Brinjal,Tamil Nadu,2023,8,Kharif,1400,1250,1550
Brinjal,Tamil Nadu,2023,9,Kharif,1250,1150,1450
Brinjal,Telangana,2020,1,Rabi,1150,1000,1400
Brinjal,Telangana,2020,2,Rabi,1150,1000,1300
Brinjal,Telangana,2020,3,Rabi,1150,1000,1300
Brinjal,Telangana,2020,7,Kharif,1200,1050,1350
Brinjal,Telangana,2020,8,Kharif,950,750,1200
Brinjal,Telangana,2020,9,Kharif,1100,1000,1350
Brinjal,Telangana,2021,1,Rabi,1300,1200,1550
Brinjal,Telangana,2021,2,Rabi,1150,1050,1400
Brinjal,Telangana,2021,3,Rabi,1250,1150,1400
Brinjal,Telangana,2021,7,Kharif,1100,1000,1300
Brinjal,Telangana,2021,8,Kharif,1050,900,1300
Brinjal,Telangana,2021,9,Kharif,1150,1050,1350
Brinjal,Telangana,2022,1,Rabi,1350,1200,1550
Brinjal,Telangana,2022,2,Rabi,1050,900,1200
Brinjal,Telangana,2022,3,Rabi,1250,1100,1500
Brinjal,Telangana,2022,7,Kharif,1050,950,1200
Brinjal,Telangana,2022,8,Kharif,1250,1050,1400
Brinjal,Telangana,2022,9,Kharif,1250,1150,1450
Brinjal,Telangana,2023,1,Rabi,1250,1100,1500
Brinjal,Telangana,2023,2,Rabi,1150,1000,1350
Brinjal,Telangana,2023,3,Rabi,1350,1150,1650
Brinjal,Telangana,2023,7,Kharif,1250,1100,1500
Brinjal,Telangana,2023,8,Kharif,1150,1000,1350
Brinjal,Telangana,2023,9,Kharif,1200,1050,1450
Brinjal,Tripura,2020,1,Rabi,1100,950,1250
Brinjal,Tripura,2020,2,Rabi,1000,900,1200
Brinjal,Tripura,2020,3,Rabi,1050,900,1200
Brinjal,Tripura,2020,7,Kharif,900,750,1150
Brinjal,Tripura,2020,8,Kharif,900,800,1150
Brinjal,Tripura,2020,9,Kharif,950,800,1200
Brinjal,Tripura,2021,1,Rabi,1150,1050,1350
Brinjal,Tripura,2021,2,Rabi,1000,900,1200
Brinjal,Tripura,2021,3,Rabi,1050,900,1300
Brinjal,Tripura,2021,7,Kharif,950,750,1100
Brinjal,Tripura,2021,8,Kharif,950,750,1250
Brinjal,Tripura,2021,9,Kharif,950,750,1200
Brinjal,Tripura,2022,1,Rabi,1250,1100,1500
Brinjal,Tripura,2022,2,Rabi,1200,1050,1400
Brinjal,Tripura,2022,3,Rabi,1000,900,1200
Brinjal,Tripura,2022,7,Kharif,1050,950,1250
Brinjal,Tripura,2022,8,Kharif,1100,1000,1250
Brinjal,Tripura,2022,9,Kharif,1050,900,1200
Brinjal,Tripura,2023,1,Rabi,1250,1100,1450
Brinjal,Tripura,2023,2,Rabi,1300,1150,1500
Brinjal,Tripura,2023,3,Rabi,1250,1150,1450
Brinjal,Tripura,2023,7,Kharif,1250,1100,1450
Brinjal,Tripura,2023,8,Kharif,1150,1000,1400
Brinjal,Tripura,2023,9,Kharif,1250,1100,1450
Brinjal,Uttar Pradesh,2020,1,Rabi,1050,950,1150
Brinjal,Uttar Pradesh,2020,2,Rabi,1150,1050,1400
Brinjal,Uttar Pradesh,2020,3,Rabi,1050,950,1250
Brinjal,Uttar Pradesh,2020,7,Kharif,1000,850,1200
Brinjal,Uttar Pradesh,2020,8,Kharif,1050,950,1200
Brinjal,Uttar Pradesh,2020,9,Kharif,1150,1000,1350
Brinjal,Uttar Pradesh,2021,1,Rabi,1050,900,1200
Brinjal,Uttar Pradesh,2021,2,Rabi,1050,950,1200
Brinjal,Uttar Pradesh,2021,3,Rabi,1150,1000,1300
Brinjal,Uttar Pradesh,2021,7,Kharif,1200,1050,1450
Brinjal,Uttar Pradesh,2021,8,Kharif,1200,1050,1400
Brinjal,Uttar Pradesh,2021,9,Kharif,1050,950,1250
Brinjal,Uttar Pradesh,2022,1,Rabi,1150,1050,1350
Brinjal,Uttar Pradesh,2022,2,Rabi,1150,1000,1400
Brinjal,Uttar Pradesh,2022,3,Rabi,1150,1000,1300
Brinjal,Uttar Pradesh,2022,7,Kharif,1350,1150,1550
Brinjal,Uttar Pradesh,2022,8,Kharif,1150,1000,1350
Brinjal,Uttar Pradesh,2022,9,Kharif,1150,1050,1350
Brinjal,Uttar Pradesh,2023,1,Rabi,1200,1050,1450
Brinjal,Uttar Pradesh,2023,2,Rabi,1200,1100,1400
Brinjal,Uttar Pradesh,2023,3,Rabi,1350,1200,1500
Brinjal,Uttar Pradesh,2023,7,Kharif,1400,1250,1650
Brinjal,Uttar Pradesh,2023,8,Kharif,1200,1050,1350
Brinjal,Uttar Pradesh,2023,9,Kharif,1200,1050,1400
Brinjal,Uttarakhand,2020,1,Rabi,1050,900,1250
Brinjal,Uttarakhand,2020,2,Rabi,1000,850,1200
Brinjal,Uttarakhand,2020,3,Rabi,1000,850,1150
Brinjal,Uttarakhand,2020,7,Kharif,1050,950,1250
Brinjal,Uttarakhand,2020,8,Kharif,1150,1000,1350
Brinjal,Uttarakhand,2020,9,Kharif,1200,1050,1450
Brinjal,Uttarakhand,2021,1,Rabi,1100,1000,1250
Brinjal,Uttarakhand,2021,2,Rabi,1250,1150,1400
Brinjal,Uttarakhand,2021,3,Rabi,1050,950,1200
Brinjal,Uttarakhand,2021,7,Kharif,1000,900,1100
Brinjal,Uttarakhand,2021,8,Kharif,1200,1050,1350
Brinjal,Uttarakhand,2021,9,Kharif,1200,1050,1450
Brinjal,Uttarakhand,2022,1,Rabi,1050,950,1200
Brinjal,Uttarakhand,2022,2,Rabi,1050,950,1200
Brinjal,Uttarakhand,2022,3,Rabi,1250,1100,1500
Brinjal,Uttarakhand,2022,7,Kharif,1300,1150,1500
Brinjal,Uttarakhand,2022,8,Kharif,1300,1150,1500
Brinjal,Uttarakhand,2022,9,Kharif,1150,1050,1300
Brinjal,Uttarakhand,2023,1,Rabi,1400,1250,1600
Brinjal,Uttarakhand,2023,2,Rabi,1200,1100,1450
Brinjal,Uttarakhand,2023,3,Rabi,1300,1200,1500
Brinjal,Uttarakhand,2023,7,Kharif,1350,1200,1550
Brinjal,Uttarakhand,2023,8,Kharif,1250,1050,1500
Brinjal,Uttarakhand,2023,9,Kharif,1150,1050,1300
Brinjal,West Bengal,2020,1,Rabi,1150,1000,1300
Brinjal,West Bengal,2020,2,Rabi,1000,850,1150
Brinjal,West Bengal,2020,3,Rabi,1000,850,1150
Brinjal,West Bengal,2020,7,Kharif,950,750,1100
Brinjal,West Bengal,2020,8,Kharif,1050,950,1250
Brinjal,West Bengal,2020,9,Kharif,1000,900,1200
Brinjal,West Bengal,2021,1,Rabi,1100,950,1350
Brinjal,West Bengal,2021,2,Rabi,1200,1050,1450
Brinjal,West Bengal,2021,3,Rabi,1050,950,1250
Brinjal,West Bengal,2021,7,Kharif,1050,900,1200
Brinjal,West Bengal,2021,8,Kharif,1100,950,1300
Brinjal,West Bengal,2021,9,Kharif,1000,900,1150
Brinjal,West Bengal,2022,1,Rabi,1050,950,1150
Brinjal,West Bengal,2022,2,Rabi,1000,900,1200
Brinjal,West Bengal,2022,3,Rabi,1050,950,1200
Brinjal,West Bengal,2022,7,Kharif,1150,1000,1350
Brinjal,West Bengal,2022,8,Kharif,1150,1000,1300
Brinjal,West Bengal,2022,9,Kharif,1050,950,1200
Brinjal,West Bengal,2023,1,Rabi,1250,1100,1400
Brinjal,West Bengal,2023,2,Rabi,1050,900,1200
Brinjal,West Bengal,2023,3,Rabi,1150,1050,1300
Brinjal,West Bengal,2023,7,Kharif,1300,1150,1550
Brinjal,West Bengal,2023,8,Kharif,1300,1200,1500
Brinjal,West Bengal,2023,9,Kharif,1350,1200,1650
Capsicum,Andhra Pradesh,2020,1,Rabi,2000,1800,2350
Capsicum,Andhra Pradesh,2020,2,Rabi,2200,1950,2600
Capsicum,Andhra Pradesh,2020,3,Rabi,2200,2050,2550
Capsicum,Andhra Pradesh,2020,4,Zaid,2100,1900,2400
Capsicum,Andhra Pradesh,2020,5,Zaid,1600,1400,1950
Capsicum,Andhra Pradesh,2021,1,Rabi,2350,2100,2750
Capsicum,Andhra Pradesh,2021,2,Rabi,1750,1600,2050
Capsicum,Andhra Pradesh,2021,3,Rabi,1800,1550,2050
Capsicum,Andhra Pradesh,2021,4,Zaid,1950,1800,2250
Capsicum,Andhra Pradesh,2021,5,Zaid,1800,1550,2100
Capsicum,Andhra Pradesh,2022,1,Rabi,2050,1800,2450
Capsicum,Andhra Pradesh,2022,2,Rabi,2450,2250,2950
Capsicum,Andhra Pradesh,2022,3,Rabi,1850,1650,2100
Capsicum,Andhra Pradesh,2022,4,Zaid,2000,1750,2350
Capsicum,Andhra Pradesh,2022,5,Zaid,2200,1950,2450
Capsicum,Andhra Pradesh,2023,1,Rabi,2050,1900,2450
Capsicum,Andhra Pradesh,2023,2,Rabi,1950,1750,2200
Capsicum,Andhra Pradesh,2023,3,Rabi,2150,1850,2600
Capsicum,Andhra Pradesh,2023,4,Zaid,1950,1700,2350
Capsicum,Andhra Pradesh,2023,5,Zaid,2400,2100,2800
Capsicum,Assam,2020,1,Rabi,1650,1500,1900
Capsicum,Assam,2020,2,Rabi,2200,2000,2550
Capsicum,Assam,2020,3,Rabi,1950,1800,2300
Capsicum,Assam,2020,4,Zaid,1750,1500,2050
Capsicum,Assam,2020,5,Zaid,1650,1400,2000
Capsicum,Assam,2021,1,Rabi,1700,1550,1950
Capsicum,Assam,2021,2,Rabi,2150,1950,2600
Capsicum,Assam,2021,3,Rabi,1850,1600,2150
Capsicum,Assam,2021,4,Zaid,2000,1850,2350
Capsicum,Assam,2021,5,Zaid,1900,1700,2100
Capsicum,Assam,2022,1,Rabi,1900,1650,2150
Capsicum,Assam,2022,2,Rabi,2200,1950,2650
Capsicum,Assam,2022,3,Rabi,2250,1950,2600
Capsicum,Assam,2022,4,Zaid,1950,1750,2250
Capsicum,Assam,2022,5,Zaid,1950,1650,2250
Capsicum,Assam,2023,1,Rabi,1850,1600,2200
Capsicum,Assam,2023,2,Rabi,2450,2100,2850
Capsicum,Assam,2023,3,Rabi,1950,1700,2250
Capsicum,Assam,2023,4,Zaid,2000,1750,2300
Capsicum,Assam,2023,5,Zaid,2350,2000,2850
Capsicum,Bihar,2020,1,Rabi,1750,1550,2000
Capsicum,Bihar,2020,2,Rabi,2050,1800,2350
Capsicum,Bihar,2020,3,Rabi,1550,1400,1800
Capsicum,Bihar,2020,4,Zaid,1600,1400,1900
Capsicum,Bihar,2020,5,Zaid,2050,1850,2400
Capsicum,Bihar,2021,1,Rabi,1800,1650,2200
Capsicum,Bihar,2021,2,Rabi,2100,1850,2500
Capsicum,Bihar,2021,3,Rabi,1800,1650,2100
Capsicum,Bihar,2021,4,Zaid,1950,1700,2250
Capsicum,Bihar,2021,5,Zaid,1900,1750,2150
Capsicum,Bihar,2022,1,Rabi,1950,1700,2250
Capsicum,Bihar,2022,2,Rabi,2300,2050,2750
Capsicum,Bihar,2022,3,Rabi,2300,2000,2800
Capsicum,Bihar,2022,4,Zaid,2400,2050,2800
Capsicum,Bihar,2022,5,Zaid,2250,1950,2550
Capsicum,Bihar,2023,1,Rabi,1900,1750,2200
Capsicum,Bihar,2023,2,Rabi,2600,2350,3050
Capsicum,Bihar,2023,3,Rabi,2250,2050,2550
Capsicum,Bihar,2023,4,Zaid,1900,1700,2300
Capsicum,Bihar,2023,5,Zaid,2200,2000,2450
Capsicum,Chhattisgarh,2020,1,Rabi,1650,1550,1950
Capsicum,Chhattisgarh,2020,2,Rabi,1550,1350,1900
Capsicum,Chhattisgarh,2020,3,Rabi,1550,1300,1850
Capsicum,Chhattisgarh,2020,4,Zaid,2100,1800,2500
Capsicum,Chhattisgarh,2020,5,Zaid,1800,1650,2050
Capsicum,Chhattisgarh,2021,1,Rabi,2150,2000,2500
Capsicum,Chhattisgarh,2021,2,Rabi,2250,2050,2700
Capsicum,Chhattisgarh,2021,3,Rabi,1600,1400,1850
Capsicum,Chhattisgarh,2021,4,Zaid,1650,1450,1850
Capsicum,Chhattisgarh,2021,5,Zaid,1800,1650,2200
Capsicum,Chhattisgarh,2022,1,Rabi,2350,2050,2750
Capsicum,Chhattisgarh,2022,2,Rabi,1700,1450,2000
Capsicum,Chhattisgarh,2022,3,Rabi,2350,2050,2750
Capsicum,Chhattisgarh,2022,4,Zaid,1850,1650,2100
Capsicum,Chhattisgarh,2022,5,Zaid,2050,1850,2450
Capsicum,Chhattisgarh,2023,1,Rabi,1800,1600,2000
Capsicum,Chhattisgarh,2023,2,Rabi,1800,1600,2150
Capsicum,Chhattisgarh,2023,3,Rabi,2000,1750,2350
Capsicum,Chhattisgarh,2023,4,Zaid,2150,1950,2450
Capsicum,Chhattisgarh,2023,5,Zaid,2100,1900,2400
Capsicum,Goa,2020,1,Rabi,2350,2150,2600
Capsicum,Goa,2020,2,Rabi,2100,1850,2550
Capsicum,Goa,2020,3,Rabi,2250,1900,2600
Capsicum,Goa,2020,4,Zaid,2300,2100,2650
Capsicum,Goa,2020,5,Zaid,2250,2000,2600
Capsicum,Goa,2021,1,Rabi,2550,2250,3050
Capsicum,Goa,2021,2,Rabi,2100,1800,2350
Capsicum,Goa,2021,3,Rabi,1950,1800,2200
Capsicum,Goa,2021,4,Zaid,2100,1850,2500
Capsicum,Goa,2021,5,Zaid,2400,2150,2650
Capsicum,Goa,2022,1,Rabi,2050,1900,2300
Capsicum,Goa,2022,2,Rabi,2550,2200,2950
Capsicum,Goa,2022,3,Rabi,2550,2300,2850
Capsicum,Goa,2022,4,Zaid,2450,2150,2700
Capsicum,Goa,2022,5,Zaid,2600,2250,3050
Capsicum,Goa,2023,1,Rabi,2250,2050,2550
Capsicum,Goa,2023,2,Rabi,2350,2000,2700
Capsicum,Goa,2023,3,Rabi,2200,2050,2450
Capsicum,Goa,2023,4,Zaid,2450,2100,3000
Capsicum,Goa,2023,5,Zaid,2350,2050,2650
Capsicum,Gujarat,2020,1,Rabi,2300,1950,2750
Capsicum,Gujarat,2020,2,Rabi,1750,1550,1950
Capsicum,Gujarat,2020,3,Rabi,2250,2000,2600
Capsicum,Gujarat,2020,4,Zaid,2350,2100,2750
Capsicum,Gujarat,2020,5,Zaid,2050,1750,2350
Capsicum,Gujarat,2021,1,Rabi,2050,1750,2350
Capsicum,Gujarat,2021,2,Rabi,2000,1750,2300
Capsicum,Gujarat,2021,3,Rabi,2350,2100,2850
Capsicum,Gujarat,2021,4,Zaid,2150,1850,2400
Capsicum,Gujarat,2021,5,Zaid,2250,2000,2500
Capsicum,Gujarat,2022,1,Rabi,2600,2350,3100
Capsicum,Gujarat,2022,2,Rabi,2150,1950,2500
Capsicum,Gujarat,2022,3,Rabi,2500,2150,3000
Capsicum,Gujarat,2022,4,Zaid,2450,2250,2900
Capsicum,Gujarat,2022,5,Zaid,2500,2150,2900
Capsicum,Gujarat,2023,1,Rabi,2450,2250,2850
Capsicum,Gujarat,2023,2,Rabi,2550,2350,2900
Capsicum,Gujarat,2023,3,Rabi,2600,2300,2900
Capsicum,Gujarat,2023,4,Zaid,2100,1950,2350
Capsicum,Gujarat,2023,5,Zaid,2700,2400,3100
Capsicum,Haryana,2020,1,Rabi,2250,2050,2650
Capsicum,Haryana,2020,2,Rabi,1950,1700,2200
Capsicum,Haryana,2020,3,Rabi,2350,2150,2800
Capsicum,Haryana,2020,4,Zaid,1900,1650,2100
Capsicum,Haryana,2020,5,Zaid,1800,1600,2000
Capsicum,Haryana,2021,1,Rabi,2150,1850,2600
Capsicum,Haryana,2021,2,Rabi,2100,1850,2450
Capsicum,Haryana,2021,3,Rabi,2450,2200,2850
Capsicum,Haryana,2021,4,Zaid,2150,1900,2600
Capsicum,Haryana,2021,5,Zaid,2250,2050,2650
Capsicum,Haryana,2022,1,Rabi,1900,1700,2250
Capsicum,Haryana,2022,2,Rabi,2600,2300,3150
Capsicum,Haryana,2022,3,Rabi,2200,1950,2600
Capsicum,Haryana,2022,4,Zaid,2000,1750,2300
Capsicum,Haryana,2022,5,Zaid,2050,1800,2350
Capsicum,Haryana,2023,1,Rabi,2700,2350,3150
Capsicum,Haryana,2023,2,Rabi,2100,1900,2450
Capsicum,Haryana,2023,3,Rabi,2050,1750,2450
Capsicum,Haryana,2023,4,Zaid,2200,1900,2500
Capsicum,Haryana,2023,5,Zaid,2250,2050,2750
Capsicum,Himachal Pradesh,2020,1,Rabi,1900,1650,2300
Capsicum,Himachal Pradesh,2020,2,Rabi,2250,2000,2600
Capsicum,Himachal Pradesh,2020,3,Rabi,2050,1800,2450
Capsicum,Himachal Pradesh,2020,4,Zaid,2200,2000,2650
Capsicum,Himachal Pradesh,2020,5,Zaid,2000,1750,2300
Capsicum,Himachal Pradesh,2021,1,Rabi,2050,1850,2450
Capsicum,Himachal Pradesh,2021,2,Rabi,2450,2250,2800
Capsicum,Himachal Pradesh,2021,3,Rabi,1850,1700,2200
Capsicum,Himachal Pradesh,2021,4,Zaid,2000,1750,2250
Capsicum,Himachal Pradesh,2021,5,Zaid,2450,2150,2800
Capsicum,Himachal Pradesh,2022,1,Rabi,1950,1700,2200
Capsicum,Himachal Pradesh,2022,2,Rabi,1950,1700,2250
Capsicum,Himachal Pradesh,2022,3,Rabi,2400,2100,2750
Capsicum,Himachal Pradesh,2022,4,Zaid,2200,1900,2650
Capsicum,Himachal Pradesh,2022,5,Zaid,2450,2150,2950
Capsicum,Himachal Pradesh,2023,1,Rabi,2200,1900,2500
Capsicum,Himachal Pradesh,2023,2,Rabi,2400,2150,2800
Capsicum,Himachal Pradesh,2023,3,Rabi,2750,2450,3050
Capsicum,Himachal Pradesh,2023,4,Zaid,2750,2500,3050
Capsicum,Himachal Pradesh,2023,5,Zaid,2200,1900,2550
Capsicum,Jammu & Kashmir,2020,1,Rabi,1800,1650,2150
Capsicum,Jammu & Kashmir,2020,2,Rabi,2000,1750,2400
Capsicum,Jammu & Kashmir,2020,3,Rabi,1950,1750,2250
Capsicum,Jammu & Kashmir,2020,4,Zaid,2400,2100,2850
Capsicum,Jammu & Kashmir,2020,5,Zaid,2350,2000,2650
Capsicum,Jammu & Kashmir,2021,1,Rabi,2550,2300,2900
Capsicum,Jammu & Kashmir,2021,2,Rabi,2050,1800,2400
Capsicum,Jammu & Kashmir,2021,3,Rabi,2550,2200,2900
Capsicum,Jammu & Kashmir,2021,4,Zaid,2100,1800,2350
Capsicum,Jammu & Kashmir,2021,5,Zaid,2300,2000,2600
Capsicum,Jammu & Kashmir,2022,1,Rabi,2650,2450,3000
Capsicum,Jammu & Kashmir,2022,2,Rabi,2050,1850,2300
Capsicum,Jammu & Kashmir,2022,3,Rabi,2050,1750,2350
Capsicum,Jammu & Kashmir,2022,4,Zaid,2200,1950,2650
Capsicum,Jammu & Kashmir,2022,5,Zaid,2800,2550,3200
Capsicum,Jammu & Kashmir,2023,1,Rabi,2500,2250,2950
Capsicum,Jammu & Kashmir,2023,2,Rabi,2500,2200,2800
Capsicum,Jammu & Kashmir,2023,3,Rabi,2450,2150,2900
Capsicum,Jammu & Kashmir,2023,4,Zaid,2350,2150,2850
Capsicum,Jammu & Kashmir,2023,5,Zaid,2750,2400,3300
Capsicum,Jharkhand,2020,1,Rabi,1600,1500,1800
Capsicum,Jharkhand,2020,2,Rabi,1750,1500,2000
Capsicum,Jharkhand,2020,3,Rabi,1700,1500,2000
Capsicum,Jharkhand,2020,4,Zaid,2050,1850,2500
Capsicum,Jharkhand,2020,5,Zaid,1900,1650,2200
Capsicum,Jharkhand,2021,1,Rabi,1700,1550,2000
Capsicum,Jharkhand,2021,2,Rabi,1650,1450,1950
Capsicum,Jharkhand,2021,3,Rabi,1850,1700,2200
Capsicum,Jharkhand,2021,4,Zaid,2200,1950,2500
Capsicum,Jharkhand,2021,5,Zaid,1900,1700,2100
Capsicum,Jharkhand,2022,1,Rabi,2000,1750,2300
Capsicum,Jharkhand,2022,2,Rabi,2200,2000,2550
Capsicum,Jharkhand,2022,3,Rabi,2450,2200,2750
Capsicum,Jharkhand,2022,4,Zaid,1700,1550,1900
Capsicum,Jharkhand,2022,5,Zaid,2050,1850,2400
Capsicum,Jharkhand,2023,1,Rabi,2200,2050,2600
Capsicum,Jharkhand,2023,2,Rabi,2050,1850,2400
Capsicum,Jharkhand,2023,3,Rabi,2150,1950,2450
Capsicum,Jharkhand,2023,4,Zaid,2200,2000,2600
Capsicum,Jharkhand,2023,5,Zaid,2050,1750,2450
Capsicum,Karnataka,2020,1,Rabi,1800,1600,2150
Capsicum,Karnataka,2020,2,Rabi,1950,1700,2200
Capsicum,Karnataka,2020,3,Rabi,1950,1750,2250
Capsicum,Karnataka,2020,4,Zaid,1650,1500,1850
Capsicum,Karnataka,2020,5,Zaid,2050,1900,2350
Capsicum,Karnataka,2021,1,Rabi,2350,2050,2700
Capsicum,Karnataka,2021,2,Rabi,2500,2150,3050
Capsicum,Karnataka,2021,3,Rabi,1750,1500,1950
Capsicum,Karnataka,2021,4,Zaid,2100,1900,2550
Capsicum,Karnataka,2021,5,Zaid,2350,2150,2700
Capsicum,Karnataka,2022,1,Rabi,1850,1600,2100
Capsicum,Karnataka,2022,2,Rabi,2450,2200,2900
Capsicum,Karnataka,2022,3,Rabi,2600,2300,3000
Capsicum,Karnataka,2022,4,Zaid,2400,2050,2850
Capsicum,Karnataka,2022,5,Zaid,2000,1800,2450
Capsicum,Karnataka,2023,1,Rabi,2750,2400,3250
Capsicum,Karnataka,2023,2,Rabi,2400,2100,2750
Capsicum,Karnataka,2023,3,Rabi,2750,2500,3100
Capsicum,Karnataka,2023,4,Zaid,2200,1900,2650
Capsicum,Karnataka,2023,5,Zaid,2100,1800,2400
Capsicum,Kerala,2020,1,Rabi,2200,2000,2650
Capsicum,Kerala,2020,2,Rabi,2150,1950,2400
Capsicum,Kerala,2020,3,Rabi,2100,1950,2400
Capsicum,Kerala,2020,4,Zaid,1900,1750,2200
Capsicum,Kerala,2020,5,Zaid,1750,1550,2150
Capsicum,Kerala,2021,1,Rabi,2200,1950,2500
Capsicum,Kerala,2021,2,Rabi,2050,1750,2300
Capsicum,Kerala,2021,3,Rabi,2200,2000,2600
Capsicum,Kerala,2021,4,Zaid,2350,2050,2600
Capsicum,Kerala,2021,5,Zaid,2150,1900,2500
Capsicum,Kerala,2022,1,Rabi,2500,2150,2850
Capsicum,Kerala,2022,2,Rabi,2150,1850,2500
Capsicum,Kerala,2022,3,Rabi,2300,2050,2650
Capsicum,Kerala,2022,4,Zaid,2350,2100,2700
Capsicum,Kerala,2022,5,Zaid,2550,2350,2900
Capsicum,Kerala,2023,1,Rabi,2900,2550,3250
Capsicum,Kerala,2023,2,Rabi,2900,2600,3250
Capsicum,Kerala,2023,3,Rabi,2650,2300,3100
Capsicum,Kerala,2023,4,Zaid,2400,2200,2900
Capsicum,Kerala,2023,5,Zaid,2800,2450,3250
Capsicum,Madhya Pradesh,2020,1,Rabi,1950,1800,2150
Capsicum,Madhya Pradesh,2020,2,Rabi,1950,1700,2250
Capsicum,Madhya Pradesh,2020,3,Rabi,1700,1550,2050
Capsicum,Madhya Pradesh,2020,4,Zaid,1650,1450,1900
Capsicum,Madhya Pradesh,2020,5,Zaid,2100,1900,2550
Capsicum,Madhya Pradesh,2021,1,Rabi,2100,1900,2350
Capsicum,Madhya Pradesh,2021,2,Rabi,1800,1600,2150
Capsicum,Madhya Pradesh,2021,3,Rabi,1750,1600,1950
Capsicum,Madhya Pradesh,2021,4,Zaid,1900,1750,2250
Capsicum,Madhya Pradesh,2021,5,Zaid,1700,1550,1900
Capsicum,Madhya Pradesh,2022,1,Rabi,1950,1700,2300
Capsicum,Madhya Pradesh,2022,2,Rabi,2000,1750,2300
Capsicum,Madhya Pradesh,2022,3,Rabi,2400,2100,2900
Capsicum,Madhya Pradesh,2022,4,Zaid,1700,1450,2050
Capsicum,Madhya Pradesh,2022,5,Zaid,2200,2000,2600
Capsicum,Madhya Pradesh,2023,1,Rabi,2200,1900,2550
Capsicum,Madhya Pradesh,2023,2,Rabi,2500,2300,3000
Capsicum,Madhya Pradesh,2023,3,Rabi,2250,2050,2700
Capsicum,Madhya Pradesh,2023,4,Zaid,2050,1800,2450
Capsicum,Madhya Pradesh,2023,5,Zaid,2400,2150,2750
Capsicum,Maharashtra,2020,1,Rabi,2300,2050,2600
Capsicum,Maharashtra,2020,2,Rabi,2300,2100,2600
Capsicum,Maharashtra,2020,3,Rabi,2050,1800,2400
Capsicum,Maharashtra,2020,4,Zaid,1850,1650,2150
Capsicum,Maharashtra,2020,5,Zaid,2050,1900,2400
Capsicum,Maharashtra,2021,1,Rabi,2250,1950,2700
Capsicum,Maharashtra,2021,2,Rabi,1900,1700,2300
Capsicum,Maharashtra,2021,3,Rabi,2300,1950,2800
Capsicum,Maharashtra,2021,4,Zaid,2050,1800,2400
Capsicum,Maharashtra,2021,5,Zaid,2350,2150,2600
Capsicum,Maharashtra,2022,1,Rabi,2650,2350,3200
Capsicum,Maharashtra,2022,2,Rabi,2200,1950,2450
Capsicum,Maharashtra,2022,3,Rabi,2000,1750,2400
Capsicum,Maharashtra,2022,4,Zaid,2550,2200,2950
Capsicum,Maharashtra,2022,5,Zaid,2250,2050,2550
Capsicum,Maharashtra,2023,1,Rabi,2800,2450,3300
Capsicum,Maharashtra,2023,2,Rabi,2350,2000,2650
Capsicum,Maharashtra,2023,3,Rabi,2050,1750,2300
Capsicum,Maharashtra,2023,4,Zaid,2850,2550,3300
Capsicum,Maharashtra,2023,5,Zaid,2600,2400,3100
Capsicum,Manipur,2020,1,Rabi,2200,2000,2450
Capsicum,Manipur,2020,2,Rabi,2150,1850,2600
Capsicum,Manipur,2020,3,Rabi,1600,1400,1950
Capsicum,Manipur,2020,4,Zaid,1950,1700,2200
Capsicum,Manipur,2020,5,Zaid,2050,1800,2300
Capsicum,Manipur,2021,1,Rabi,2050,1800,2300
Capsicum,Manipur,2021,2,Rabi,1850,1600,2100
Capsicum,Manipur,2021,3,Rabi,2250,2000,2600
Capsicum,Manipur,2021,4,Zaid,1950,1700,2300
Capsicum,Manipur,2021,5,Zaid,2250,2050,2700
Capsicum,Manipur,2022,1,Rabi,2300,2100,2650
Capsicum,Manipur,2022,2,Rabi,2500,2300,3050
Capsicum,Manipur,2022,3,Rabi,1800,1650,2150
Capsicum,Manipur,2022,4,Zaid,1950,1650,2200
Capsicum,Manipur,2022,5,Zaid,2050,1850,2450
Capsicum,Manipur,2023,1,Rabi,2200,1900,2550
Capsicum,Manipur,2023,2,Rabi,2000,1700,2300
Capsicum,Manipur,2023,3,Rabi,2300,2050,2700
Capsicum,Manipur,2023,4,Zaid,2350,2150,2650
Capsicum,Manipur,2023,5,Zaid,2600,2300,3000
Capsicum,Meghalaya,2020,1,Rabi,2150,1950,2550
Capsicum,Meghalaya,2020,2,Rabi,1900,1700,2300
Capsicum,Meghalaya,2020,3,Rabi,1800,1600,2000
Capsicum,Meghalaya,2020,4,Zaid,2200,1950,2650
Capsicum,Meghalaya,2020,5,Zaid,1750,1600,2100
Capsicum,Meghalaya,2021,1,Rabi,1800,1650,2100
Capsicum,Meghalaya,2021,2,Rabi,2200,1950,2550
Capsicum,Meghalaya,2021,3,Rabi,1800,1600,2200
Capsicum,Meghalaya,2021,4,Zaid,1850,1600,2050
Capsicum,Meghalaya,2021,5,Zaid,1950,1750,2300
Capsicum,Meghalaya,2022,1,Rabi,2250,1900,2650
Capsicum,Meghalaya,2022,2,Rabi,1850,1650,2150
Capsicum,Meghalaya,2022,3,Rabi,2550,2200,3050
Capsicum,Meghalaya,2022,4,Zaid,2150,1900,2550
Capsicum,Meghalaya,2022,5,Zaid,2350,2150,2800
Capsicum,Meghalaya,2023,1,Rabi,2150,1950,2600
Capsicum,Meghalaya,2023,2,Rabi,1900,1750,2250
Capsicum,Meghalaya,2023,3,Rabi,2100,1950,2350
Capsicum,Meghalaya,2023,4,Zaid,2450,2200,2850
Capsicum,Meghalaya,2023,5,Zaid,2700,2500,3250
Capsicum,Odisha,2020,1,Rabi,1950,1700,2350
Capsicum,Odisha,2020,2,Rabi,1700,1550,2000
Capsicum,Odisha,2020,3,Rabi,1800,1550,2050
Capsicum,Odisha,2020,4,Zaid,1550,1350,1750
Capsicum,Odisha,2020,5,Zaid,1600,1350,1950
Capsicum,Odisha,2021,1,Rabi,1700,1500,2000
Capsicum,Odisha,2021,2,Rabi,2050,1800,2450
Capsicum,Odisha,2021,3,Rabi,2000,1800,2350
Capsicum,Odisha,2021,4,Zaid,1850,1650,2050
Capsicum,Odisha,2021,5,Zaid,2000,1700,2250
Capsicum,Odisha,2022,1,Rabi,2350,2150,2700
Capsicum,Odisha,2022,2,Rabi,2000,1700,2300
Capsicum,Odisha,2022,3,Rabi,2100,1900,2500
Capsicum,Odisha,2022,4,Zaid,2100,1800,2500
Capsicum,Odisha,2022,5,Zaid,1800,1550,2100
Capsicum,Odisha,2023,1,Rabi,2000,1800,2400
Capsicum,Odisha,2023,2,Rabi,1950,1650,2250
Capsicum,Odisha,2023,3,Rabi,1900,1650,2250
Capsicum,Odisha,2023,4,Zaid,2300,2100,2650
Capsicum,Odisha,2023,5,Zaid,2200,2000,2650
Capsicum,Punjab,2020,1,Rabi,2300,2050,2750
Capsicum,Punjab,2020,2,Rabi,2450,2200,2750
Capsicum,Punjab,2020,3,Rabi,2150,1950,2500
Capsicum,Punjab,2020,4,Zaid,2250,2000,2700
Capsicum,Punjab,2020,5,Zaid,2400,2150,2800
Capsicum,Punjab,2021,1,Rabi,2150,1850,2600
Capsicum,Punjab,2021,2,Rabi,2300,1950,2700
Capsicum,Punjab,2021,3,Rabi,2050,1750,2350
Capsicum,Punjab,2021,4,Zaid,2150,2000,2550
Capsicum,Punjab,2021,5,Zaid,2150,1850,2600
Capsicum,Punjab,2022,1,Rabi,2400,2200,2700
Capsicum,Punjab,2022,2,Rabi,2650,2350,3050
Capsicum,Punjab,2022,3,Rabi,2250,2050,2700
Capsicum,Punjab,2022,4,Zaid,2050,1800,2300
Capsicum,Punjab,2022,5,Zaid,2500,2300,2850
Capsicum,Punjab,2023,1,Rabi,2700,2400,3150
Capsicum,Punjab,2023,2,Rabi,2650,2300,3000
Capsicum,Punjab,2023,3,Rabi,2050,1750,2450
Capsicum,Punjab,2023,4,Zaid,2600,2300,3100
Capsicum,Punjab,2023,5,Zaid,2250,2000,2700
Capsicum,Rajasthan,2020,1,Rabi,2300,2050,2600
Capsicum,Rajasthan,2020,2,Rabi,2000,1750,2250
Capsicum,Rajasthan,2020,3,Rabi,1950,1800,2250
Capsicum,Rajasthan,2020,4,Zaid,2250,1950,2550
Capsicum,Rajasthan,2020,5,Zaid,1750,1600,2000
Capsicum,Rajasthan,2021,1,Rabi,2000,1850,2350
Capsicum,Rajasthan,2021,2,Rabi,2250,1950,2650
Capsicum,Rajasthan,2021,3,Rabi,1750,1550,1950
Capsicum,Rajasthan,2021,4,Zaid,2350,2000,2600
Capsicum,Rajasthan,2021,5,Zaid,2150,1900,2500
Capsicum,Rajasthan,2022,1,Rabi,2050,1800,2300
Capsicum,Rajasthan,2022,2,Rabi,2400,2150,2900
Capsicum,Rajasthan,2022,3,Rabi,2200,1900,2500
Capsicum,Rajasthan,2022,4,Zaid,2050,1800,2350
Capsicum,Rajasthan,2022,5,Zaid,2150,1950,2450
Capsicum,Rajasthan,2023,1,Rabi,2250,2000,2650
Capsicum,Rajasthan,2023,2,Rabi,2250,2050,2650
Capsicum,Rajasthan,2023,3,Rabi,2100,1850,2550
Capsicum,Rajasthan,2023,4,Zaid,2350,2050,2650
Capsicum,Rajasthan,2023,5,Zaid,2300,2000,2700
Capsicum,Tamil Nadu,2020,1,Rabi,2350,2050,2700
Capsicum,Tamil Nadu,2020,2,Rabi,2150,1900,2500
Capsicum,Tamil Nadu,2020,3,Rabi,1950,1650,2250
Capsicum,Tamil Nadu,2020,4,Zaid,1900,1650,2250
Capsicum,Tamil Nadu,2020,5,Zaid,1950,1800,2250
Capsicum,Tamil Nadu,2021,1,Rabi,1850,1600,2200
Capsicum,Tamil Nadu,2021,2,Rabi,2200,1950,2450
Capsicum,Tamil Nadu,2021,3,Rabi,2200,2050,2600
Capsicum,Tamil Nadu,2021,4,Zaid,2400,2050,2800
Capsicum,Tamil Nadu,2021,5,Zaid,2300,2000,2700
Capsicum,Tamil Nadu,2022,1,Rabi,2350,2100,2750
Capsicum,Tamil Nadu,2022,2,Rabi,2100,1850,2400
Capsicum,Tamil Nadu,2022,3,Rabi,2400,2150,2850
Capsicum,Tamil Nadu,2022,4,Zaid,1900,1700,2300
Capsicum,Tamil Nadu,2022,5,Zaid,2650,2450,3150
Capsicum,Tamil Nadu,2023,1,Rabi,2400,2100,2700
Capsicum,Tamil Nadu,2023,2,Rabi,2800,2450,3400
Capsicum,Tamil Nadu,2023,3,Rabi,2050,1850,2450
Capsicum,Tamil Nadu,2023,4,Zaid,2300,1950,2600
Capsicum,Tamil Nadu,2023,5,Zaid,2400,2100,2700
Capsicum,Telangana,2020,1,Rabi,1800,1600,2200
Capsicum,Telangana,2020,2,Rabi,2350,2150,2850
Capsicum,Telangana,2020,3,Rabi,2250,2000,2750
Capsicum,Telangana,2020,4,Zaid,1900,1750,2100
Capsicum,Telangana,2020,5,Zaid,1850,1600,2200
Capsicum,Telangana,2021,1,Rabi,1800,1550,2050
Capsicum,Telangana,2021,2,Rabi,1900,1650,2250
Capsicum,Telangana,2021,3,Rabi,1850,1650,2250
Capsicum,Telangana,2021,4,Zaid,1750,1500,2050
Capsicum,Telangana,2021,5,Zaid,2050,1900,2450
Capsicum,Telangana,2022,1,Rabi,2300,1950,2650
Capsicum,Telangana,2022,2,Rabi,1900,1750,2300
Capsicum,Telangana,2022,3,Rabi,2000,1800,2250
Capsicum,Telangana,2022,4,Zaid,2100,1800,2500
Capsicum,Telangana,2022,5,Zaid,2300,2000,2600
Capsicum,Telangana,2023,1,Rabi,2000,1750,2400
Capsicum,Telangana,2023,2,Rabi,2350,2000,2700
Capsicum,Telangana,2023,3,Rabi,2500,2250,2800
Capsicum,Telangana,2023,4,Zaid,2650,2400,3050
Capsicum,Telangana,2023,5,Zaid,2400,2050,2700
Capsicum,Tripura,2020,1,Rabi,1950,1750,2250
Capsicum,Tripura,2020,2,Rabi,1650,1500,1900
Capsicum,Tripura,2020,3,Rabi,1700,1500,2000
Capsicum,Tripura,2020,4,Zaid,1600,1500,1950
Capsicum,Tripura,2020,5,Zaid,2000,1850,2350
Capsicum,Tripura,2021,1,Rabi,1700,1500,2000
Capsicum,Tripura,2021,2,Rabi,2200,1950,2550
Capsicum,Tripura,2021,3,Rabi,2200,1900,2600
Capsicum,Tripura,2021,4,Zaid,2200,1950,2500
Capsicum,Tripura,2021,5,Zaid,1550,1450,1800
Capsicum,Tripura,2022,1,Rabi,1750,1550,2050
Capsicum,Tripura,2022,2,Rabi,1700,1500,1950
Capsicum,Tripura,2022,3,Rabi,2250,1950,2500
Capsicum,Tripura,2022,4,Zaid,2100,1850,2500
Capsicum,Tripura,2022,5,Zaid,2250,2000,2600
Capsicum,Tripura,2023,1,Rabi,2450,2150,2900
Capsicum,Tripura,2023,2,Rabi,2400,2050,2900
Capsicum,Tripura,2023,3,Rabi,1800,1600,2050
Capsicum,Tripura,2023,4,Zaid,1900,1650,2200
Capsicum,Tripura,2023,5,Zaid,2250,2050,2550
Capsicum,Uttar Pradesh,2020,1,Rabi,1950,1650,2300
Capsicum,Uttar Pradesh,2020,2,Rabi,1850,1600,2150
Capsicum,Uttar Pradesh,2020,3,Rabi,2050,1850,2300
Capsicum,Uttar Pradesh,2020,4,Zaid,1800,1650,2100
Capsicum,Uttar Pradesh,2020,5,Zaid,2150,1850,2450
Capsicum,Uttar Pradesh,2021,1,Rabi,2050,1800,2400
Capsicum,Uttar Pradesh,2021,2,Rabi,2250,2000,2700
Capsicum,Uttar Pradesh,2021,3,Rabi,2350,2050,2650
Capsicum,Uttar Pradesh,2021,4,Zaid,2200,2000,2550
Capsicum,Uttar Pradesh,2021,5,Zaid,1750,1500,1950
Capsicum,Uttar Pradesh,2022,1,Rabi,2200,1950,2550
Capsicum,Uttar Pradesh,2022,2,Rabi,2450,2200,2750
Capsicum,Uttar Pradesh,2022,3,Rabi,1800,1600,2150
Capsicum,Uttar Pradesh,2022,4,Zaid,2350,2100,2650
Capsicum,Uttar Pradesh,2022,5,Zaid,2350,2150,2800
Capsicum,Uttar Pradesh,2023,1,Rabi,2050,1750,2500
Capsicum,Uttar Pradesh,2023,2,Rabi,2050,1900,2350
Capsicum,Uttar Pradesh,2023,3,Rabi,2250,1950,2700
Capsicum,Uttar Pradesh,2023,4,Zaid,2050,1900,2450
Capsicum,Uttar Pradesh,2023,5,Zaid,2300,2050,2650
Capsicum,Uttarakhand,2020,1,Rabi,2050,1800,2400
Capsicum,Uttarakhand,2020,2,Rabi,2150,1950,2600
Capsicum,Uttarakhand,2020,3,Rabi,2300,2100,2650
Capsicum,Uttarakhand,2020,4,Zaid,1700,1450,2000
Capsicum,Uttarakhand,2020,5,Zaid,2050,1900,2450
Capsicum,Uttarakhand,2021,1,Rabi,2450,2200,2850
Capsicum,Uttarakhand,2021,2,Rabi,2000,1800,2250
Capsicum,Uttarakhand,2021,3,Rabi,1900,1650,2300
Capsicum,Uttarakhand,2021,4,Zaid,2400,2200,2850
Capsicum,Uttarakhand,2021,5,Zaid,2150,1900,2500
Capsicum,Uttarakhand,2022,1,Rabi,2200,1950,2500
Capsicum,Uttarakhand,2022,2,Rabi,2550,2200,2950
Capsicum,Uttarakhand,2022,3,Rabi,2050,1800,2450
Capsicum,Uttarakhand,2022,4,Zaid,1900,1700,2250
Capsicum,Uttarakhand,2022,5,Zaid,2350,2150,2700
Capsicum,Uttarakhand,2023,1,Rabi,2100,1900,2350
Capsicum,Uttarakhand,2023,2,Rabi,1950,1750,2350
Capsicum,Uttarakhand,2023,3,Rabi,2000,1800,2300
Capsicum,Uttarakhand,2023,4,Zaid,2150,1850,2550
Capsicum,Uttarakhand,2023,5,Zaid,2600,2250,2950
Capsicum,West Bengal,2020,1,Rabi,1900,1650,2200
Capsicum,West Bengal,2020,2,Rabi,2150,1850,2550
Capsicum,West Bengal,2020,3,Rabi,2050,1850,2300
Capsicum,West Bengal,2020,4,Zaid,1800,1600,2050
Capsicum,West Bengal,2020,5,Zaid,2200,1950,2600
Capsicum,West Bengal,2021,1,Rabi,2050,1850,2300
Capsicum,West Bengal,2021,2,Rabi,2150,1950,2550
Capsicum,West Bengal,2021,3,Rabi,1650,1500,1900
Capsicum,West Bengal,2021,4,Zaid,1950,1800,2350
Capsicum,West Bengal,2021,5,Zaid,1800,1550,2150
Capsicum,West Bengal,2022,1,Rabi,1850,1650,2100
Capsicum,West Bengal,2022,2,Rabi,2500,2150,2850
Capsicum,West Bengal,2022,3,Rabi,1900,1650,2150
Capsicum,West Bengal,2022,4,Zaid,1900,1750,2100
Capsicum,West Bengal,2022,5,Zaid,1800,1550,2100
Capsicum,West Bengal,2023,1,Rabi,2000,1800,2300
Capsicum,West Bengal,2023,2,Rabi,2250,1950,2650
Capsicum,West Bengal,2023,3,Rabi,2400,2100,2900
Capsicum,West Bengal,2023,4,Zaid,2350,2000,2750
Capsicum,West Bengal,2023,5,Zaid,1900,1700,2300
Cauliflower,Andhra Pradesh,2020,1,Rabi,800,700,1000
Cauliflower,Andhra Pradesh,2020,2,Rabi,900,700,1050
Cauliflower,Andhra Pradesh,2020,11,Rabi,900,800,1150
Cauliflower,Andhra Pradesh,2020,12,Rabi,800,650,900
Cauliflower,Andhra Pradesh,2021,1,Rabi,800,700,950
Cauliflower,Andhra Pradesh,2021,2,Rabi,750,650,900
Cauliflower,Andhra Pradesh,2021,11,Rabi,800,700,950
Cauliflower,Andhra Pradesh,2021,12,Rabi,800,700,950
Cauliflower,Andhra Pradesh,2022,1,Rabi,1000,900,1150
Cauliflower,Andhra Pradesh,2022,2,Rabi,900,700,1050
Cauliflower,Andhra Pradesh,2022,11,Rabi,850,700,1050
Cauliflower,Andhra Pradesh,2022,12,Rabi,950,750,1150
Cauliflower,Andhra Pradesh,2023,1,Rabi,900,800,1100
Cauliflower,Andhra Pradesh,2023,2,Rabi,1050,950,1200
Cauliflower,Andhra Pradesh,2023,11,Rabi,900,750,1100
Cauliflower,Andhra Pradesh,2023,12,Rabi,1100,1000,1300
Cauliflower,Assam,2020,1,Rabi,800,700,1050
Cauliflower,Assam,2020,2,Rabi,900,800,1100
Cauliflower,Assam,2020,11,Rabi,800,650,1050
Cauliflower,Assam,2020,12,Rabi,900,800,1100
Cauliflower,Assam,2021,1,Rabi,950,800,1100
Cauliflower,Assam,2021,2,Rabi,750,600,900
Cauliflower,Assam,2021,11,Rabi,850,750,1000
Cauliflower,Assam,2021,12,Rabi,800,700,900
Cauliflower,Assam,2022,1,Rabi,800,650,1000
Cauliflower,Assam,2022,2,Rabi,800,700,1000
Cauliflower,Assam,2022,11,Rabi,950,850,1100
Cauliflower,Assam,2022,12,Rabi,950,800,1150
Cauliflower,Assam,2023,1,Rabi,800,650,950
Cauliflower,Assam,2023,2,Rabi,950,800,1250
Cauliflower,Assam,2023,11,Rabi,950,800,1150
Cauliflower,Assam,2023,12,Rabi,1050,900,1250
Cauliflower,Bihar,2020,1,Rabi,800,650,1000
Cauliflower,Bihar,2020,2,Rabi,850,750,1050
Cauliflower,Bihar,2020,11,Rabi,750,600,950
Cauliflower,Bihar,2020,12,Rabi,750,600,900
Cauliflower,Bihar,2021,1,Rabi,800,700,1000
Cauliflower,Bihar,2021,2,Rabi,750,650,900
Cauliflower,Bihar,2021,11,Rabi,750,650,950
Cauliflower,Bihar,2021,12,Rabi,850,700,1000
Cauliflower,Bihar,2022,1,Rabi,800,650,1000
Cauliflower,Bihar,2022,2,Rabi,850,650,1050
Cauliflower,Bihar,2022,11,Rabi,950,800,1100
Cauliflower,Bihar,2022,12,Rabi,900,700,1050
Cauliflower,Bihar,2023,1,Rabi,850,750,1000
Cauliflower,Bihar,2023,2,Rabi,850,700,1050
Cauliflower,Bihar,2023,11,Rabi,1000,850,1150
Cauliflower,Bihar,2023,12,Rabi,1000,850,1150
Cauliflower,Chhattisgarh,2020,1,Rabi,800,700,950
Cauliflower,Chhattisgarh,2020,2,Rabi,850,750,1000
Cauliflower,Chhattisgarh,2020,11,Rabi,800,650,950
Cauliflower,Chhattisgarh,2020,12,Rabi,800,650,950
Cauliflower,Chhattisgarh,2021,1,Rabi,700,550,850
Cauliflower,Chhattisgarh,2021,2,Rabi,750,600,850
Cauliflower,Chhattisgarh,2021,11,Rabi,750,650,850
Cauliflower,Chhattisgarh,2021,12,Rabi,900,750,1050
Cauliflower,Chhattisgarh,2022,1,Rabi,900,750,1100
Cauliflower,Chhattisgarh,2022,2,Rabi,900,750,1050
Cauliflower,Chhattisgarh,2022,11,Rabi,900,750,1150
Cauliflower,Chhattisgarh,2022,12,Rabi,750,600,900
Cauliflower,Chhattisgarh,2023,1,Rabi,950,750,1200
Cauliflower,Chhattisgarh,2023,2,Rabi,1000,900,1150
Cauliflower,Chhattisgarh,2023,11,Rabi,950,800,1200
Cauliflower,Chhattisgarh,2023,12,Rabi,800,700,1000
Cauliflower,Goa,2020,1,Rabi,950,850,1150
Cauliflower,Goa,2020,2,Rabi,900,750,1050
Cauliflower,Goa,2020,11,Rabi,800,650,950
Cauliflower,Goa,2020,12,Rabi,1000,900,1200
Cauliflower,Goa,2021,1,Rabi,950,800,1100
Cauliflower,Goa,2021,2,Rabi,1050,950,1250
Cauliflower,Goa,2021,11,Rabi,900,750,1100
Cauliflower,Goa,2021,12,Rabi,1000,900,1150
Cauliflower,Goa,2022,1,Rabi,950,800,1150
Cauliflower,Goa,2022,2,Rabi,1100,1000,1250
Cauliflower,Goa,2022,11,Rabi,1000,850,1150
Cauliflower,Goa,2022,12,Rabi,950,800,1150
Cauliflower,Goa,2023,1,Rabi,1200,1050,1350
Cauliflower,Goa,2023,2,Rabi,1150,1050,1350
Cauliflower,Goa,2023,11,Rabi,1100,950,1300
Cauliflower,Goa,2023,12,Rabi,950,800,1150
Cauliflower,Gujarat,2020,1,Rabi,800,650,1000
Cauliflower,Gujarat,2020,2,Rabi,850,750,1050
Cauliflower,Gujarat,2020,11,Rabi,850,650,1050
Cauliflower,Gujarat,2020,12,Rabi,800,700,1000
Cauliflower,Gujarat,2021,1,Rabi,850,700,1000
Cauliflower,Gujarat,2021,2,Rabi,900,750,1150
Cauliflower,Gujarat,2021,11,Rabi,900,800,1100
Cauliflower,Gujarat,2021,12,Rabi,1000,900,1150
Cauliflower,Gujarat,2022,1,Rabi,900,700,1150
Cauliflower,Gujarat,2022,2,Rabi,1000,850,1200
Cauliflower,Gujarat,2022,11,Rabi,850,750,1050
Cauliflower,Gujarat,2022,12,Rabi,1050,950,1250
Cauliflower,Gujarat,2023,1,Rabi,1050,900,1250
Cauliflower,Gujarat,2023,2,Rabi,1050,900,1300
Cauliflower,Gujarat,2023,11,Rabi,1000,850,1200
Cauliflower,Gujarat,2023,12,Rabi,1000,850,1150
Cauliflower,Haryana,2020,1,Rabi,900,750,1100
Cauliflower,Haryana,2020,2,Rabi,900,800,1150
Cauliflower,Haryana,2020,11,Rabi,950,750,1100
Cauliflower,Haryana,2020,12,Rabi,950,850,1100
Cauliflower,Haryana,2021,1,Rabi,1000,900,1150
Cauliflower,Haryana,2021,2,Rabi,900,750,1100
Cauliflower,Haryana,2021,11,Rabi,950,850,1100
Cauliflower,Haryana,2021,12,Rabi,1050,950,1250
Cauliflower,Haryana,2022,1,Rabi,1000,900,1150
Cauliflower,Haryana,2022,2,Rabi,1100,1000,1250
Cauliflower,Haryana,2022,11,Rabi,1100,1000,1250
Cauliflower,Haryana,2022,12,Rabi,950,800,1100
Cauliflower,Haryana,2023,1,Rabi,1150,1000,1300
Cauliflower,Haryana,2023,2,Rabi,950,850,1200
Cauliflower,Haryana,2023,11,Rabi,950,750,1150
Cauliflower,Haryana,2023,12,Rabi,950,800,1150
Cauliflower,Himachal Pradesh,2020,1,Rabi,1050,900,1150
Cauliflower,Himachal Pradesh,2020,2,Rabi,1000,850,1100
Cauliflower,Himachal Pradesh,2020,11,Rabi,900,750,1150
Cauliflower,Himachal Pradesh,2020,12,Rabi,850,700,1000
Cauliflower,Himachal Pradesh,2021,1,Rabi,1050,900,1200
Cauliflower,Himachal Pradesh,2021,2,Rabi,800,700,1000
Cauliflower,Himachal Pradesh,2021,11,Rabi,1000,850,1200
Cauliflower,Himachal Pradesh,2021,12,Rabi,850,650,1100
Cauliflower,Himachal Pradesh,2022,1,Rabi,1050,900,1200
Cauliflower,Himachal Pradesh,2022,2,Rabi,950,800,1200
Cauliflower,Himachal Pradesh,2022,11,Rabi,950,850,1150
Cauliflower,Himachal Pradesh,2022,12,Rabi,1100,950,1200
Cauliflower,Himachal Pradesh,2023,1,Rabi,1050,950,1300
Cauliflower,Himachal Pradesh,2023,2,Rabi,1150,1050,1350
Cauliflower,Himachal Pradesh,2023,11,Rabi,1100,1000,1250
Cauliflower,Himachal Pradesh,2023,12,Rabi,950,850,1250
Cauliflower,Jammu & Kashmir,2020,1,Rabi,950,800,1150
Cauliflower,Jammu & Kashmir,2020,2,Rabi,850,700,1000
Cauliflower,Jammu & Kashmir,2020,11,Rabi,950,800,1150
Cauliflower,Jammu & Kashmir,2020,12,Rabi,950,750,1100
Cauliflower,Jammu & Kashmir,2021,1,Rabi,900,750,1150
Cauliflower,Jammu & Kashmir,2021,2,Rabi,850,700,1000
Cauliflower,Jammu & Kashmir,2021,11,Rabi,1100,950,1300
Cauliflower,Jammu & Kashmir,2021,12,Rabi,950,850,1150
Cauliflower,Jammu & Kashmir,2022,1,Rabi,1050,900,1250
Cauliflower,Jammu & Kashmir,2022,2,Rabi,950,800,1150
Cauliflower,Jammu & Kashmir,2022,11,Rabi,1150,1000,1400
Cauliflower,Jammu & Kashmir,2022,12,Rabi,1050,900,1300
Cauliflower,Jammu & Kashmir,2023,1,Rabi,1150,1050,1300
Cauliflower,Jammu & Kashmir,2023,2,Rabi,1200,1050,1350
Cauliflower,Jammu & Kashmir,2023,11,Rabi,1000,900,1200
Cauliflower,Jammu & Kashmir,2023,12,Rabi,1100,1000,1250
Cauliflower,Jharkhand,2020,1,Rabi,650,500,750
Cauliflower,Jharkhand,2020,2,Rabi,700,600,800
Cauliflower,Jharkhand,2020,11,Rabi,750,650,900
Cauliflower,Jharkhand,2020,12,Rabi,700,600,900
Cauliflower,Jharkhand,2021,1,Rabi,900,750,1150
Cauliflower,Jharkhand,2021,2,Rabi,850,650,1100
Cauliflower,Jharkhand,2021,11,Rabi,900,750,1100
Cauliflower,Jharkhand,2021,12,Rabi,900,800,1050
Cauliflower,Jharkhand,2022,1,Rabi,950,850,1200
Cauliflower,Jharkhand,2022,2,Rabi,800,700,1000
Cauliflower,Jharkhand,2022,11,Rabi,850,750,1000
Cauliflower,Jharkhand,2022,12,Rabi,850,750,1100
Cauliflower,Jharkhand,2023,1,Rabi,1050,950,1200
Cauliflower,Jharkhand,2023,2,Rabi,950,750,1100
Cauliflower,Jharkhand,2023,11,Rabi,800,650,950
Cauliflower,Jharkhand,2023,12,Rabi,850,700,1000
Cauliflower,Karnataka,2020,1,Rabi,850,700,1100
Cauliflower,Karnataka,2020,2,Rabi,850,700,1050
Cauliflower,Karnataka,2020,11,Rabi,900,800,1050
Cauliflower,Karnataka,2020,12,Rabi,750,600,900
Cauliflower,Karnataka,2021,1,Rabi,1000,850,1100
Cauliflower,Karnataka,2021,2,Rabi,950,800,1100
Cauliflower,Karnataka,2021,11,Rabi,800,700,1000
Cauliflower,Karnataka,2021,12,Rabi,950,750,1150
Cauliflower,Karnataka,2022,1,Rabi,900,750,1150
Cauliflower,Karnataka,2022,2,Rabi,900,750,1100
Cauliflower,Karnataka,2022,11,Rabi,900,750,1150
Cauliflower,Karnataka,2022,12,Rabi,850,700,1050
Cauliflower,Karnataka,2023,1,Rabi,950,750,1200
Cauliflower,Karnataka,2023,2,Rabi,1000,850,1200
Cauliflower,Karnataka,2023,11,Rabi,900,750,1100
Cauliflower,Karnataka,2023,12,Rabi,950,800,1100
Cauliflower,Kerala,2020,1,Rabi,800,700,950
Cauliflower,Kerala,2020,2,Rabi,800,650,1000
Cauliflower,Kerala,2020,11,Rabi,850,700,1050
Cauliflower,Kerala,2020,12,Rabi,800,700,950
Cauliflower,Kerala,2021,1,Rabi,950,800,1200
Cauliflower,Kerala,2021,2,Rabi,850,750,1050
Cauliflower,Kerala,2021,11,Rabi,950,750,1200
Cauliflower,Kerala,2021,12,Rabi,800,650,950
Cauliflower,Kerala,2022,1,Rabi,1100,1000,1250
Cauliflower,Kerala,2022,2,Rabi,850,750,1000
Cauliflower,Kerala,2022,11,Rabi,900,700,1100
Cauliflower,Kerala,2022,12,Rabi,950,800,1200
Cauliflower,Kerala,2023,1,Rabi,1150,1000,1350
Cauliflower,Kerala,2023,2,Rabi,1000,850,1150
Cauliflower,Kerala,2023,11,Rabi,1100,1000,1300
Cauliflower,Kerala,2023,12,Rabi,950,800,1150
Cauliflower,Madhya Pradesh,2020,1,Rabi,700,550,850
Cauliflower,Madhya Pradesh,2020,2,Rabi,850,750,1100
Cauliflower,Madhya Pradesh,2020,11,Rabi,850,700,1000
Cauliflower,Madhya Pradesh,2020,12,Rabi,700,600,850
Cauliflower,Madhya Pradesh,2021,1,Rabi,850,700,1000
Cauliflower,Madhya Pradesh,2021,2,Rabi,1000,850,1100
Cauliflower,Madhya Pradesh,2021,11,Rabi,800,650,950
Cauliflower,Madhya Pradesh,2021,12,Rabi,850,700,1050
Cauliflower,Madhya Pradesh,2022,1,Rabi,950,750,1150
Cauliflower,Madhya Pradesh,2022,2,Rabi,900,750,1050
Cauliflower,Madhya Pradesh,2022,11,Rabi,800,600,1050
Cauliflower,Madhya Pradesh,2022,12,Rabi,850,650,1050
Cauliflower,Madhya Pradesh,2023,1,Rabi,1050,900,1200
Cauliflower,Madhya Pradesh,2023,2,Rabi,1000,900,1200
Cauliflower,Madhya Pradesh,2023,11,Rabi,900,750,1050
Cauliflower,Madhya Pradesh,2023,12,Rabi,1100,950,1300
Cauliflower,Maharashtra,2020,1,Rabi,800,700,950
Cauliflower,Maharashtra,2020,2,Rabi,950,750,1100
Cauliflower,Maharashtra,2020,11,Rabi,950,750,1100
Cauliflower,Maharashtra,2020,12,Rabi,950,800,1100
Cauliflower,Maharashtra,2021,1,Rabi,950,800,1100
Cauliflower,Maharashtra,2021,2,Rabi,900,800,1100
Cauliflower,Maharashtra,2021,11,Rabi,950,800,1100
Cauliflower,Maharashtra,2021,12,Rabi,950,850,1150
Cauliflower,Maharashtra,2022,1,Rabi,1150,1000,1350
Cauliflower,Maharashtra,2022,2,Rabi,950,800,1200
Cauliflower,Maharashtra,2022,11,Rabi,1050,950,1200
Cauliflower,Maharashtra,2022,12,Rabi,1000,900,1200
Cauliflower,Maharashtra,2023,1,Rabi,1100,1000,1200
Cauliflower,Maharashtra,2023,2,Rabi,1050,950,1150
Cauliflower,Maharashtra,2023,11,Rabi,900,750,1100
Cauliflower,Maharashtra,2023,12,Rabi,950,800,1150
Cauliflower,Manipur,2020,1,Rabi,700,600,850
Cauliflower,Manipur,2020,2,Rabi,750,650,950
Cauliflower,Manipur,2020,11,Rabi,750,600,950
Cauliflower,Manipur,2020,12,Rabi,850,700,1050
Cauliflower,Manipur,2021,1,Rabi,800,650,950
Cauliflower,Manipur,2021,2,Rabi,900,750,1050
Cauliflower,Manipur,2021,11,Rabi,700,550,900
Cauliflower,Manipur,2021,12,Rabi,900,750,1050
Cauliflower,Manipur,2022,1,Rabi,750,600,950
Cauliflower,Manipur,2022,2,Rabi,900,700,1100
Cauliflower,Manipur,2022,11,Rabi,950,800,1150
Cauliflower,Manipur,2022,12,Rabi,850,700,1050
Cauliflower,Manipur,2023,1,Rabi,1000,900,1100
Cauliflower,Manipur,2023,2,Rabi,850,700,1100
Cauliflower,Manipur,2023,11,Rabi,800,650,950
Cauliflower,Manipur,2023,12,Rabi,850,700,1100
Cauliflower,Meghalaya,2020,1,Rabi,850,700,1100
Cauliflower,Meghalaya,2020,2,Rabi,800,700,1000
Cauliflower,Meghalaya,2020,11,Rabi,800,650,950
Cauliflower,Meghalaya,2020,12,Rabi,800,650,950
Cauliflower,Meghalaya,2021,1,Rabi,750,650,850
Cauliflower,Meghalaya,2021,2,Rabi,800,700,950
Cauliflower,Meghalaya,2021,11,Rabi,800,650,950
Cauliflower,Meghalaya,2021,12,Rabi,950,750,1100
Cauliflower,Meghalaya,2022,1,Rabi,950,850,1100
Cauliflower,Meghalaya,2022,2,Rabi,850,750,1000
Cauliflower,Meghalaya,2022,11,Rabi,800,700,950
Cauliflower,Meghalaya,2022,12,Rabi,1000,850,1150
Cauliflower,Meghalaya,2023,1,Rabi,1050,950,1200
Cauliflower,Meghalaya,2023,2,Rabi,850,700,1050
Cauliflower,Meghalaya,2023,11,Rabi,850,700,1000
Cauliflower,Meghalaya,2023,12,Rabi,950,800,1250
Cauliflower,Odisha,2020,1,Rabi,750,600,900
Cauliflower,Odisha,2020,2,Rabi,750,650,950
Cauliflower,Odisha,2020,11,Rabi,700,600,850
Cauliflower,Odisha,2020,12,Rabi,900,800,1100
Cauliflower,Odisha,2021,1,Rabi,800,650,950
Cauliflower,Odisha,2021,2,Rabi,900,750,1050
Cauliflower,Odisha,2021,11,Rabi,800,700,1000
Cauliflower,Odisha,2021,12,Rabi,850,700,1100
Cauliflower,Odisha,2022,1,Rabi,900,700,1150
Cauliflower,Odisha,2022,2,Rabi,850,700,1050
Cauliflower,Odisha,2022,11,Rabi,900,700,1150
Cauliflower,Odisha,2022,12,Rabi,850,750,1000
Cauliflower,Odisha,2023,1,Rabi,900,800,1050
Cauliflower,Odisha,2023,2,Rabi,800,650,1000
Cauliflower,Odisha,2023,11,Rabi,1000,900,1200
Cauliflower,Odisha,2023,12,Rabi,950,750,1100
Cauliflower,Punjab,2020,1,Rabi,900,750,1100
Cauliflower,Punjab,2020,2,Rabi,750,600,950
Cauliflower,Punjab,2020,11,Rabi,1000,850,1200
Cauliflower,Punjab,2020,12,Rabi,800,650,950
Cauliflower,Punjab,2021,1,Rabi,850,700,1100
Cauliflower,Punjab,2021,2,Rabi,1050,900,1200
Cauliflower,Punjab,2021,11,Rabi,850,650,1050
Cauliflower,Punjab,2021,12,Rabi,950,850,1200
Cauliflower,Punjab,2022,1,Rabi,1050,900,1250
Cauliflower,Punjab,2022,2,Rabi,950,800,1200
Cauliflower,Punjab,2022,11,Rabi,850,700,1100
Cauliflower,Punjab,2022,12,Rabi,950,850,1200
Cauliflower,Punjab,2023,1,Rabi,1050,950,1250
Cauliflower,Punjab,2023,2,Rabi,1200,1050,1350
Cauliflower,Punjab,2023,11,Rabi,900,750,1150
Cauliflower,Punjab,2023,12,Rabi,900,750,1100
Cauliflower,Rajasthan,2020,1,Rabi,850,700,1000
Cauliflower,Rajasthan,2020,2,Rabi,850,750,1000
Cauliflower,Rajasthan,2020,11,Rabi,900,800,1150
Cauliflower,Rajasthan,2020,12,Rabi,900,800,1150
Cauliflower,Rajasthan,2021,1,Rabi,950,850,1200
Cauliflower,Rajasthan,2021,2,Rabi,950,800,1200
Cauliflower,Rajasthan,2021,11,Rabi,900,700,1150
Cauliflower,Rajasthan,2021,12,Rabi,900,750,1100
Cauliflower,Rajasthan,2022,1,Rabi,950,800,1200
Cauliflower,Rajasthan,2022,2,Rabi,1000,900,1150
Cauliflower,Rajasthan,2022,11,Rabi,850,750,1000
Cauliflower,Rajasthan,2022,12,Rabi,800,700,900
Cauliflower,Rajasthan,2023,1,Rabi,1000,900,1200
Cauliflower,Rajasthan,2023,2,Rabi,850,750,1000
Cauliflower,Rajasthan,2023,11,Rabi,950,800,1100
Cauliflower,Rajasthan,2023,12,Rabi,1050,900,1200
Cauliflower,Tamil Nadu,2020,1,Rabi,750,600,950
Cauliflower,Tamil Nadu,2020,2,Rabi,700,600,850
Cauliflower,Tamil Nadu,2020,11,Rabi,750,650,950
Cauliflower,Tamil Nadu,2020,12,Rabi,850,700,1000
Cauliflower,Tamil Nadu,2021,1,Rabi,1000,900,1150
Cauliflower,Tamil Nadu,2021,2,Rabi,1000,900,1100
Cauliflower,Tamil Nadu,2021,11,Rabi,950,800,1200
Cauliflower,Tamil Nadu,2021,12,Rabi,800,650,1000
Cauliflower,Tamil Nadu,2022,1,Rabi,1000,900,1200
Cauliflower,Tamil Nadu,2022,2,Rabi,900,750,1150
Cauliflower,Tamil Nadu,2022,11,Rabi,950,800,1150
Cauliflower,Tamil Nadu,2022,12,Rabi,1000,900,1200
Cauliflower,Tamil Nadu,2023,1,Rabi,1050,950,1250
Cauliflower,Tamil Nadu,2023,2,Rabi,950,800,1100
Cauliflower,Tamil Nadu,2023,11,Rabi,1000,900,1200
Cauliflower,Tamil Nadu,2023,12,Rabi,850,700,1000
Cauliflower,Telangana,2020,1,Rabi,800,650,950
Cauliflower,Telangana,2020,2,Rabi,750,650,850
Cauliflower,Telangana,2020,11,Rabi,900,700,1100
Cauliflower,Telangana,2020,12,Rabi,950,750,1150
Cauliflower,Telangana,2021,1,Rabi,750,600,900
Cauliflower,Telangana,2021,2,Rabi,750,650,950
Cauliflower,Telangana,2021,11,Rabi,800,700,950
Cauliflower,Telangana,2021,12,Rabi,950,850,1150
Cauliflower,Telangana,2022,1,Rabi,850,700,1100
Cauliflower,Telangana,2022,2,Rabi,900,800,1050
Cauliflower,Telangana,2022,11,Rabi,850,700,1100
Cauliflower,Telangana,2022,12,Rabi,1000,850,1200
Cauliflower,Telangana,2023,1,Rabi,1000,850,1200
Cauliflower,Telangana,2023,2,Rabi,900,750,1100
Cauliflower,Telangana,2023,11,Rabi,1000,900,1150
Cauliflower,Telangana,2023,12,Rabi,1050,950,1250
Cauliflower,Tripura,2020,1,Rabi,750,650,900
Cauliflower,Tripura,2020,2,Rabi,850,750,1100
Cauliflower,Tripura,2020,11,Rabi,800,700,950
Cauliflower,Tripura,2020,12,Rabi,850,750,1000
Cauliflower,Tripura,2021,1,Rabi,750,650,950
Cauliflower,Tripura,2021,2,Rabi,900,700,1100
Cauliflower,Tripura,2021,11,Rabi,900,750,1050
Cauliflower,Tripura,2021,12,Rabi,800,650,1000
Cauliflower,Tripura,2022,1,Rabi,1000,900,1150
Cauliflower,Tripura,2022,2,Rabi,1000,900,1200
Cauliflower,Tripura,2022,11,Rabi,800,650,950
Cauliflower,Tripura,2022,12,Rabi,1000,900,1150
Cauliflower,Tripura,2023,1,Rabi,800,700,1000
Cauliflower,Tripura,2023,2,Rabi,850,750,1100
Cauliflower,Tripura,2023,11,Rabi,900,750,1100
Cauliflower,Tripura,2023,12,Rabi,850,750,1100
Cauliflower,Uttar Pradesh,2020,1,Rabi,900,750,1050
Cauliflower,Uttar Pradesh,2020,2,Rabi,850,650,1100
Cauliflower,Uttar Pradesh,2020,11,Rabi,700,600,900
Cauliflower,Uttar Pradesh,2020,12,Rabi,750,600,950
Cauliflower,Uttar Pradesh,2021,1,Rabi,950,800,1150
Cauliflower,Uttar Pradesh,2021,2,Rabi,950,850,1150
Cauliflower,Uttar Pradesh,2021,11,Rabi,750,650,900
Cauliflower,Uttar Pradesh,2021,12,Rabi,950,800,1100
Cauliflower,Uttar Pradesh,2022,1,Rabi,850,750,1000
Cauliflower,Uttar Pradesh,2022,2,Rabi,850,700,1050
Cauliflower,Uttar Pradesh,2022,11,Rabi,800,700,1050
Cauliflower,Uttar Pradesh,2022,12,Rabi,800,650,1000
Cauliflower,Uttar Pradesh,2023,1,Rabi,1000,900,1200
Cauliflower,Uttar Pradesh,2023,2,Rabi,850,700,1050
Cauliflower,Uttar Pradesh,2023,11,Rabi,1050,950,1300
Cauliflower,Uttar Pradesh,2023,12,Rabi,1000,900,1200
Cauliflower,Uttarakhand,2020,1,Rabi,950,750,1150
Cauliflower,Uttarakhand,2020,2,Rabi,850,750,1000
Cauliflower,Uttarakhand,2020,11,Rabi,950,850,1150
Cauliflower,Uttarakhand,2020,12,Rabi,900,800,1150
Cauliflower,Uttarakhand,2021,1,Rabi,800,700,1000
Cauliflower,Uttarakhand,2021,2,Rabi,800,700,950
Cauliflower,Uttarakhand,2021,11,Rabi,900,750,1150
Cauliflower,Uttarakhand,2021,12,Rabi,900,750,1150
Cauliflower,Uttarakhand,2022,1,Rabi,800,650,950
Cauliflower,Uttarakhand,2022,2,Rabi,1000,850,1200
Cauliflower,Uttarakhand,2022,11,Rabi,950,800,1100
Cauliflower,Uttarakhand,2022,12,Rabi,1000,900,1150
Cauliflower,Uttarakhand,2023,1,Rabi,1050,900,1250
Cauliflower,Uttarakhand,2023,2,Rabi,950,850,1150
Cauliflower,Uttarakhand,2023,11,Rabi,800,650,1000
Cauliflower,Uttarakhand,2023,12,Rabi,1050,900,1250
Cauliflower,West Bengal,2020,1,Rabi,700,600,900
Cauliflower,West Bengal,2020,2,Rabi,800,700,950
Cauliflower,West Bengal,2020,11,Rabi,800,650,1000
Cauliflower,West Bengal,2020,12,Rabi,800,650,1000
Cauliflower,West Bengal,2021,1,Rabi,900,800,1150
Cauliflower,West Bengal,2021,2,Rabi,750,650,850
Cauliflower,West Bengal,2021,11,Rabi,750,600,900
Cauliflower,West Bengal,2021,12,Rabi,900,750,1100
Cauliflower,West Bengal,2022,1,Rabi,1050,900,1250
Cauliflower,West Bengal,2022,2,Rabi,750,600,950
Cauliflower,West Bengal,2022,11,Rabi,850,750,1000
Cauliflower,West Bengal,2022,12,Rabi,1000,900,1200
Cauliflower,West Bengal,2023,1,Rabi,1050,900,1200
Cauliflower,West Bengal,2023,2,Rabi,1000,850,1150
Cauliflower,West Bengal,2023,11,Rabi,950,800,1200
Cauliflower,West Bengal,2023,12,Rabi,850,750,1000
Chana,Andhra Pradesh,2020,2,Rabi,4950,4550,5500
Chana,Andhra Pradesh,2020,3,Rabi,4950,4750,5500
Chana,Andhra Pradesh,2020,4,Rabi,4950,4700,5600
Chana,Andhra Pradesh,2021,2,Rabi,5000,4650,5400
Chana,Andhra Pradesh,2021,3,Rabi,5200,4950,5650
Chana,Andhra Pradesh,2021,4,Rabi,4750,4400,5350
Chana,Andhra Pradesh,2022,2,Rabi,4900,4650,5550
Chana,Andhra Pradesh,2022,3,Rabi,5500,5100,6000
Chana,Andhra Pradesh,2022,4,Rabi,5700,5300,6400
Chana,Andhra Pradesh,2023,2,Rabi,5800,5450,6450
Chana,Andhra Pradesh,2023,3,Rabi,5400,5150,6050
Chana,Andhra Pradesh,2023,4,Rabi,5600,5300,6200
Chana,Assam,2020,2,Rabi,4750,4550,5250
Chana,Assam,2020,3,Rabi,5100,4850,5500
Chana,Assam,2020,4,Rabi,4750,4550,5200
Chana,Assam,2021,2,Rabi,5450,5050,5850
Chana,Assam,2021,3,Rabi,5000,4800,5600
Chana,Assam,2021,4,Rabi,5100,4700,5450
Chana,Assam,2022,2,Rabi,5200,4950,5750
Chana,Assam,2022,3,Rabi,5450,5150,6000
Chana,Assam,2022,4,Rabi,5400,5150,5800
Chana,Assam,2023,2,Rabi,5250,4900,5900
Chana,Assam,2023,3,Rabi,6000,5800,6550
Chana,Assam,2023,4,Rabi,5400,5150,5900
Chana,Bihar,2020,2,Rabi,4400,4100,4950
Chana,Bihar,2020,3,Rabi,4650,4400,5050
Chana,Bihar,2020,4,Rabi,4500,4300,4900
Chana,Bihar,2021,2,Rabi,5100,4900,5650
Chana,Bihar,2021,3,Rabi,5300,5000,5800
Chana,Bihar,2021,4,Rabi,5000,4650,5450
Chana,Bihar,2022,2,Rabi,5350,4950,6000
Chana,Bihar,2022,3,Rabi,5650,5200,6100
Chana,Bihar,2022,4,Rabi,5000,4650,5500
Chana,Bihar,2023,2,Rabi,5250,5050,5650
Chana,Bihar,2023,3,Rabi,5350,4950,5750
Chana,Bihar,2023,4,Rabi,5900,5500,6700
Chana,Chhattisgarh,2020,2,Rabi,4850,4550,5200
Chana,Chhattisgarh,2020,3,Rabi,4750,4450,5400
Chana,Chhattisgarh,2020,4,Rabi,4350,4050,4950
Chana,Chhattisgarh,2021,2,Rabi,5000,4700,5500
Chana,Chhattisgarh,2021,3,Rabi,5050,4800,5650
Chana,Chhattisgarh,2021,4,Rabi,4900,4650,5550
Chana,Chhattisgarh,2022,2,Rabi,5000,4600,5600
Chana,Chhattisgarh,2022,3,Rabi,5150,4850,5750
Chana,Chhattisgarh,2022,4,Rabi,5100,4850,5700
Chana,Chhattisgarh,2023,2,Rabi,5300,5100,6050
Chana,Chhattisgarh,2023,3,Rabi,5100,4750,5450
Chana,Chhattisgarh,2023,4,Rabi,5450,5250,6200
Chana,Goa,2020,2,Rabi,5350,5000,5850
Chana,Goa,2020,3,Rabi,5350,4950,5750
Chana,Goa,2020,4,Rabi,5200,4900,5850
Chana,Goa,2021,2,Rabi,5550,5200,6000
Chana,Goa,2021,3,Rabi,5250,4900,5750
Chana,Goa,2021,4,Rabi,5250,4950,5600
Chana,Goa,2022,2,Rabi,6250,5950,6650
Chana,Goa,2022,3,Rabi,6050,5850,6650
Chana,Goa,2022,4,Rabi,5700,5350,6400
Chana,Goa,2023,2,Rabi,5850,5450,6500
Chana,Goa,2023,3,Rabi,5850,5550,6500
Chana,Goa,2023,4,Rabi,6250,5950,6850
Chana,Gujarat,2020,2,Rabi,4600,4300,5150
Chana,Gujarat,2020,3,Rabi,5350,5000,6100
Chana,Gujarat,2020,4,Rabi,4800,4600,5150
Chana,Gujarat,2021,2,Rabi,5500,5200,6200
Chana,Gujarat,2021,3,Rabi,5300,5000,5950
Chana,Gujarat,2021,4,Rabi,5550,5100,6200
Chana,Gujarat,2022,2,Rabi,5350,4900,6100
Chana,Gujarat,2022,3,Rabi,5100,4850,5500
Chana,Gujarat,2022,4,Rabi,5550,5300,6100
Chana,Gujarat,2023,2,Rabi,5900,5500,6400
Chana,Gujarat,2023,3,Rabi,5650,5250,6350
Chana,Gujarat,2023,4,Rabi,5900,5600,6500
Chana,Haryana,2020,2,Rabi,4950,4600,5450
Chana,Haryana,2020,3,Rabi,5400,5050,5950
Chana,Haryana,2020,4,Rabi,4750,4450,5250
Chana,Haryana,2021,2,Rabi,5550,5250,6250
Chana,Haryana,2021,3,Rabi,5250,4950,5800
Chana,Haryana,2021,4,Rabi,5200,5000,5900
Chana,Haryana,2022,2,Rabi,5700,5450,6300
Chana,Haryana,2022,3,Rabi,5700,5350,6500
Chana,Haryana,2022,4,Rabi,5850,5600,6300
Chana,Haryana,2023,2,Rabi,6000,5800,6600
Chana,Haryana,2023,3,Rabi,5650,5300,6250
Chana,Haryana,2023,4,Rabi,5600,5250,6050
Chana,Himachal Pradesh,2020,2,Rabi,5100,4850,5650
Chana,Himachal Pradesh,2020,3,Rabi,4950,4650,5400
Chana,Himachal Pradesh,2020,4,Rabi,5500,5250,6200
Chana,Himachal Pradesh,2021,2,Rabi,5350,5050,5950
Chana,Himachal Pradesh,2021,3,Rabi,5200,4850,5650
Chana,Himachal Pradesh,2021,4,Rabi,5650,5300,6200
Chana,Himachal Pradesh,2022,2,Rabi,6250,5900,6750
Chana,Himachal Pradesh,2022,3,Rabi,6050,5850,6500
Chana,Himachal Pradesh,2022,4,Rabi,5500,5100,5950
Chana,Himachal Pradesh,2023,2,Rabi,6400,6050,6750
Chana,Himachal Pradesh,2023,3,Rabi,5700,5400,6300
Chana,Himachal Pradesh,2023,4,Rabi,6150,5800,6650
Chana,Jammu & Kashmir,2020,2,Rabi,5750,5400,6450
Chana,Jammu & Kashmir,2020,3,Rabi,5200,5000,5650
Chana,Jammu & Kashmir,2020,4,Rabi,5700,5400,6200
Chana,Jammu & Kashmir,2021,2,Rabi,5700,5400,6250
Chana,Jammu & Kashmir,2021,3,Rabi,6100,5850,6500
Chana,Jammu & Kashmir,2021,4,Rabi,6200,5850,6750
Chana,Jammu & Kashmir,2022,2,Rabi,6300,5900,6650
Chana,Jammu & Kashmir,2022,3,Rabi,6100,5850,6700
Chana,Jammu & Kashmir,2022,4,Rabi,6150,5950,6750
Chana,Jammu & Kashmir,2023,2,Rabi,6900,6650,7450
Chana,Jammu & Kashmir,2023,3,Rabi,6550,6250,7150
Chana,Jammu & Kashmir,2023,4,Rabi,6950,6600,7600
Chana,Jharkhand,2020,2,Rabi,4400,4150,4700
Chana,Jharkhand,2020,3,Rabi,4900,4500,5300
Chana,Jharkhand,2020,4,Rabi,4200,4000,4700
Chana,Jharkhand,2021,2,Rabi,4550,4350,4950
Chana,Jharkhand,2021,3,Rabi,5050,4700,5700
Chana,Jharkhand,2021,4,Rabi,4700,4500,5200
Chana,Jharkhand,2022,2,Rabi,5400,5150,6150
Chana,Jharkhand,2022,3,Rabi,5250,4850,5850
Chana,Jharkhand,2022,4,Rabi,5050,4800,5550
Chana,Jharkhand,2023,2,Rabi,5400,5050,6050
Chana,Jharkhand,2023,3,Rabi,5550,5100,6200
Chana,Jharkhand,2023,4,Rabi,5350,5000,5800
Chana,Karnataka,2020,2,Rabi,5100,4750,5700
Chana,Karnataka,2020,3,Rabi,5200,4850,5850
Chana,Karnataka,2020,4,Rabi,5200,4900,5650
Chana,Karnataka,2021,2,Rabi,5500,5250,6250
Chana,Karnataka,2021,3,Rabi,5550,5300,6150
Chana,Karnataka,2021,4,Rabi,5000,4750,5450
Chana,Karnataka,2022,2,Rabi,5850,5500,6400
Chana,Karnataka,2022,3,Rabi,5850,5550,6450
Chana,Karnataka,2022,4,Rabi,5100,4850,5750
Chana,Karnataka,2023,2,Rabi,5850,5500,6500
Chana,Karnataka,2023,3,Rabi,5900,5600,6400
Chana,Karnataka,2023,4,Rabi,5500,5100,6250
Chana,Kerala,2020,2,Rabi,5250,4950,5750
Chana,Kerala,2020,3,Rabi,5150,4750,5700
Chana,Kerala,2020,4,Rabi,5150,4900,5550
Chana,Kerala,2021,2,Rabi,5300,5000,5900
Chana,Kerala,2021,3,Rabi,5200,4800,5850
Chana,Kerala,2021,4,Rabi,5450,5200,5950
Chana,Kerala,2022,2,Rabi,5550,5250,6100
Chana,Kerala,2022,3,Rabi,6200,5850,6800
Chana,Kerala,2022,4,Rabi,5350,5150,6050
Chana,Kerala,2023,2,Rabi,6500,6250,7000
Chana,Kerala,2023,3,Rabi,6350,6150,6750
Chana,Kerala,2023,4,Rabi,6100,5850,6700
Chana,Madhya Pradesh,2020,2,Rabi,4800,4500,5150
Chana,Madhya Pradesh,2020,3,Rabi,5000,4650,5600
Chana,Madhya Pradesh,2020,4,Rabi,4400,4200,4950
Chana,Madhya Pradesh,2021,2,Rabi,4600,4350,5250
Chana,Madhya Pradesh,2021,3,Rabi,4900,4600,5500
Chana,Madhya Pradesh,2021,4,Rabi,5100,4750,5500
Chana,Madhya Pradesh,2022,2,Rabi,4950,4550,5400
Chana,Madhya Pradesh,2022,3,Rabi,4800,4550,5300
Chana,Madhya Pradesh,2022,4,Rabi,5250,5050,5900
Chana,Madhya Pradesh,2023,2,Rabi,5850,5550,6550
Chana,Madhya Pradesh,2023,3,Rabi,5750,5500,6500
Chana,Madhya Pradesh,2023,4,Rabi,5050,4800,5700
Chana,Maharashtra,2020,2,Rabi,5400,5150,6150
Chana,Maharashtra,2020,3,Rabi,4950,4650,5550
Chana,Maharashtra,2020,4,Rabi,4950,4700,5400
Chana,Maharashtra,2021,2,Rabi,5000,4650,5400
Chana,Maharashtra,2021,3,Rabi,5550,5200,6100
Chana,Maharashtra,2021,4,Rabi,5300,4950,6000
Chana,Maharashtra,2022,2,Rabi,5750,5500,6300
Chana,Maharashtra,2022,3,Rabi,5650,5250,6450
Chana,Maharashtra,2022,4,Rabi,6050,5850,6650
Chana,Maharashtra,2023,2,Rabi,6400,6150,6900
Chana,Maharashtra,2023,3,Rabi,5900,5500,6450
Chana,Maharashtra,2023,4,Rabi,6450,6100,6800
Chana,Manipur,2020,2,Rabi,4450,4100,4850
Chana,Manipur,2020,3,Rabi,4650,4400,5250
Chana,Manipur,2020,4,Rabi,4800,4550,5250
Chana,Manipur,2021,2,Rabi,5000,4700,5600
Chana,Manipur,2021,3,Rabi,4950,4550,5450
Chana,Manipur,2021,4,Rabi,5200,4800,5700
Chana,Manipur,2022,2,Rabi,5450,5200,5850
Chana,Manipur,2022,3,Rabi,5700,5400,6400
Chana,Manipur,2022,4,Rabi,5650,5350,6050
Chana,Manipur,2023,2,Rabi,5850,5400,6350
Chana,Manipur,2023,3,Rabi,5950,5600,6750
Chana,Manipur,2023,4,Rabi,5650,5300,6250
Chana,Meghalaya,2020,2,Rabi,4650,4450,5000
Chana,Meghalaya,2020,3,Rabi,4650,4450,5200
Chana,Meghalaya,2020,4,Rabi,4550,4300,4900
Chana,Meghalaya,2021,2,Rabi,4550,4300,4950
Chana,Meghalaya,2021,3,Rabi,5000,4750,5600
Chana,Meghalaya,2021,4,Rabi,4650,4350,5050
Chana,Meghalaya,2022,2,Rabi,5300,4900,5900
Chana,Meghalaya,2022,3,Rabi,4950,4750,5400
Chana,Meghalaya,2022,4,Rabi,5350,5050,6050
Chana,Meghalaya,2023,2,Rabi,5550,5300,5950
Chana,Meghalaya,2023,3,Rabi,5650,5350,6150
Chana,Meghalaya,2023,4,Rabi,5400,5000,6000
Chana,Odisha,2020,2,Rabi,4200,4000,4600
Chana,Odisha,2020,3,Rabi,4450,4250,4850
Chana,Odisha,2020,4,Rabi,4450,4150,4750
Chana,Odisha,2021,2,Rabi,5150,4850,5500
Chana,Odisha,2021,3,Rabi,4750,4550,5150
Chana,Odisha,2021,4,Rabi,4850,4650,5300
Chana,Odisha,2022,2,Rabi,4750,4500,5150
Chana,Odisha,2022,3,Rabi,4750,4350,5150
Chana,Odisha,2022,4,Rabi,5150,4900,5600
Chana,Odisha,2023,2,Rabi,5300,5050,5800
Chana,Odisha,2023,3,Rabi,5450,5150,5950
Chana,Odisha,2023,4,Rabi,5300,5000,5700
Chana,Punjab,2020,2,Rabi,5400,5150,5800
Chana,Punjab,2020,3,Rabi,5050,4700,5600
Chana,Punjab,2020,4,Rabi,4950,4650,5500
Chana,Punjab,2021,2,Rabi,5500,5150,6250
Chana,Punjab,2021,3,Rabi,5350,4900,5750
Chana,Punjab,2021,4,Rabi,5200,4850,5650
Chana,Punjab,2022,2,Rabi,5800,5550,6600
Chana,Punjab,2022,3,Rabi,5950,5500,6700
Chana,Punjab,2022,4,Rabi,5900,5600,6400
Chana,Punjab,2023,2,Rabi,6250,6000,6800
Chana,Punjab,2023,3,Rabi,6250,5900,6850
Chana,Punjab,2023,4,Rabi,6100,5900,6450
Chana,Rajasthan,2020,2,Rabi,5050,4750,5550
Chana,Rajasthan,2020,3,Rabi,5150,4800,5800
Chana,Rajasthan,2020,4,Rabi,5200,4850,5600
Chana,Rajasthan,2021,2,Rabi,5300,5050,5950
Chana,Rajasthan,2021,3,Rabi,5200,4900,5900
Chana,Rajasthan,2021,4,Rabi,4950,4700,5350
Chana,Rajasthan,2022,2,Rabi,5050,4800,5550
Chana,Rajasthan,2022,3,Rabi,5850,5600,6650
Chana,Rajasthan,2022,4,Rabi,5800,5400,6550
Chana,Rajasthan,2023,2,Rabi,5450,5200,6100
Chana,Rajasthan,2023,3,Rabi,5300,4950,5800
Chana,Rajasthan,2023,4,Rabi,5350,5050,6100
Chana,Tamil Nadu,2020,2,Rabi,4750,4400,5100
Chana,Tamil Nadu,2020,3,Rabi,5050,4850,5500
Chana,Tamil Nadu,2020,4,Rabi,5050,4750,5500
Chana,Tamil Nadu,2021,2,Rabi,5600,5250,6100
Chana,Tamil Nadu,2021,3,Rabi,5500,5150,6000
Chana,Tamil Nadu,2021,4,Rabi,5400,5000,6050
Chana,Tamil Nadu,2022,2,Rabi,5650,5200,6200
Chana,Tamil Nadu,2022,3,Rabi,5700,5300,6200
Chana,Tamil Nadu,2022,4,Rabi,5550,5250,6100
Chana,Tamil Nadu,2023,2,Rabi,5500,5250,6150
Chana,Tamil Nadu,2023,3,Rabi,6000,5750,6500
Chana,Tamil Nadu,2023,4,Rabi,6000,5700,6400
Chana,Telangana,2020,2,Rabi,4850,4500,5200
Chana,Telangana,2020,3,Rabi,4950,4550,5400
Chana,Telangana,2020,4,Rabi,5300,4900,5850
Chana,Telangana,2021,2,Rabi,5750,5400,6350
Chana,Telangana,2021,3,Rabi,5600,5300,6350
Chana,Telangana,2021,4,Rabi,5250,4950,5900
Chana,Telangana,2022,2,Rabi,5550,5200,6250
Chana,Telangana,2022,3,Rabi,5350,5050,6000
Chana,Telangana,2022,4,Rabi,5500,5200,6000
Chana,Telangana,2023,2,Rabi,6250,5950,6850
Chana,Telangana,2023,3,Rabi,5800,5500,6250
Chana,Telangana,2023,4,Rabi,5950,5700,6650
Chana,Tripura,2020,2,Rabi,4350,4050,4800
Chana,Tripura,2020,3,Rabi,5100,4800,5650
Chana,Tripura,2020,4,Rabi,4550,4200,5100
Chana,Tripura,2021,2,Rabi,5200,4850,5850
Chana,Tripura,2021,3,Rabi,5300,4900,5800
Chana,Tripura,2021,4,Rabi,5350,4900,5850
Chana,Tripura,2022,2,Rabi,5050,4800,5500
Chana,Tripura,2022,3,Rabi,5350,5100,5800
Chana,Tripura,2022,4,Rabi,4950,4600,5600
Chana,Tripura,2023,2,Rabi,5750,5350,6200
Chana,Tripura,2023,3,Rabi,5700,5400,6100
Chana,Tripura,2023,4,Rabi,5750,5450,6550
Chana,Uttar Pradesh,2020,2,Rabi,4550,4250,4900
Chana,Uttar Pradesh,2020,3,Rabi,5050,4700,5500
Chana,Uttar Pradesh,2020,4,Rabi,4850,4600,5250
Chana,Uttar Pradesh,2021,2,Rabi,5000,4750,5350
Chana,Uttar Pradesh,2021,3,Rabi,4950,4600,5350
Chana,Uttar Pradesh,2021,4,Rabi,5250,4850,5600
Chana,Uttar Pradesh,2022,2,Rabi,5700,5300,6500
Chana,Uttar Pradesh,2022,3,Rabi,5800,5500,6450
Chana,Uttar Pradesh,2022,4,Rabi,5550,5250,6200
Chana,Uttar Pradesh,2023,2,Rabi,6050,5800,6500
Chana,Uttar Pradesh,2023,3,Rabi,5850,5600,6600
Chana,Uttar Pradesh,2023,4,Rabi,5400,5150,5900
Chana,Uttarakhand,2020,2,Rabi,4600,4300,5100
Chana,Uttarakhand,2020,3,Rabi,4750,4500,5150
Chana,Uttarakhand,2020,4,Rabi,4650,4350,5000
Chana,Uttarakhand,2021,2,Rabi,5350,5050,5800
Chana,Uttarakhand,2021,3,Rabi,4950,4600,5400
Chana,Uttarakhand,2021,4,Rabi,4800,4600,5300
Chana,Uttarakhand,2022,2,Rabi,5150,4800,5550
Chana,Uttarakhand,2022,3,Rabi,5300,4950,5850
Chana,Uttarakhand,2022,4,Rabi,5050,4700,5600
Chana,Uttarakhand,2023,2,Rabi,5600,5250,6200
Chana,Uttarakhand,2023,3,Rabi,5500,5200,5950
Chana,Uttarakhand,2023,4,Rabi,5250,4900,5750
Chana,West Bengal,2020,2,Rabi,4500,4200,4950
Chana,West Bengal,2020,3,Rabi,4600,4350,4950
Chana,West Bengal,2020,4,Rabi,4900,4600,5350
Chana,West Bengal,2021,2,Rabi,4950,4750,5650
Chana,West Bengal,2021,3,Rabi,4750,4400,5300
Chana,West Bengal,2021,4,Rabi,4800,4450,5450
Chana,West Bengal,2022,2,Rabi,5000,4800,5650
Chana,West Bengal,2022,3,Rabi,5250,4900,5950
Chana,West Bengal,2022,4,Rabi,4800,4550,5350
Chana,West Bengal,2023,2,Rabi,5150,4850,5700
Chana,West Bengal,2023,3,Rabi,5450,5100,5850
Chana,West Bengal,2023,4,Rabi,5650,5200,6350
Cotton,Andhra Pradesh,2020,9,Kharif,5400,5150,6000
Cotton,Andhra Pradesh,2020,10,Kharif,5200,4800,5900
Cotton,Andhra Pradesh,2020,11,Kharif,5550,5300,6300
Cotton,Andhra Pradesh,2020,12,Kharif,5100,4700,5650
Cotton,Andhra Pradesh,2021,9,Kharif,5800,5450,6200
Cotton,Andhra Pradesh,2021,10,Kharif,5300,5000,6000
Cotton,Andhra Pradesh,2021,11,Kharif,5800,5550,6550
Cotton,Andhra Pradesh,2021,12,Kharif,5600,5350,6050
Cotton,Andhra Pradesh,2022,9,Kharif,5400,5100,5900
Cotton,Andhra Pradesh,2022,10,Kharif,5550,5250,6200
Cotton,Andhra Pradesh,2022,11,Kharif,5550,5200,6150
Cotton,Andhra Pradesh,2022,12,Kharif,5950,5550,6750
Cotton,Andhra Pradesh,2023,9,Kharif,6400,6100,6850
Cotton,Andhra Pradesh,2023,10,Kharif,6350,6000,6800
Cotton,Andhra Pradesh,2023,11,Kharif,5700,5300,6150
Cotton,Andhra Pradesh,2023,12,Kharif,6200,5950,6800
Cotton,Assam,2020,9,Kharif,5500,5050,6200
Cotton,Assam,2020,10,Kharif,4950,4600,5600
Cotton,Assam,2020,11,Kharif,4800,4500,5350
Cotton,Assam,2020,12,Kharif,5500,5100,5950
Cotton,Assam,2021,9,Kharif,5550,5300,6150
Cotton,Assam,2021,10,Kharif,5200,4900,5850
Cotton,Assam,2021,11,Kharif,5600,5250,6300
Cotton,Assam,2021,12,Kharif,5400,5200,5950
Cotton,Assam,2022,9,Kharif,5450,5200,6200
Cotton,Assam,2022,10,Kharif,5700,5450,6150
Cotton,Assam,2022,11,Kharif,6150,5800,6700
Cotton,Assam,2022,12,Kharif,5550,5150,6300
Cotton,Assam,2023,9,Kharif,5950,5550,6600
Cotton,Assam,2023,10,Kharif,5650,5350,6150
Cotton,Assam,2023,11,Kharif,6350,6100,6950
Cotton,Assam,2023,12,Kharif,5850,5600,6500
Cotton,Bihar,2020,9,Kharif,5400,5000,6150
Cotton,Bihar,2020,10,Kharif,4750,4400,5200
Cotton,Bihar,2020,11,Kharif,4950,4600,5350
Cotton,Bihar,2020,12,Kharif,4950,4650,5600
Cotton,Bihar,2021,9,Kharif,5800,5350,6400
Cotton,Bihar,2021,10,Kharif,5600,5300,6000
Cotton,Bihar,2021,11,Kharif,5100,4850,5650
Cotton,Bihar,2021,12,Kharif,5200,4900,5850
Cotton,Bihar,2022,9,Kharif,5550,5150,6250
Cotton,Bihar,2022,10,Kharif,5450,5100,6000
Cotton,Bihar,2022,11,Kharif,5350,5000,6050
Cotton,Bihar,2022,12,Kharif,6000,5800,6550
Cotton,Bihar,2023,9,Kharif,6200,5900,6650
Cotton,Bihar,2023,10,Kharif,5800,5450,6600
Cotton,Bihar,2023,11,Kharif,6200,5950,6650
Cotton,Bihar,2023,12,Kharif,6400,6100,6950
Cotton,Chhattisgarh,2020,9,Kharif,5100,4800,5600
Cotton,Chhattisgarh,2020,10,Kharif,5150,4850,5500
Cotton,Chhattisgarh,2020,11,Kharif,5300,5050,5900
Cotton,Chhattisgarh,2020,12,Kharif,4700,4350,5200
Cotton,Chhattisgarh,2021,9,Kharif,5300,5000,5700
Cotton,Chhattisgarh,2021,10,Kharif,5050,4750,5650
Cotton,Chhattisgarh,2021,11,Kharif,5200,4950,5650
Cotton,Chhattisgarh,2021,12,Kharif,5100,4700,5500
Cotton,Chhattisgarh,2022,9,Kharif,5400,4950,5800
Cotton,Chhattisgarh,2022,10,Kharif,5250,4950,5850
Cotton,Chhattisgarh,2022,11,Kharif,5800,5400,6450
Cotton,Chhattisgarh,2022,12,Kharif,5400,5050,5900
Cotton,Chhattisgarh,2023,9,Kharif,6100,5750,6550
Cotton,Chhattisgarh,2023,10,Kharif,6250,6050,6600
Cotton,Chhattisgarh,2023,11,Kharif,5650,5350,6450
Cotton,Chhattisgarh,2023,12,Kharif,6000,5750,6350
Cotton,Goa,2020,9,Kharif,5650,5400,6100
Cotton,Goa,2020,10,Kharif,5900,5550,6450
Cotton,Goa,2020,11,Kharif,5850,5600,6650
Cotton,Goa,2020,12,Kharif,6050,5850,6550
Cotton,Goa,2021,9,Kharif,6700,6400,7350
Cotton,Goa,2021,10,Kharif,6200,6000,6550
Cotton,Goa,2021,11,Kharif,6500,6250,6850
Cotton,Goa,2021,12,Kharif,6100,5850,6650
Cotton,Goa,2022,9,Kharif,7050,6650,7600
Cotton,Goa,2022,10,Kharif,6950,6650,7300
Cotton,Goa,2022,11,Kharif,6800,6400,7300
Cotton,Goa,2022,12,Kharif,6650,6250,7150
Cotton,Goa,2023,9,Kharif,6850,6600,7200
Cotton,Goa,2023,10,Kharif,7050,6800,7700
Cotton,Goa,2023,11,Kharif,6950,6650,7450
Cotton,Goa,2023,12,Kharif,6650,6350,7250
Cotton,Gujarat,2020,9,Kharif,5300,5000,5900
Cotton,Gujarat,2020,10,Kharif,5550,5200,6100
Cotton,Gujarat,2020,11,Kharif,5600,5150,6350
Cotton,Gujarat,2020,12,Kharif,5500,5250,6150
Cotton,Gujarat,2021,9,Kharif,5200,4850,5650
Cotton,Gujarat,2021,10,Kharif,5950,5600,6650
Cotton,Gujarat,2021,11,Kharif,5650,5250,6450
Cotton,Gujarat,2021,12,Kharif,5800,5500,6350
Cotton,Gujarat,2022,9,Kharif,5950,5700,6700
Cotton,Gujarat,2022,10,Kharif,5950,5650,6450
Cotton,Gujarat,2022,11,Kharif,6400,6050,6900
Cotton,Gujarat,2022,12,Kharif,6350,6000,6750
Cotton,Gujarat,2023,9,Kharif,6000,5700,6400
Cotton,Gujarat,2023,10,Kharif,6600,6350,6950
Cotton,Gujarat,2023,11,Kharif,6300,6100,6950
Cotton,Gujarat,2023,12,Kharif,5850,5450,6350
Cotton,Haryana,2020,9,Kharif,5750,5450,6550
Cotton,Haryana,2020,10,Kharif,5600,5200,6200
Cotton,Haryana,2020,11,Kharif,5900,5550,6400
Cotton,Haryana,2020,12,Kharif,5600,5250,6050
Cotton,Haryana,2021,9,Kharif,6400,6100,6800
Cotton,Haryana,2021,10,Kharif,5950,5650,6600
Cotton,Haryana,2021,11,Kharif,6000,5650,6350
Cotton,Haryana,2021,12,Kharif,6600,6200,6950
Cotton,Haryana,2022,9,Kharif,6200,6000,6750
Cotton,Haryana,2022,10,Kharif,5950,5600,6600
Cotton,Haryana,2022,11,Kharif,6350,6100,6800
Cotton,Haryana,2022,12,Kharif,6700,6500,7350
Cotton,Haryana,2023,9,Kharif,6400,6200,6850
Cotton,Haryana,2023,10,Kharif,7300,6900,7850
Cotton,Haryana,2023,11,Kharif,6950,6700,7300
Cotton,Haryana,2023,12,Kharif,6800,6500,7150
Cotton,Himachal Pradesh,2020,9,Kharif,5700,5350,6150
Cotton,Himachal Pradesh,2020,10,Kharif,5500,5050,6000
Cotton,Himachal Pradesh,2020,11,Kharif,6200,6000,6650
Cotton,Himachal Pradesh,2020,12,Kharif,6050,5800,6550
Cotton,Himachal Pradesh,2021,9,Kharif,5850,5600,6500
Cotton,Himachal Pradesh,2021,10,Kharif,6350,6000,6900
Cotton,Himachal Pradesh,2021,11,Kharif,6200,5950,6650
Cotton,Himachal Pradesh,2021,12,Kharif,5750,5450,6500
Cotton,Himachal Pradesh,2022,9,Kharif,6800,6550,7250
Cotton,Himachal Pradesh,2022,10,Kharif,6600,6250,6950
Cotton,Himachal Pradesh,2022,11,Kharif,6150,5850,6550
Cotton,Himachal Pradesh,2022,12,Kharif,6900,6700,7550
Cotton,Himachal Pradesh,2023,9,Kharif,6900,6500,7350
Cotton,Himachal Pradesh,2023,10,Kharif,7300,7000,8000
Cotton,Himachal Pradesh,2023,11,Kharif,6300,5950,6750
Cotton,Himachal Pradesh,2023,12,Kharif,6900,6650,7450
Cotton,Jammu & Kashmir,2020,9,Kharif,5850,5400,6650
Cotton,Jammu & Kashmir,2020,10,Kharif,5950,5600,6700
Cotton,Jammu & Kashmir,2020,11,Kharif,5950,5700,6400
Cotton,Jammu & Kashmir,2020,12,Kharif,6400,6200,6950
Cotton,Jammu & Kashmir,2021,9,Kharif,6200,6000,6600
Cotton,Jammu & Kashmir,2021,10,Kharif,5950,5500,6600
Cotton,Jammu & Kashmir,2021,11,Kharif,6400,6100,6950
Cotton,Jammu & Kashmir,2021,12,Kharif,6200,5950,6750
Cotton,Jammu & Kashmir,2022,9,Kharif,6500,6200,7000
Cotton,Jammu & Kashmir,2022,10,Kharif,6850,6650,7500
Cotton,Jammu & Kashmir,2022,11,Kharif,7000,6650,7700
Cotton,Jammu & Kashmir,2022,12,Kharif,6200,6000,6800
Cotton,Jammu & Kashmir,2023,9,Kharif,6850,6650,7450
Cotton,Jammu & Kashmir,2023,10,Kharif,6800,6600,7350
Cotton,Jammu & Kashmir,2023,11,Kharif,7150,6750,7800
Cotton,Jammu & Kashmir,2023,12,Kharif,6650,6350,7300
Cotton,Jharkhand,2020,9,Kharif,4800,4600,5250
Cotton,Jharkhand,2020,10,Kharif,5350,5050,6050
Cotton,Jharkhand,2020,11,Kharif,4950,4650,5550
Cotton,Jharkhand,2020,12,Kharif,5200,4950,5550
Cotton,Jharkhand,2021,9,Kharif,5500,5100,5900
Cotton,Jharkhand,2021,10,Kharif,5500,5250,6150
Cotton,Jharkhand,2021,11,Kharif,5000,4650,5500
Cotton,Jharkhand,2021,12,Kharif,5200,4850,5850
Cotton,Jharkhand,2022,9,Kharif,5450,5050,5900
Cotton,Jharkhand,2022,10,Kharif,5850,5400,6300
Cotton,Jharkhand,2022,11,Kharif,5900,5450,6350
Cotton,Jharkhand,2022,12,Kharif,5750,5350,6200
Cotton,Jharkhand,2023,9,Kharif,5650,5300,6250
Cotton,Jharkhand,2023,10,Kharif,5450,5200,6150
Cotton,Jharkhand,2023,11,Kharif,6000,5800,6550
Cotton,Jharkhand,2023,12,Kharif,5650,5300,6350
Cotton,Karnataka,2020,9,Kharif,5500,5250,6200
Cotton,Karnataka,2020,10,Kharif,5300,5050,6000
Cotton,Karnataka,2020,11,Kharif,5500,5100,6200
Cotton,Karnataka,2020,12,Kharif,5600,5250,6100
Cotton,Karnataka,2021,9,Kharif,5500,5200,6250
Cotton,Karnataka,2021,10,Kharif,5950,5650,6550
Cotton,Karnataka,2021,11,Kharif,5750,5350,6500
Cotton,Karnataka,2021,12,Kharif,5450,5200,6000
Cotton,Karnataka,2022,9,Kharif,5500,5150,5900
Cotton,Karnataka,2022,10,Kharif,6400,6200,6950
Cotton,Karnataka,2022,11,Kharif,5900,5500,6600
Cotton,Karnataka,2022,12,Kharif,6350,6100,6700
Cotton,Karnataka,2023,9,Kharif,5800,5550,6300
Cotton,Karnataka,2023,10,Kharif,6250,6000,6700
Cotton,Karnataka,2023,11,Kharif,6200,5850,6750
Cotton,Karnataka,2023,12,Kharif,6200,6000,6750
Cotton,Kerala,2020,9,Kharif,6200,5950,6600
Cotton,Kerala,2020,10,Kharif,6000,5700,6400
Cotton,Kerala,2020,11,Kharif,5450,5000,6200
Cotton,Kerala,2020,12,Kharif,5400,5050,6150
Cotton,Kerala,2021,9,Kharif,5800,5400,6400
Cotton,Kerala,2021,10,Kharif,6050,5850,6450
Cotton,Kerala,2021,11,Kharif,6500,6100,6900
Cotton,Kerala,2021,12,Kharif,6000,5650,6400
Cotton,Kerala,2022,9,Kharif,6250,5950,6850
Cotton,Kerala,2022,10,Kharif,6600,6300,7250
Cotton,Kerala,2022,11,Kharif,6650,6350,7050
Cotton,Kerala,2022,12,Kharif,6100,5900,6450
Cotton,Kerala,2023,9,Kharif,6350,6150,6900
Cotton,Kerala,2023,10,Kharif,6550,6250,7000
Cotton,Kerala,2023,11,Kharif,6850,6500,7500
Cotton,Kerala,2023,12,Kharif,6850,6500,7200
Cotton,Madhya Pradesh,2020,9,Kharif,5600,5150,6000
Cotton,Madhya Pradesh,2020,10,Kharif,5600,5300,6000
Cotton,Madhya Pradesh,2020,11,Kharif,5250,4900,5950
Cotton,Madhya Pradesh,2020,12,Kharif,5450,5150,6150
Cotton,Madhya Pradesh,2021,9,Kharif,5750,5400,6500
Cotton,Madhya Pradesh,2021,10,Kharif,5650,5200,6350
Cotton,Madhya Pradesh,2021,11,Kharif,5850,5550,6350
Cotton,Madhya Pradesh,2021,12,Kharif,5300,5000,5800
Cotton,Madhya Pradesh,2022,9,Kharif,6300,6000,6900
Cotton,Madhya Pradesh,2022,10,Kharif,6300,6050,6650
Cotton,Madhya Pradesh,2022,11,Kharif,5750,5400,6400
Cotton,Madhya Pradesh,2022,12,Kharif,5500,5050,6150
Cotton,Madhya Pradesh,2023,9,Kharif,5800,5350,6300
Cotton,Madhya Pradesh,2023,10,Kharif,6550,6250,6900
Cotton,Madhya Pradesh,2023,11,Kharif,6200,5950,6650
Cotton,Madhya Pradesh,2023,12,Kharif,5750,5450,6250
Cotton,Maharashtra,2020,9,Kharif,5350,5100,6000
Cotton,Maharashtra,2020,10,Kharif,5500,5100,5900
Cotton,Maharashtra,2020,11,Kharif,5400,5000,5900
Cotton,Maharashtra,2020,12,Kharif,5450,5200,5900
Cotton,Maharashtra,2021,9,Kharif,6050,5700,6600
Cotton,Maharashtra,2021,10,Kharif,5650,5300,6100
Cotton,Maharashtra,2021,11,Kharif,5850,5400,6350
Cotton,Maharashtra,2021,12,Kharif,5600,5350,6100
Cotton,Maharashtra,2022,9,Kharif,6100,5900,6600
Cotton,Maharashtra,2022,10,Kharif,5800,5500,6300
Cotton,Maharashtra,2022,11,Kharif,6400,6150,6900
Cotton,Maharashtra,2022,12,Kharif,6250,6000,6850
Cotton,Maharashtra,2023,9,Kharif,6450,6100,6800
Cotton,Maharashtra,2023,10,Kharif,6450,6100,6800
Cotton,Maharashtra,2023,11,Kharif,6900,6600,7450
Cotton,Maharashtra,2023,12,Kharif,5950,5650,6650
Cotton,Manipur,2020,9,Kharif,5300,5000,5700
Cotton,Manipur,2020,10,Kharif,5250,5050,5800
Cotton,Manipur,2020,11,Kharif,5100,4850,5450
Cotton,Manipur,2020,12,Kharif,4800,4550,5250
Cotton,Manipur,2021,9,Kharif,5600,5350,6300
Cotton,Manipur,2021,10,Kharif,5900,5600,6550
Cotton,Manipur,2021,11,Kharif,5350,4950,5950
Cotton,Manipur,2021,12,Kharif,5250,4950,5650
Cotton,Manipur,2022,9,Kharif,5900,5450,6450
Cotton,Manipur,2022,10,Kharif,5600,5200,6050
Cotton,Manipur,2022,11,Kharif,6200,5900,6550
Cotton,Manipur,2022,12,Kharif,5650,5350,6250
Cotton,Manipur,2023,9,Kharif,6550,6350,7200
Cotton,Manipur,2023,10,Kharif,6500,6250,7100
Cotton,Manipur,2023,11,Kharif,5750,5350,6200
Cotton,Manipur,2023,12,Kharif,5800,5550,6600
Cotton,Meghalaya,2020,9,Kharif,4950,4550,5350
Cotton,Meghalaya,2020,10,Kharif,5000,4650,5650
Cotton,Meghalaya,2020,11,Kharif,4900,4700,5550
Cotton,Meghalaya,2020,12,Kharif,5400,5100,5800
Cotton,Meghalaya,2021,9,Kharif,5350,5100,5750
Cotton,Meghalaya,2021,10,Kharif,5600,5300,6150
Cotton,Meghalaya,2021,11,Kharif,5200,5000,5900
Cotton,Meghalaya,2021,12,Kharif,5650,5200,6400
Cotton,Meghalaya,2022,9,Kharif,6100,5750,6500
Cotton,Meghalaya,2022,10,Kharif,5650,5400,6250
Cotton,Meghalaya,2022,11,Kharif,6000,5700,6400
Cotton,Meghalaya,2022,12,Kharif,5300,5050,6000
Cotton,Meghalaya,2023,9,Kharif,6350,6100,6700
Cotton,Meghalaya,2023,10,Kharif,5750,5500,6500
Cotton,Meghalaya,2023,11,Kharif,6000,5800,6400
Cotton,Meghalaya,2023,12,Kharif,6500,6150,6900
Cotton,Odisha,2020,9,Kharif,5350,5050,6050
Cotton,Odisha,2020,10,Kharif,5500,5250,6000
Cotton,Odisha,2020,11,Kharif,5200,4900,5650
Cotton,Odisha,2020,12,Kharif,5200,4850,5650
Cotton,Odisha,2021,9,Kharif,5750,5300,6500
Cotton,Odisha,2021,10,Kharif,5550,5150,6300
Cotton,Odisha,2021,11,Kharif,5400,5150,5900
Cotton,Odisha,2021,12,Kharif,5350,5100,6050
Cotton,Odisha,2022,9,Kharif,5550,5150,6050
Cotton,Odisha,2022,10,Kharif,5900,5450,6650
Cotton,Odisha,2022,11,Kharif,5650,5200,6350
Cotton,Odisha,2022,12,Kharif,6050,5700,6600
Cotton,Odisha,2023,9,Kharif,6100,5800,6600
Cotton,Odisha,2023,10,Kharif,6300,6000,6850
Cotton,Odisha,2023,11,Kharif,5700,5300,6250
Cotton,Odisha,2023,12,Kharif,6000,5650,6400
Cotton,Punjab,2020,9,Kharif,6000,5750,6400
Cotton,Punjab,2020,10,Kharif,6000,5650,6350
Cotton,Punjab,2020,11,Kharif,5350,4950,6100
Cotton,Punjab,2020,12,Kharif,5750,5450,6500
Cotton,Punjab,2021,9,Kharif,6350,6150,6900
Cotton,Punjab,2021,10,Kharif,6550,6200,6900
Cotton,Punjab,2021,11,Kharif,6200,5850,6750
Cotton,Punjab,2021,12,Kharif,5800,5400,6600
Cotton,Punjab,2022,9,Kharif,6100,5850,6650
Cotton,Punjab,2022,10,Kharif,6400,6200,6800
Cotton,Punjab,2022,11,Kharif,6400,6100,6750
Cotton,Punjab,2022,12,Kharif,6000,5700,6600
Cotton,Punjab,2023,9,Kharif,6650,6450,7100
Cotton,Punjab,2023,10,Kharif,7000,6600,7650
Cotton,Punjab,2023,11,Kharif,6850,6500,7500
Cotton,Punjab,2023,12,Kharif,6300,5950,6600
Cotton,Rajasthan,2020,9,Kharif,5600,5250,6100
Cotton,Rajasthan,2020,10,Kharif,5100,4850,5550
Cotton,Rajasthan,2020,11,Kharif,5350,5000,5850
Cotton,Rajasthan,2020,12,Kharif,5300,5050,5700
Cotton,Rajasthan,2021,9,Kharif,5750,5400,6400
Cotton,Rajasthan,2021,10,Kharif,5800,5450,6300
Cotton,Rajasthan,2021,11,Kharif,5800,5500,6400
Cotton,Rajasthan,2021,12,Kharif,5950,5700,6600
Cotton,Rajasthan,2022,9,Kharif,6050,5700,6600
Cotton,Rajasthan,2022,10,Kharif,6150,5900,6750
Cotton,Rajasthan,2022,11,Kharif,5950,5550,6600
Cotton,Rajasthan,2022,12,Kharif,5900,5550,6600
Cotton,Rajasthan,2023,9,Kharif,5950,5500,6750
Cotton,Rajasthan,2023,10,Kharif,6000,5700,6500
Cotton,Rajasthan,2023,11,Kharif,5700,5450,6500
Cotton,Rajasthan,2023,12,Kharif,5750,5350,6200
Cotton,Tamil Nadu,2020,9,Kharif,5550,5200,6200
Cotton,Tamil Nadu,2020,10,Kharif,5600,5200,6350
Cotton,Tamil Nadu,2020,11,Kharif,5600,5150,6100
Cotton,Tamil Nadu,2020,12,Kharif,5400,5050,5950
Cotton,Tamil Nadu,2021,9,Kharif,5800,5450,6300
Cotton,Tamil Nadu,2021,10,Kharif,6200,5900,6700
Cotton,Tamil Nadu,2021,11,Kharif,6100,5850,6400
Cotton,Tamil Nadu,2021,12,Kharif,6300,6000,6700
Cotton,Tamil Nadu,2022,9,Kharif,6150,5850,6550
Cotton,Tamil Nadu,2022,10,Kharif,5950,5550,6450
Cotton,Tamil Nadu,2022,11,Kharif,6500,6150,6950
Cotton,Tamil Nadu,2022,12,Kharif,6050,5800,6400
Cotton,Tamil Nadu,2023,9,Kharif,6400,6000,6850
Cotton,Tamil Nadu,2023,10,Kharif,6550,6300,7150
Cotton,Tamil Nadu,2023,11,Kharif,6400,6100,6900
Cotton,Tamil Nadu,2023,12,Kharif,6950,6550,7450
Cotton,Telangana,2020,9,Kharif,5500,5100,6250
Cotton,Telangana,2020,10,Kharif,5800,5400,6400
Cotton,Telangana,2020,11,Kharif,5350,5000,5900
Cotton,Telangana,2020,12,Kharif,5600,5300,6150
Cotton,Telangana,2021,9,Kharif,6150,5850,6650
Cotton,Telangana,2021,10,Kharif,6050,5800,6650
Cotton,Telangana,2021,11,Kharif,5750,5400,6200
Cotton,Telangana,2021,12,Kharif,5950,5600,6450
Cotton,Telangana,2022,9,Kharif,5750,5500,6300
Cotton,Telangana,2022,10,Kharif,6350,6050,6900
Cotton,Telangana,2022,11,Kharif,6100,5850,6650
Cotton,Telangana,2022,12,Kharif,6350,6150,6750
Cotton,Telangana,2023,9,Kharif,6150,5900,6600
Cotton,Telangana,2023,10,Kharif,6950,6750,7500
Cotton,Telangana,2023,11,Kharif,6700,6450,7200
Cotton,Telangana,2023,12,Kharif,6950,6600,7550
Cotton,Tripura,2020,9,Kharif,5300,5100,5950
Cotton,Tripura,2020,10,Kharif,5200,4850,5800
Cotton,Tripura,2020,11,Kharif,5100,4700,5650
Cotton,Tripura,2020,12,Kharif,5050,4750,5500
Cotton,Tripura,2021,9,Kharif,5400,5100,6050
Cotton,Tripura,2021,10,Kharif,5100,4850,5600
Cotton,Tripura,2021,11,Kharif,5250,4900,5700
Cotton,Tripura,2021,12,Kharif,5200,4900,5650
Cotton,Tripura,2022,9,Kharif,5700,5300,6450
Cotton,Tripura,2022,10,Kharif,6050,5850,6500
Cotton,Tripura,2022,11,Kharif,5500,5200,6000
Cotton,Tripura,2022,12,Kharif,5550,5300,6300
Cotton,Tripura,2023,9,Kharif,6000,5800,6400
Cotton,Tripura,2023,10,Kharif,6350,6100,6900
Cotton,Tripura,2023,11,Kharif,5700,5300,6350
Cotton,Tripura,2023,12,Kharif,5850,5500,6400
Cotton,Uttar Pradesh,2020,9,Kharif,5150,4850,5800
Cotton,Uttar Pradesh,2020,10,Kharif,5800,5350,6250
Cotton,Uttar Pradesh,2020,11,Kharif,5200,4850,5750
Cotton,Uttar Pradesh,2020,12,Kharif,5150,4900,5550
Cotton,Uttar Pradesh,2021,9,Kharif,5350,5000,6050
Cotton,Uttar Pradesh,2021,10,Kharif,5500,5150,6100
Cotton,Uttar Pradesh,2021,11,Kharif,6000,5800,6450
Cotton,Uttar Pradesh,2021,12,Kharif,5350,5100,5750
Cotton,Uttar Pradesh,2022,9,Kharif,5750,5450,6200
Cotton,Uttar Pradesh,2022,10,Kharif,5550,5150,5950
Cotton,Uttar Pradesh,2022,11,Kharif,5650,5350,6300
Cotton,Uttar Pradesh,2022,12,Kharif,5750,5500,6500
Cotton,Uttar Pradesh,2023,9,Kharif,6600,6300,6950
Cotton,Uttar Pradesh,2023,10,Kharif,5950,5700,6400
Cotton,Uttar Pradesh,2023,11,Kharif,6250,6050,6700
Cotton,Uttar Pradesh,2023,12,Kharif,5900,5450,6600
Cotton,Uttarakhand,2020,9,Kharif,5450,5100,6150
Cotton,Uttarakhand,2020,10,Kharif,5350,4950,5950
Cotton,Uttarakhand,2020,11,Kharif,5550,5250,5950
Cotton,Uttarakhand,2020,12,Kharif,5400,5150,6100
Cotton,Uttarakhand,2021,9,Kharif,5300,5000,5950
Cotton,Uttarakhand,2021,10,Kharif,5700,5400,6500
Cotton,Uttarakhand,2021,11,Kharif,5300,5000,5750
Cotton,Uttarakhand,2021,12,Kharif,5900,5600,6450
Cotton,Uttarakhand,2022,9,Kharif,6250,5950,6850
Cotton,Uttarakhand,2022,10,Kharif,6100,5900,6700
Cotton,Uttarakhand,2022,11,Kharif,5550,5200,6150
Cotton,Uttarakhand,2022,12,Kharif,6000,5700,6350
Cotton,Uttarakhand,2023,9,Kharif,5950,5600,6500
Cotton,Uttarakhand,2023,10,Kharif,6350,5950,6750
Cotton,Uttarakhand,2023,11,Kharif,6150,5850,6650
Cotton,Uttarakhand,2023,12,Kharif,5900,5450,6400
Cotton,West Bengal,2020,9,Kharif,5000,4700,5450
Cotton,West Bengal,2020,10,Kharif,5050,4750,5500
Cotton,West Bengal,2020,11,Kharif,5100,4800,5750
Cotton,West Bengal,2020,12,Kharif,5050,4700,5450
Cotton,West Bengal,2021,9,Kharif,5100,4900,5700
Cotton,West Bengal,2021,10,Kharif,5600,5200,6200
Cotton,West Bengal,2021,11,Kharif,5600,5200,6150
Cotton,West Bengal,2021,12,Kharif,5100,4900,5650
Cotton,West Bengal,2022,9,Kharif,5500,5200,6000
Cotton,West Bengal,2022,10,Kharif,5500,5100,5900
Cotton,West Bengal,2022,11,Kharif,5750,5400,6250
Cotton,West Bengal,2022,12,Kharif,5550,5150,6250
Cotton,West Bengal,2023,9,Kharif,6550,6300,7150
Cotton,West Bengal,2023,10,Kharif,5600,5200,6000
Cotton,West Bengal,2023,11,Kharif,6400,6100,6850
Cotton,West Bengal,2023,12,Kharif,5700,5350,6400
Garlic,Andhra Pradesh,2020,2,Rabi,4400,4150,4800
Garlic,Andhra Pradesh,2020,3,Rabi,3850,3650,4350
Garlic,Andhra Pradesh,2020,4,Rabi,4200,3950,4700
Garlic,Andhra Pradesh,2021,2,Rabi,4300,4050,4650
Garlic,Andhra Pradesh,2021,3,Rabi,3450,3250,3700
Garlic,Andhra Pradesh,2021,4,Rabi,4500,4250,4900
Garlic,Andhra Pradesh,2022,2,Rabi,4250,4050,4550
Garlic,Andhra Pradesh,2022,3,Rabi,4750,4450,5200
Garlic,Andhra Pradesh,2022,4,Rabi,4950,4700,5650
Garlic,Andhra Pradesh,2023,2,Rabi,4600,4300,4950
Garlic,Andhra Pradesh,2023,3,Rabi,3750,3500,4000
Garlic,Andhra Pradesh,2023,4,Rabi,4650,4450,5000
Garlic,Assam,2020,2,Rabi,4500,4250,5050
Garlic,Assam,2020,3,Rabi,3750,3500,4150
Garlic,Assam,2020,4,Rabi,4000,3700,4500
Garlic,Assam,2021,2,Rabi,3800,3600,4200
Garlic,Assam,2021,3,Rabi,3400,3150,3650
Garlic,Assam,2021,4,Rabi,3850,3650,4250
Garlic,Assam,2022,2,Rabi,3600,3400,3950
Garlic,Assam,2022,3,Rabi,4750,4500,5150
Garlic,Assam,2022,4,Rabi,4850,4650,5450
Garlic,Assam,2023,2,Rabi,3700,3500,4050
Garlic,Assam,2023,3,Rabi,5300,4950,6000
Garlic,Assam,2023,4,Rabi,4650,4300,5050
Garlic,Bihar,2020,2,Rabi,4300,4000,4800
Garlic,Bihar,2020,3,Rabi,3250,3000,3700
Garlic,Bihar,2020,4,Rabi,3300,3150,3750
Garlic,Bihar,2021,2,Rabi,3450,3300,3850
Garlic,Bihar,2021,3,Rabi,4300,3950,4900
Garlic,Bihar,2021,4,Rabi,4350,4150,4850
Garlic,Bihar,2022,2,Rabi,3300,3150,3750
Garlic,Bihar,2022,3,Rabi,3300,3150,3650
Garlic,Bihar,2022,4,Rabi,4150,3850,4500
Garlic,Bihar,2023,2,Rabi,3900,3600,4200
Garlic,Bihar,2023,3,Rabi,4500,4200,4850
Garlic,Bihar,2023,4,Rabi,5000,4650,5400
Garlic,Chhattisgarh,2020,2,Rabi,4350,4050,4650
Garlic,Chhattisgarh,2020,3,Rabi,2950,2600,3350
Garlic,Chhattisgarh,2020,4,Rabi,3350,3200,3650
Garlic,Chhattisgarh,2021,2,Rabi,4050,3750,4400
Garlic,Chhattisgarh,2021,3,Rabi,4500,4300,4950
Garlic,Chhattisgarh,2021,4,Rabi,3900,3650,4450
Garlic,Chhattisgarh,2022,2,Rabi,3750,3550,4200
Garlic,Chhattisgarh,2022,3,Rabi,4000,3800,4450
Garlic,Chhattisgarh,2022,4,Rabi,4450,4150,5050
Garlic,Chhattisgarh,2023,2,Rabi,4250,4000,4800
Garlic,Chhattisgarh,2023,3,Rabi,4000,3700,4400
Garlic,Chhattisgarh,2023,4,Rabi,3750,3550,4100
Garlic,Goa,2020,2,Rabi,3750,3450,4050
Garlic,Goa,2020,3,Rabi,4100,3800,4400
Garlic,Goa,2020,4,Rabi,4200,3950,4750
Garlic,Goa,2021,2,Rabi,5300,4900,5950
Garlic,Goa,2021,3,Rabi,3950,3700,4350
Garlic,Goa,2021,4,Rabi,5200,4900,5800
Garlic,Goa,2022,2,Rabi,4050,3850,4600
Garlic,Goa,2022,3,Rabi,5000,4700,5500
Garlic,Goa,2022,4,Rabi,5550,5300,6100
Garlic,Goa,2023,2,Rabi,5650,5250,6100
Garlic,Goa,2023,3,Rabi,4450,4150,4950
Garlic,Goa,2023,4,Rabi,5700,5250,6200
Garlic,Gujarat,2020,2,Rabi,4450,4200,4750
Garlic,Gujarat,2020,3,Rabi,3300,3150,3700
Garlic,Gujarat,2020,4,Rabi,3450,3250,3900
Garlic,Gujarat,2021,2,Rabi,3750,3600,4250
Garlic,Gujarat,2021,3,Rabi,3500,3250,4000
Garlic,Gujarat,2021,4,Rabi,3900,3700,4200
Garlic,Gujarat,2022,2,Rabi,5200,4950,5850
Garlic,Gujarat,2022,3,Rabi,4450,4250,4900
Garlic,Gujarat,2022,4,Rabi,5100,4900,5650
Garlic,Gujarat,2023,2,Rabi,5650,5300,6300
Garlic,Gujarat,2023,3,Rabi,3900,3700,4200
Garlic,Gujarat,2023,4,Rabi,5600,5200,6350
Garlic,Haryana,2020,2,Rabi,4750,4400,5200
Garlic,Haryana,2020,3,Rabi,4250,4000,4600
Garlic,Haryana,2020,4,Rabi,4400,4150,4800
Garlic,Haryana,2021,2,Rabi,4600,4400,4950
Garlic,Haryana,2021,3,Rabi,3550,3250,3900
Garlic,Haryana,2021,4,Rabi,4000,3800,4350
Garlic,Haryana,2022,2,Rabi,4750,4500,5200
Garlic,Haryana,2022,3,Rabi,4850,4500,5250
Garlic,Haryana,2022,4,Rabi,5300,4900,5900
Garlic,Haryana,2023,2,Rabi,4750,4450,5250
Garlic,Haryana,2023,3,Rabi,4300,4100,4800
Garlic,Haryana,2023,4,Rabi,5700,5350,6300
Garlic,Himachal Pradesh,2020,2,Rabi,3550,3350,3800
Garlic,Himachal Pradesh,2020,3,Rabi,3900,3600,4350
Garlic,Himachal Pradesh,2020,4,Rabi,3750,3600,4100
Garlic,Himachal Pradesh,2021,2,Rabi,3750,3550,4050
Garlic,Himachal Pradesh,2021,3,Rabi,4350,4150,4800
Garlic,Himachal Pradesh,2021,4,Rabi,4300,4050,4800
Garlic,Himachal Pradesh,2022,2,Rabi,4050,3900,4450
Garlic,Himachal Pradesh,2022,3,Rabi,4750,4450,5100
Garlic,Himachal Pradesh,2022,4,Rabi,3800,3550,4250
Garlic,Himachal Pradesh,2023,2,Rabi,3900,3700,4450
Garlic,Himachal Pradesh,2023,3,Rabi,4800,4500,5250
Garlic,Himachal Pradesh,2023,4,Rabi,5100,4850,5450
Garlic,Jammu & Kashmir,2020,2,Rabi,4300,4100,4900
Garlic,Jammu & Kashmir,2020,3,Rabi,4200,4000,4650
Garlic,Jammu & Kashmir,2020,4,Rabi,4550,4350,5100
Garlic,Jammu & Kashmir,2021,2,Rabi,4000,3800,4550
Garlic,Jammu & Kashmir,2021,3,Rabi,4800,4550,5250
Garlic,Jammu & Kashmir,2021,4,Rabi,5200,4850,5700
Garlic,Jammu & Kashmir,2022,2,Rabi,4150,3850,4550
Garlic,Jammu & Kashmir,2022,3,Rabi,4150,3950,4650
Garlic,Jammu & Kashmir,2022,4,Rabi,5300,4900,6000
Garlic,Jammu & Kashmir,2023,2,Rabi,4250,4050,4700
Garlic,Jammu & Kashmir,2023,3,Rabi,5100,4850,5750
Garlic,Jammu & Kashmir,2023,4,Rabi,4250,3950,4800
Garlic,Jharkhand,2020,2,Rabi,4050,3800,4550
Garlic,Jharkhand,2020,3,Rabi,3000,2800,3250
Garlic,Jharkhand,2020,4,Rabi,3600,3400,4100
Garlic,Jharkhand,2021,2,Rabi,3100,2950,3350
Garlic,Jharkhand,2021,3,Rabi,3350,3100,3800
Garlic,Jharkhand,2021,4,Rabi,4300,4050,4600
Garlic,Jharkhand,2022,2,Rabi,3800,3600,4200
Garlic,Jharkhand,2022,3,Rabi,4700,4400,5050
Garlic,Jharkhand,2022,4,Rabi,4350,4000,4950
Garlic,Jharkhand,2023,2,Rabi,3850,3700,4250
Garlic,Jharkhand,2023,3,Rabi,4000,3700,4450
Garlic,Jharkhand,2023,4,Rabi,4000,3750,4450
Garlic,Karnataka,2020,2,Rabi,4650,4450,5050
Garlic,Karnataka,2020,3,Rabi,4100,3850,4400
Garlic,Karnataka,2020,4,Rabi,3400,3150,3750
Garlic,Karnataka,2021,2,Rabi,3900,3650,4400
Garlic,Karnataka,2021,3,Rabi,4100,3900,4650
Garlic,Karnataka,2021,4,Rabi,3800,3500,4150
Garlic,Karnataka,2022,2,Rabi,3850,3600,4150
Garlic,Karnataka,2022,3,Rabi,5050,4700,5550
Garlic,Karnataka,2022,4,Rabi,4850,4500,5250
Garlic,Karnataka,2023,2,Rabi,4550,4200,5000
Garlic,Karnataka,2023,3,Rabi,5000,4650,5600
Garlic,Karnataka,2023,4,Rabi,3900,3700,4300
Garlic,Kerala,2020,2,Rabi,3750,3550,4250
Garlic,Kerala,2020,3,Rabi,4000,3750,4350
Garlic,Kerala,2020,4,Rabi,4600,4400,5050
Garlic,Kerala,2021,2,Rabi,4150,3900,4600
Garlic,Kerala,2021,3,Rabi,5350,5100,5800
Garlic,Kerala,2021,4,Rabi,5400,5000,6000
Garlic,Kerala,2022,2,Rabi,5050,4700,5600
Garlic,Kerala,2022,3,Rabi,4900,4700,5500
Garlic,Kerala,2022,4,Rabi,4700,4450,5250
Garlic,Kerala,2023,2,Rabi,5850,5400,6350
Garlic,Kerala,2023,3,Rabi,5500,5250,6250
Garlic,Kerala,2023,4,Rabi,5000,4600,5500
Garlic,Madhya Pradesh,2020,2,Rabi,4450,4150,5000
Garlic,Madhya Pradesh,2020,3,Rabi,3250,3100,3550
Garlic,Madhya Pradesh,2020,4,Rabi,3950,3750,4300
Garlic,Madhya Pradesh,2021,2,Rabi,4650,4300,5200
Garlic,Madhya Pradesh,2021,3,Rabi,4350,4100,4950
Garlic,Madhya Pradesh,2021,4,Rabi,3750,3550,4200
Garlic,Madhya Pradesh,2022,2,Rabi,3650,3450,4000
Garlic,Madhya Pradesh,2022,3,Rabi,4800,4450,5250
Garlic,Madhya Pradesh,2022,4,Rabi,4300,4050,4700
Garlic,Madhya Pradesh,2023,2,Rabi,5150,4850,5850
Garlic,Madhya Pradesh,2023,3,Rabi,4050,3800,4550
Garlic,Madhya Pradesh,2023,4,Rabi,3500,3300,3850
Garlic,Maharashtra,2020,2,Rabi,4000,3700,4350
Garlic,Maharashtra,2020,3,Rabi,4850,4550,5400
Garlic,Maharashtra,2020,4,Rabi,3650,3500,3900
Garlic,Maharashtra,2021,2,Rabi,3950,3750,4350
Garlic,Maharashtra,2021,3,Rabi,3850,3600,4300
Garlic,Maharashtra,2021,4,Rabi,5000,4600,5550
Garlic,Maharashtra,2022,2,Rabi,4400,4100,4850
Garlic,Maharashtra,2022,3,Rabi,4600,4350,5000
Garlic,Maharashtra,2022,4,Rabi,5000,4800,5600
Garlic,Maharashtra,2023,2,Rabi,5050,4750,5550
Garlic,Maharashtra,2023,3,Rabi,4900,4550,5250
Garlic,Maharashtra,2023,4,Rabi,4900,4700,5550
Garlic,Manipur,2020,2,Rabi,3350,3200,3600
Garlic,Manipur,2020,3,Rabi,3600,3350,3900
Garlic,Manipur,2020,4,Rabi,4000,3700,4400
Garlic,Manipur,2021,2,Rabi,3800,3600,4250
Garlic,Manipur,2021,3,Rabi,4450,4100,5050
Garlic,Manipur,2021,4,Rabi,3200,3050,3450
Garlic,Manipur,2022,2,Rabi,4500,4200,4800
Garlic,Manipur,2022,3,Rabi,3450,3300,3850
Garlic,Manipur,2022,4,Rabi,4050,3900,4350
Garlic,Manipur,2023,2,Rabi,4750,4500,5150
Garlic,Manipur,2023,3,Rabi,3750,3550,4100
Garlic,Manipur,2023,4,Rabi,4500,4300,4950
Garlic,Meghalaya,2020,2,Rabi,4350,4050,4650
Garlic,Meghalaya,2020,3,Rabi,4500,4200,5050
Garlic,Meghalaya,2020,4,Rabi,3050,2900,3400
Garlic,Meghalaya,2021,2,Rabi,3450,3300,3700
Garlic,Meghalaya,2021,3,Rabi,4000,3750,4350
Garlic,Meghalaya,2021,4,Rabi,4650,4400,5000
Garlic,Meghalaya,2022,2,Rabi,3850,3600,4300
Garlic,Meghalaya,2022,3,Rabi,4100,3800,4650
Garlic,Meghalaya,2022,4,Rabi,3500,3350,3850
Garlic,Meghalaya,2023,2,Rabi,3900,3650,4400
Garlic,Meghalaya,2023,3,Rabi,3550,3350,3800
Garlic,Meghalaya,2023,4,Rabi,5150,4750,5500
Garlic,Odisha,2020,2,Rabi,3200,3000,3550
Garlic,Odisha,2020,3,Rabi,3800,3500,4200
Garlic,Odisha,2020,4,Rabi,3900,3700,4400
Garlic,Odisha,2021,2,Rabi,3250,3100,3600
Garlic,Odisha,2021,3,Rabi,4300,4050,4700
Garlic,Odisha,2021,4,Rabi,4250,3950,4550
Garlic,Odisha,2022,2,Rabi,3700,3500,3950
Garlic,Odisha,2022,3,Rabi,3600,3450,4050
Garlic,Odisha,2022,4,Rabi,4750,4500,5400
Garlic,Odisha,2023,2,Rabi,4850,4600,5200
Garlic,Odisha,2023,3,Rabi,4150,3900,4600
Garlic,Odisha,2023,4,Rabi,4700,4350,5250
Garlic,Punjab,2020,2,Rabi,5000,4800,5700
Garlic,Punjab,2020,3,Rabi,4950,4700,5450
Garlic,Punjab,2020,4,Rabi,4000,3850,4400
Garlic,Punjab,2021,2,Rabi,4700,4350,5150
Garlic,Punjab,2021,3,Rabi,3750,3500,4000
Garlic,Punjab,2021,4,Rabi,3900,3600,4450
Garlic,Punjab,2022,2,Rabi,3800,3550,4300
Garlic,Punjab,2022,3,Rabi,5550,5200,5950
Garlic,Punjab,2022,4,Rabi,4750,4400,5300
Garlic,Punjab,2023,2,Rabi,5000,4800,5550
Garlic,Punjab,2023,3,Rabi,4500,4200,4850
Garlic,Punjab,2023,4,Rabi,5300,4900,5950
Garlic,Rajasthan,2020,2,Rabi,3300,3050,3650
Garlic,Rajasthan,2020,3,Rabi,4200,3950,4500
Garlic,Rajasthan,2020,4,Rabi,4450,4150,4900
Garlic,Rajasthan,2021,2,Rabi,3600,3400,4050
Garlic,Rajasthan,2021,3,Rabi,3400,3200,3750
Garlic,Rajasthan,2021,4,Rabi,3750,3550,4200
Garlic,Rajasthan,2022,2,Rabi,3950,3800,4300
Garlic,Rajasthan,2022,3,Rabi,4700,4450,5300
Garlic,Rajasthan,2022,4,Rabi,5150,4850,5750
Garlic,Rajasthan,2023,2,Rabi,5350,5100,6100
Garlic,Rajasthan,2023,3,Rabi,3850,3650,4200
Garlic,Rajasthan,2023,4,Rabi,3950,3800,4250
Garlic,Tamil Nadu,2020,2,Rabi,3500,3300,3950
Garlic,Tamil Nadu,2020,3,Rabi,3250,3000,3500
Garlic,Tamil Nadu,2020,4,Rabi,4250,3950,4600
Garlic,Tamil Nadu,2021,2,Rabi,4250,4050,4850
Garlic,Tamil Nadu,2021,3,Rabi,5000,4750,5500
Garlic,Tamil Nadu,2021,4,Rabi,4000,3700,4500
Garlic,Tamil Nadu,2022,2,Rabi,5050,4700,5650
Garlic,Tamil Nadu,2022,3,Rabi,4700,4450,5050
Garlic,Tamil Nadu,2022,4,Rabi,4600,4300,5100
Garlic,Tamil Nadu,2023,2,Rabi,4150,4000,4600
Garlic,Tamil Nadu,2023,3,Rabi,5150,4750,5600
Garlic,Tamil Nadu,2023,4,Rabi,4500,4250,5100
Garlic,Telangana,2020,2,Rabi,3650,3400,4100
Garlic,Telangana,2020,3,Rabi,4250,4000,4600
Garlic,Telangana,2020,4,Rabi,3950,3650,4250
Garlic,Telangana,2021,2,Rabi,4850,4600,5400
Garlic,Telangana,2021,3,Rabi,4100,3850,4600
Garlic,Telangana,2021,4,Rabi,4100,3900,4400
Garlic,Telangana,2022,2,Rabi,5200,4950,5750
Garlic,Telangana,2022,3,Rabi,5300,4900,6000
Garlic,Telangana,2022,4,Rabi,3900,3750,4200
Garlic,Telangana,2023,2,Rabi,5050,4650,5500
Garlic,Telangana,2023,3,Rabi,4100,3950,4450
Garlic,Telangana,2023,4,Rabi,4800,4500,5150
Garlic,Tripura,2020,2,Rabi,3700,3450,3950
Garlic,Tripura,2020,3,Rabi,4150,3850,4600
Garlic,Tripura,2020,4,Rabi,3850,3600,4150
Garlic,Tripura,2021,2,Rabi,4500,4300,4950
Garlic,Tripura,2021,3,Rabi,4000,3700,4400
Garlic,Tripura,2021,4,Rabi,4550,4300,5150
Garlic,Tripura,2022,2,Rabi,3950,3700,4250
Garlic,Tripura,2022,3,Rabi,4700,4350,5250
Garlic,Tripura,2022,4,Rabi,4200,4000,4600
Garlic,Tripura,2023,2,Rabi,4400,4150,4950
Garlic,Tripura,2023,3,Rabi,4400,4150,4950
Garlic,Tripura,2023,4,Rabi,5200,5000,5800
Garlic,Uttar Pradesh,2020,2,Rabi,3200,2950,3450
Garlic,Uttar Pradesh,2020,3,Rabi,3450,3250,3750
Garlic,Uttar Pradesh,2020,4,Rabi,3450,3200,3750
Garlic,Uttar Pradesh,2021,2,Rabi,3350,3150,3800
Garlic,Uttar Pradesh,2021,3,Rabi,3300,3150,3750
Garlic,Uttar Pradesh,2021,4,Rabi,3900,3700,4200
Garlic,Uttar Pradesh,2022,2,Rabi,4850,4500,5250
Garlic,Uttar Pradesh,2022,3,Rabi,4250,3950,4800
Garlic,Uttar Pradesh,2022,4,Rabi,3800,3600,4300
Garlic,Uttar Pradesh,2023,2,Rabi,5000,4650,5550
Garlic,Uttar Pradesh,2023,3,Rabi,3850,3650,4100
Garlic,Uttar Pradesh,2023,4,Rabi,4200,3900,4600
Garlic,Uttarakhand,2020,2,Rabi,3250,3050,3600
Garlic,Uttarakhand,2020,3,Rabi,4050,3850,4600
Garlic,Uttarakhand,2020,4,Rabi,3600,3400,4000
Garlic,Uttarakhand,2021,2,Rabi,4350,4100,4950
Garlic,Uttarakhand,2021,3,Rabi,4850,4500,5350
Garlic,Uttarakhand,2021,4,Rabi,4850,4650,5450
Garlic,Uttarakhand,2022,2,Rabi,4750,4550,5350
Garlic,Uttarakhand,2022,3,Rabi,5000,4800,5350
Garlic,Uttarakhand,2022,4,Rabi,4900,4700,5300
Garlic,Uttarakhand,2023,2,Rabi,5050,4700,5500
Garlic,Uttarakhand,2023,3,Rabi,5050,4850,5500
Garlic,Uttarakhand,2023,4,Rabi,4950,4650,5300
Garlic,West Bengal,2020,2,Rabi,4350,4150,4750
Garlic,West Bengal,2020,3,Rabi,3300,3050,3750
Garlic,West Bengal,2020,4,Rabi,4250,3950,4600
Garlic,West Bengal,2021,2,Rabi,3550,3350,3850
Garlic,West Bengal,2021,3,Rabi,3750,3450,4100
Garlic,West Bengal,2021,4,Rabi,4100,3800,4500
Garlic,West Bengal,2022,2,Rabi,4350,4050,4800
Garlic,West Bengal,2022,3,Rabi,4300,4000,4800
Garlic,West Bengal,2022,4,Rabi,4100,3800,4400
Garlic,West Bengal,2023,2,Rabi,4900,4600,5300
Garlic,West Bengal,2023,3,Rabi,5200,4900,5850
Garlic,West Bengal,2023,4,Rabi,3950,3650,4250
Ginger,Andhra Pradesh,2020,1,Kharif,4600,4300,5150
Ginger,Andhra Pradesh,2020,11,Kharif,4450,4200,4850
Ginger,Andhra Pradesh,2020,12,Kharif,5100,4800,5600
Ginger,Andhra Pradesh,2021,1,Kharif,4950,4700,5600
Ginger,Andhra Pradesh,2021,11,Kharif,5450,5050,6100
Ginger,Andhra Pradesh,2021,12,Kharif,4650,4350,5300
Ginger,Andhra Pradesh,2022,1,Kharif,4750,4550,5200
Ginger,Andhra Pradesh,2022,11,Kharif,5250,5000,5650
Ginger,Andhra Pradesh,2022,12,Kharif,5900,5450,6650
Ginger,Andhra Pradesh,2023,1,Kharif,4350,4000,4800
Ginger,Andhra Pradesh,2023,11,Kharif,4700,4450,5050
Ginger,Andhra Pradesh,2023,12,Kharif,4900,4650,5300
Ginger,Assam,2020,1,Kharif,3700,3450,4100
Ginger,Assam,2020,11,Kharif,4750,4450,5350
Ginger,Assam,2020,12,Kharif,4650,4450,5050
Ginger,Assam,2021,1,Kharif,4200,4000,4700
Ginger,Assam,2021,11,Kharif,5150,4750,5800
Ginger,Assam,2021,12,Kharif,4250,4000,4650
Ginger,Assam,2022,1,Kharif,4000,3750,4350
Ginger,Assam,2022,11,Kharif,4700,4500,5350
Ginger,Assam,2022,12,Kharif,5400,5150,5900
Ginger,Assam,2023,1,Kharif,5950,5600,6400
Ginger,Assam,2023,11,Kharif,6100,5900,6650
Ginger,Assam,2023,12,Kharif,4200,3900,4500
Ginger,Bihar,2020,1,Kharif,3300,3100,3650
Ginger,Bihar,2020,11,Kharif,4100,3800,4550
Ginger,Bihar,2020,12,Kharif,4400,4100,4900
Ginger,Bihar,2021,1,Kharif,5000,4800,5600
Ginger,Bihar,2021,11,Kharif,3750,3550,4000
Ginger,Bihar,2021,12,Kharif,5250,4950,5750
Ginger,Bihar,2022,1,Kharif,4600,4300,5100
Ginger,Bihar,2022,11,Kharif,5100,4850,5450
Ginger,Bihar,2022,12,Kharif,5600,5200,6000
Ginger,Bihar,2023,1,Kharif,5850,5600,6650
Ginger,Bihar,2023,11,Kharif,5500,5150,5950
Ginger,Bihar,2023,12,Kharif,3950,3750,4450
Ginger,Chhattisgarh,2020,1,Kharif,4950,4650,5400
Ginger,Chhattisgarh,2020,11,Kharif,3900,3650,4300
Ginger,Chhattisgarh,2020,12,Kharif,4900,4550,5500
Ginger,Chhattisgarh,2021,1,Kharif,5050,4800,5450
Ginger,Chhattisgarh,2021,11,Kharif,4650,4450,5250
Ginger,Chhattisgarh,2021,12,Kharif,3550,3400,3900
Ginger,Chhattisgarh,2022,1,Kharif,5550,5200,6000
Ginger,Chhattisgarh,2022,11,Kharif,4950,4550,5300
Ginger,Chhattisgarh,2022,12,Kharif,5000,4650,5650
Ginger,Chhattisgarh,2023,1,Kharif,4400,4100,5000
Ginger,Chhattisgarh,2023,11,Kharif,4000,3700,4400
Ginger,Chhattisgarh,2023,12,Kharif,5100,4800,5550
Ginger,Goa,2020,1,Kharif,4350,4050,4900
Ginger,Goa,2020,11,Kharif,5100,4750,5600
Ginger,Goa,2020,12,Kharif,5150,4900,5700
Ginger,Goa,2021,1,Kharif,5550,5250,6000
Ginger,Goa,2021,11,Kharif,6000,5750,6300
Ginger,Goa,2021,12,Kharif,6000,5800,6550
Ginger,Goa,2022,1,Kharif,5950,5550,6600
Ginger,Goa,2022,11,Kharif,6050,5700,6400
Ginger,Goa,2022,12,Kharif,4900,4650,5500
Ginger,Goa,2023,1,Kharif,5300,4900,5700
Ginger,Goa,2023,11,Kharif,5950,5550,6550
Ginger,Goa,2023,12,Kharif,6800,6500,7400
Ginger,Gujarat,2020,1,Kharif,3750,3500,4050
Ginger,Gujarat,2020,11,Kharif,5400,5050,5800
Ginger,Gujarat,2020,12,Kharif,4950,4600,5600
Ginger,Gujarat,2021,1,Kharif,4450,4200,4750
Ginger,Gujarat,2021,11,Kharif,5800,5550,6400
Ginger,Gujarat,2021,12,Kharif,5800,5450,6200
Ginger,Gujarat,2022,1,Kharif,4000,3700,4300
Ginger,Gujarat,2022,11,Kharif,5700,5400,6450
Ginger,Gujarat,2022,12,Kharif,4800,4500,5150
Ginger,Gujarat,2023,1,Kharif,4250,3950,4650
Ginger,Gujarat,2023,11,Kharif,4650,4350,5000
Ginger,Gujarat,2023,12,Kharif,4350,4100,4750
Ginger,Haryana,2020,1,Kharif,4600,4400,5150
Ginger,Haryana,2020,11,Kharif,3950,3700,4250
Ginger,Haryana,2020,12,Kharif,5200,4850,5800
Ginger,Haryana,2021,1,Kharif,4650,4400,5000
Ginger,Haryana,2021,11,Kharif,5550,5200,6150
Ginger,Haryana,2021,12,Kharif,5350,5100,5950
Ginger,Haryana,2022,1,Kharif,5450,5050,6150
Ginger,Haryana,2022,11,Kharif,4950,4550,5600
Ginger,Haryana,2022,12,Kharif,3950,3700,4250
Ginger,Haryana,2023,1,Kharif,4150,3900,4600
Ginger,Haryana,2023,11,Kharif,5400,5050,6150
Ginger,Haryana,2023,12,Kharif,6300,6000,6850
Ginger,Himachal Pradesh,2020,1,Kharif,5250,4900,5750
Ginger,Himachal Pradesh,2020,11,Kharif,4950,4700,5450
Ginger,Himachal Pradesh,2020,12,Kharif,4150,3950,4600
Ginger,Himachal Pradesh,2021,1,Kharif,5800,5350,6400
Ginger,Himachal Pradesh,2021,11,Kharif,4350,4100,4850
Ginger,Himachal Pradesh,2021,12,Kharif,5100,4900,5800
Ginger,Himachal Pradesh,2022,1,Kharif,4350,4100,4750
Ginger,Himachal Pradesh,2022,11,Kharif,5650,5400,6100
Ginger,Himachal Pradesh,2022,12,Kharif,5600,5350,6200
Ginger,Himachal Pradesh,2023,1,Kharif,5500,5200,6050
Ginger,Himachal Pradesh,2023,11,Kharif,5900,5450,6400
Ginger,Himachal Pradesh,2023,12,Kharif,4350,4050,4650
Ginger,Jammu & Kashmir,2020,1,Kharif,4900,4650,5500
Ginger,Jammu & Kashmir,2020,11,Kharif,5250,5050,5750
Ginger,Jammu & Kashmir,2020,12,Kharif,5300,5000,5750
Ginger,Jammu & Kashmir,2021,1,Kharif,6000,5750,6550
Ginger,Jammu & Kashmir,2021,11,Kharif,4400,4100,4950
Ginger,Jammu & Kashmir,2021,12,Kharif,5300,4950,5750
Ginger,Jammu & Kashmir,2022,1,Kharif,6350,6050,6700
Ginger,Jammu & Kashmir,2022,11,Kharif,4850,4500,5500
Ginger,Jammu & Kashmir,2022,12,Kharif,6200,5850,6800
Ginger,Jammu & Kashmir,2023,1,Kharif,5200,4850,5700
Ginger,Jammu & Kashmir,2023,11,Kharif,6550,6200,7000
Ginger,Jammu & Kashmir,2023,12,Kharif,5150,4750,5650
Ginger,Jharkhand,2020,1,Kharif,3550,3300,3950
Ginger,Jharkhand,2020,11,Kharif,3650,3400,3950
Ginger,Jharkhand,2020,12,Kharif,5050,4850,5650
Ginger,Jharkhand,2021,1,Kharif,4400,4200,4850
Ginger,Jharkhand,2021,11,Kharif,4600,4350,5100
Ginger,Jharkhand,2021,12,Kharif,3500,3350,3750
Ginger,Jharkhand,2022,1,Kharif,5500,5200,6000
Ginger,Jharkhand,2022,11,Kharif,5300,5100,5950
Ginger,Jharkhand,2022,12,Kharif,4300,4000,4900
Ginger,Jharkhand,2023,1,Kharif,4100,3800,4550
Ginger,Jharkhand,2023,11,Kharif,4700,4350,5350
Ginger,Jharkhand,2023,12,Kharif,4150,3850,4550
Ginger,Karnataka,2020,1,Kharif,5200,4800,5550
Ginger,Karnataka,2020,11,Kharif,4550,4200,5150
Ginger,Karnataka,2020,12,Kharif,4650,4450,5200
Ginger,Karnataka,2021,1,Kharif,4500,4250,5100
Ginger,Karnataka,2021,11,Kharif,4500,4250,4900
Ginger,Karnataka,2021,12,Kharif,4700,4450,5200
Ginger,Karnataka,2022,1,Kharif,4250,3950,4700
Ginger,Karnataka,2022,11,Kharif,5950,5600,6600
Ginger,Karnataka,2022,12,Kharif,5300,4900,5850
Ginger,Karnataka,2023,1,Kharif,4150,3950,4550
Ginger,Karnataka,2023,11,Kharif,5550,5250,6100
Ginger,Karnataka,2023,12,Kharif,4550,4200,5050
Ginger,Kerala,2020,1,Kharif,3750,3450,4250
Ginger,Kerala,2020,11,Kharif,4050,3850,4550
Ginger,Kerala,2020,12,Kharif,4600,4300,5050
Ginger,Kerala,2021,1,Kharif,4400,4150,4750
Ginger,Kerala,2021,11,Kharif,5500,5200,6200
Ginger,Kerala,2021,12,Kharif,5250,4900,5650
Ginger,Kerala,2022,1,Kharif,5700,5300,6350
Ginger,Kerala,2022,11,Kharif,5200,5000,5800
Ginger,Kerala,2022,12,Kharif,5850,5550,6650
Ginger,Kerala,2023,1,Kharif,4550,4300,4950
Ginger,Kerala,2023,11,Kharif,6650,6300,7200
Ginger,Kerala,2023,12,Kharif,4600,4350,5200
Ginger,Madhya Pradesh,2020,1,Kharif,3550,3350,3950
Ginger,Madhya Pradesh,2020,11,Kharif,5000,4750,5500
Ginger,Madhya Pradesh,2020,12,Kharif,4700,4400,5150
Ginger,Madhya Pradesh,2021,1,Kharif,4650,4350,5250
Ginger,Madhya Pradesh,2021,11,Kharif,5000,4750,5550
Ginger,Madhya Pradesh,2021,12,Kharif,5250,4850,5800
Ginger,Madhya Pradesh,2022,1,Kharif,5050,4700,5750
Ginger,Madhya Pradesh,2022,11,Kharif,5050,4750,5600
Ginger,Madhya Pradesh,2022,12,Kharif,3900,3700,4400
Ginger,Madhya Pradesh,2023,1,Kharif,4200,4000,4600
Ginger,Madhya Pradesh,2023,11,Kharif,5750,5350,6300
Ginger,Madhya Pradesh,2023,12,Kharif,4450,4150,4800
Ginger,Maharashtra,2020,1,Kharif,3950,3650,4300
Ginger,Maharashtra,2020,11,Kharif,3600,3450,4000
Ginger,Maharashtra,2020,12,Kharif,4500,4300,5000
Ginger,Maharashtra,2021,1,Kharif,4800,4550,5150
Ginger,Maharashtra,2021,11,Kharif,5000,4600,5550
Ginger,Maharashtra,2021,12,Kharif,4750,4450,5350
Ginger,Maharashtra,2022,1,Kharif,5500,5250,6100
Ginger,Maharashtra,2022,11,Kharif,4600,4350,5150
Ginger,Maharashtra,2022,12,Kharif,5950,5600,6450
Ginger,Maharashtra,2023,1,Kharif,6350,6000,6750
Ginger,Maharashtra,2023,11,Kharif,6550,6200,7100
Ginger,Maharashtra,2023,12,Kharif,4250,4000,4600
Ginger,Manipur,2020,1,Kharif,4850,4600,5500
Ginger,Manipur,2020,11,Kharif,3900,3600,4300
Ginger,Manipur,2020,12,Kharif,4350,4050,4700
Ginger,Manipur,2021,1,Kharif,5350,5050,5950
Ginger,Manipur,2021,11,Kharif,3900,3700,4250
Ginger,Manipur,2021,12,Kharif,5500,5100,6100
Ginger,Manipur,2022,1,Kharif,4100,3850,4450
Ginger,Manipur,2022,11,Kharif,5050,4750,5400
Ginger,Manipur,2022,12,Kharif,5350,5050,6000
Ginger,Manipur,2023,1,Kharif,5400,5100,5950
Ginger,Manipur,2023,11,Kharif,6100,5800,6450
Ginger,Manipur,2023,12,Kharif,5250,4900,5850
Ginger,Meghalaya,2020,1,Kharif,4600,4350,5200
Ginger,Meghalaya,2020,11,Kharif,4200,3950,4750
Ginger,Meghalaya,2020,12,Kharif,5300,5050,5800
Ginger,Meghalaya,2021,1,Kharif,3800,3600,4100
Ginger,Meghalaya,2021,11,Kharif,5400,5100,6150
Ginger,Meghalaya,2021,12,Kharif,5650,5300,6250
Ginger,Meghalaya,2022,1,Kharif,5750,5450,6500
Ginger,Meghalaya,2022,11,Kharif,4350,4050,4800
Ginger,Meghalaya,2022,12,Kharif,5650,5350,6350
Ginger,Meghalaya,2023,1,Kharif,5650,5400,6350
Ginger,Meghalaya,2023,11,Kharif,5650,5350,6450
Ginger,Meghalaya,2023,12,Kharif,6050,5850,6550
Ginger,Odisha,2020,1,Kharif,4150,3900,4650
Ginger,Odisha,2020,11,Kharif,3350,3200,3600
Ginger,Odisha,2020,12,Kharif,5000,4750,5400
Ginger,Odisha,2021,1,Kharif,4050,3800,4500
Ginger,Odisha,2021,11,Kharif,5150,4900,5750
Ginger,Odisha,2021,12,Kharif,4350,4050,4900
Ginger,Odisha,2022,1,Kharif,3950,3750,4300
Ginger,Odisha,2022,11,Kharif,4850,4600,5250
Ginger,Odisha,2022,12,Kharif,4400,4200,4800
Ginger,Odisha,2023,1,Kharif,4350,4100,4750
Ginger,Odisha,2023,11,Kharif,4350,4050,4800
Ginger,Odisha,2023,12,Kharif,4050,3850,4500
Ginger,Punjab,2020,1,Kharif,5400,5100,5950
Ginger,Punjab,2020,11,Kharif,3850,3650,4150
Ginger,Punjab,2020,12,Kharif,5600,5300,6300
Ginger,Punjab,2021,1,Kharif,5650,5400,6150
Ginger,Punjab,2021,11,Kharif,5150,4750,5550
Ginger,Punjab,2021,12,Kharif,4000,3700,4500
Ginger,Punjab,2022,1,Kharif,5300,5000,5950
Ginger,Punjab,2022,11,Kharif,4850,4650,5250
Ginger,Punjab,2022,12,Kharif,4550,4300,4900
Ginger,Punjab,2023,1,Kharif,4950,4700,5600
Ginger,Punjab,2023,11,Kharif,5500,5150,6250
Ginger,Punjab,2023,12,Kharif,5450,5100,6000
Ginger,Rajasthan,2020,1,Kharif,3900,3700,4350
Ginger,Rajasthan,2020,11,Kharif,4900,4700,5300
Ginger,Rajasthan,2020,12,Kharif,3350,3100,3800
Ginger,Rajasthan,2021,1,Kharif,3650,3400,4050
Ginger,Rajasthan,2021,11,Kharif,3700,3450,4000
Ginger,Rajasthan,2021,12,Kharif,4900,4650,5450
Ginger,Rajasthan,2022,1,Kharif,5500,5250,6250
Ginger,Rajasthan,2022,11,Kharif,4800,4600,5150
Ginger,Rajasthan,2022,12,Kharif,5750,5400,6500
Ginger,Rajasthan,2023,1,Kharif,5800,5550,6300
Ginger,Rajasthan,2023,11,Kharif,5100,4800,5650
Ginger,Rajasthan,2023,12,Kharif,5450,5200,6150
Ginger,Tamil Nadu,2020,1,Kharif,4550,4200,5000
Ginger,Tamil Nadu,2020,11,Kharif,3750,3500,4150
Ginger,Tamil Nadu,2020,12,Kharif,3800,3600,4250
Ginger,Tamil Nadu,2021,1,Kharif,3900,3650,4300
Ginger,Tamil Nadu,2021,11,Kharif,4400,4200,4850
Ginger,Tamil Nadu,2021,12,Kharif,4750,4450,5150
Ginger,Tamil Nadu,2022,1,Kharif,5900,5600,6700
Ginger,Tamil Nadu,2022,11,Kharif,6050,5750,6450
Ginger,Tamil Nadu,2022,12,Kharif,4850,4550,5500
Ginger,Tamil Nadu,2023,1,Kharif,6200,5850,6550
Ginger,Tamil Nadu,2023,11,Kharif,4700,4400,5100
Ginger,Tamil Nadu,2023,12,Kharif,4850,4600,5200
Ginger,Telangana,2020,1,Kharif,5050,4750,5500
Ginger,Telangana,2020,11,Kharif,4750,4400,5400
Ginger,Telangana,2020,12,Kharif,4900,4650,5350
Ginger,Telangana,2021,1,Kharif,5350,5000,5800
Ginger,Telangana,2021,11,Kharif,4500,4200,5000
Ginger,Telangana,2021,12,Kharif,4950,4550,5350
Ginger,Telangana,2022,1,Kharif,5250,4900,5750
Ginger,Telangana,2022,11,Kharif,4400,4100,4750
Ginger,Telangana,2022,12,Kharif,6000,5700,6600
Ginger,Telangana,2023,1,Kharif,5200,5000,5600
Ginger,Telangana,2023,11,Kharif,4700,4400,5150
Ginger,Telangana,2023,12,Kharif,5750,5400,6550
Ginger,Tripura,2020,1,Kharif,4350,4150,4700
Ginger,Tripura,2020,11,Kharif,4450,4100,4750
Ginger,Tripura,2020,12,Kharif,3600,3450,4000
Ginger,Tripura,2021,1,Kharif,3750,3600,4100
Ginger,Tripura,2021,11,Kharif,4600,4250,5250
Ginger,Tripura,2021,12,Kharif,3400,3150,3750
Ginger,Tripura,2022,1,Kharif,5500,5100,6000
Ginger,Tripura,2022,11,Kharif,4700,4450,5250
Ginger,Tripura,2022,12,Kharif,4800,4550,5150
Ginger,Tripura,2023,1,Kharif,4250,3900,4650
Ginger,Tripura,2023,11,Kharif,4850,4650,5350
Ginger,Tripura,2023,12,Kharif,4200,3850,4700
Ginger,Uttar Pradesh,2020,1,Kharif,3500,3300,3800
Ginger,Uttar Pradesh,2020,11,Kharif,4050,3800,4550
Ginger,Uttar Pradesh,2020,12,Kharif,5300,5050,6050
Ginger,Uttar Pradesh,2021,1,Kharif,3900,3650,4400
Ginger,Uttar Pradesh,2021,11,Kharif,5400,5100,6100
Ginger,Uttar Pradesh,2021,12,Kharif,4450,4150,4800
Ginger,Uttar Pradesh,2022,1,Kharif,4900,4550,5500
Ginger,Uttar Pradesh,2022,11,Kharif,4750,4400,5200
Ginger,Uttar Pradesh,2022,12,Kharif,5000,4700,5550
Ginger,Uttar Pradesh,2023,1,Kharif,6200,6000,6750
Ginger,Uttar Pradesh,2023,11,Kharif,4650,4400,5100
Ginger,Uttar Pradesh,2023,12,Kharif,4000,3800,4350
Ginger,Uttarakhand,2020,1,Kharif,4300,4000,4850
Ginger,Uttarakhand,2020,11,Kharif,3400,3200,3800
Ginger,Uttarakhand,2020,12,Kharif,3700,3400,4150
Ginger,Uttarakhand,2021,1,Kharif,5150,4950,5850
Ginger,Uttarakhand,2021,11,Kharif,4800,4450,5450
Ginger,Uttarakhand,2021,12,Kharif,3600,3350,4050
Ginger,Uttarakhand,2022,1,Kharif,4950,4700,5500
Ginger,Uttarakhand,2022,11,Kharif,3750,3600,4100
Ginger,Uttarakhand,2022,12,Kharif,4950,4750,5550
Ginger,Uttarakhand,2023,1,Kharif,4250,4050,4600
Ginger,Uttarakhand,2023,11,Kharif,4350,4050,4800
Ginger,Uttarakhand,2023,12,Kharif,5950,5600,6550
Ginger,West Bengal,2020,1,Kharif,4400,4200,4900
Ginger,West Bengal,2020,11,Kharif,3650,3400,4150
Ginger,West Bengal,2020,12,Kharif,4050,3800,4450
Ginger,West Bengal,2021,1,Kharif,4200,4000,4600
Ginger,West Bengal,2021,11,Kharif,5250,5000,5750
Ginger,West Bengal,2021,12,Kharif,5300,4900,5800
Ginger,West Bengal,2022,1,Kharif,5900,5550,6600
Ginger,West Bengal,2022,11,Kharif,4250,4050,4750
Ginger,West Bengal,2022,12,Kharif,5200,4800,5550
Ginger,West Bengal,2023,1,Kharif,4300,4050,4650
Ginger,West Bengal,2023,11,Kharif,5250,4850,5800
Ginger,West Bengal,2023,12,Kharif,4750,4500,5400
Groundnut,Andhra Pradesh,2020,2,Rabi,4700,4500,5300
Groundnut,Andhra Pradesh,2020,3,Rabi,4450,4200,4800
Groundnut,Andhra Pradesh,2020,4,Rabi,4750,4450,5200
Groundnut,Andhra Pradesh,2020,9,Kharif,4700,4400,5100
Groundnut,Andhra Pradesh,2020,10,Kharif,5050,4800,5450
Groundnut,Andhra Pradesh,2020,11,Kharif,5100,4750,5750
Groundnut,Andhra Pradesh,2021,2,Rabi,4900,4550,5500
Groundnut,Andhra Pradesh,2021,3,Rabi,5500,5300,6000
Groundnut,Andhra Pradesh,2021,4,Rabi,5450,5200,6050
Groundnut,Andhra Pradesh,2021,9,Kharif,5200,4850,5800
Groundnut,Andhra Pradesh,2021,10,Kharif,5450,5150,6200
Groundnut,Andhra Pradesh,2021,11,Kharif,5300,4950,6050
Groundnut,Andhra Pradesh,2022,2,Rabi,5100,4800,5800
Groundnut,Andhra Pradesh,2022,3,Rabi,5600,5200,6300
Groundnut,Andhra Pradesh,2022,4,Rabi,5150,4800,5550
Groundnut,Andhra Pradesh,2022,9,Kharif,5100,4850,5550
Groundnut,Andhra Pradesh,2022,10,Kharif,5600,5350,6300
Groundnut,Andhra Pradesh,2022,11,Kharif,5700,5350,6400
Groundnut,Andhra Pradesh,2023,2,Rabi,5300,4950,5800
Groundnut,Andhra Pradesh,2023,3,Rabi,5350,5100,6050
Groundnut,Andhra Pradesh,2023,4,Rabi,5850,5450,6550
Groundnut,Andhra Pradesh,2023,9,Kharif,5850,5600,6400
Groundnut,Andhra Pradesh,2023,10,Kharif,5900,5450,6500
Groundnut,Andhra Pradesh,2023,11,Kharif,6000,5800,6450
Groundnut,Assam,2020,2,Rabi,4550,4250,5150
Groundnut,Assam,2020,3,Rabi,4200,3950,4650
Groundnut,Assam,2020,4,Rabi,4200,3900,4700
Groundnut,Assam,2020,9,Kharif,4350,4050,4750
Groundnut,Assam,2020,10,Kharif,4650,4350,5300
Groundnut,Assam,2020,11,Kharif,4550,4300,5100
Groundnut,Assam,2021,2,Rabi,5000,4750,5500
Groundnut,Assam,2021,3,Rabi,4600,4350,4950
Groundnut,Assam,2021,4,Rabi,5100,4750,5800
Groundnut,Assam,2021,9,Kharif,5000,4700,5650
Groundnut,Assam,2021,10,Kharif,4600,4300,5000
Groundnut,Assam,2021,11,Kharif,4800,4600,5350
Groundnut,Assam,2022,2,Rabi,4850,4600,5500
Groundnut,Assam,2022,3,Rabi,5250,4900,5700
Groundnut,Assam,2022,4,Rabi,5100,4900,5600
Groundnut,Assam,2022,9,Kharif,5000,4750,5650
Groundnut,Assam,2022,10,Kharif,5250,4900,5850
Groundnut,Assam,2022,11,Kharif,4800,4500,5450
Groundnut,Assam,2023,2,Rabi,5450,5200,6100
Groundnut,Assam,2023,3,Rabi,5100,4750,5650
Groundnut,Assam,2023,4,Rabi,5450,5100,6000
Groundnut,Assam,2023,9,Kharif,5400,5100,5800
Groundnut,Assam,2023,10,Kharif,5150,4850,5850
Groundnut,Assam,2023,11,Kharif,5550,5150,6250
Groundnut,Bihar,2020,2,Rabi,4750,4500,5400
Groundnut,Bihar,2020,3,Rabi,4250,4000,4550
Groundnut,Bihar,2020,4,Rabi,4600,4300,5000
Groundnut,Bihar,2020,9,Kharif,4650,4350,5000
Groundnut,Bihar,2020,10,Kharif,4550,4350,5000
Groundnut,Bihar,2020,11,Kharif,4800,4550,5450
Groundnut,Bihar,2021,2,Rabi,4900,4650,5350
Groundnut,Bihar,2021,3,Rabi,4550,4300,5000
Groundnut,Bihar,2021,4,Rabi,4500,4150,4900
Groundnut,Bihar,2021,9,Kharif,4400,4200,5000
Groundnut,Bihar,2021,10,Kharif,4700,4350,5100
Groundnut,Bihar,2021,11,Kharif,4850,4650,5300
Groundnut,Bihar,2022,2,Rabi,5200,4950,5700
Groundnut,Bihar,2022,3,Rabi,4850,4500,5200
Groundnut,Bihar,2022,4,Rabi,4650,4450,5100
Groundnut,Bihar,2022,9,Kharif,5200,4800,5600
Groundnut,Bihar,2022,10,Kharif,4850,4600,5450
Groundnut,Bihar,2022,11,Kharif,5050,4750,5450
Groundnut,Bihar,2023,2,Rabi,5050,4650,5600
Groundnut,Bihar,2023,3,Rabi,5100,4850,5650
Groundnut,Bihar,2023,4,Rabi,5200,4850,5850
Groundnut,Bihar,2023,9,Kharif,5450,5050,6100
Groundnut,Bihar,2023,10,Kharif,4850,4650,5200
Groundnut,Bihar,2023,11,Kharif,5400,5000,6100
Groundnut,Chhattisgarh,2020,2,Rabi,4350,4050,4650
Groundnut,Chhattisgarh,2020,3,Rabi,4550,4200,4950
Groundnut,Chhattisgarh,2020,4,Rabi,4050,3800,4500
Groundnut,Chhattisgarh,2020,9,Kharif,4300,4100,4800
Groundnut,Chhattisgarh,2020,10,Kharif,4450,4200,5050
Groundnut,Chhattisgarh,2020,11,Kharif,4300,4050,4750
Groundnut,Chhattisgarh,2021,2,Rabi,4650,4400,5250
Groundnut,Chhattisgarh,2021,3,Rabi,4750,4400,5350
Groundnut,Chhattisgarh,2021,4,Rabi,4250,3950,4800
Groundnut,Chhattisgarh,2021,9,Kharif,4850,4600,5200
Groundnut,Chhattisgarh,2021,10,Kharif,4450,4250,4800
Groundnut,Chhattisgarh,2021,11,Kharif,4200,3900,4500
Groundnut,Chhattisgarh,2022,2,Rabi,4850,4600,5250
Groundnut,Chhattisgarh,2022,3,Rabi,5050,4800,5450
Groundnut,Chhattisgarh,2022,4,Rabi,4900,4550,5400
Groundnut,Chhattisgarh,2022,9,Kharif,4500,4150,4850
Groundnut,Chhattisgarh,2022,10,Kharif,5050,4800,5600
Groundnut,Chhattisgarh,2022,11,Kharif,4500,4250,5100
Groundnut,Chhattisgarh,2023,2,Rabi,5150,4950,5600
Groundnut,Chhattisgarh,2023,3,Rabi,5400,4950,5800
Groundnut,Chhattisgarh,2023,4,Rabi,5250,5000,6000
Groundnut,Chhattisgarh,2023,9,Kharif,5250,5000,5750
Groundnut,Chhattisgarh,2023,10,Kharif,5450,5050,6050
Groundnut,Chhattisgarh,2023,11,Kharif,4750,4550,5200
Groundnut,Goa,2020,2,Rabi,5050,4700,5750
Groundnut,Goa,2020,3,Rabi,4950,4650,5500
Groundnut,Goa,2020,4,Rabi,5350,5100,6100
Groundnut,Goa,2020,9,Kharif,4800,4500,5150
Groundnut,Goa,2020,10,Kharif,5500,5150,6200
Groundnut,Goa,2020,11,Kharif,5150,4800,5500
Groundnut,Goa,2021,2,Rabi,5850,5400,6550
Groundnut,Goa,2021,3,Rabi,5700,5450,6450
Groundnut,Goa,2021,4,Rabi,5250,4900,5950
Groundnut,Goa,2021,9,Kharif,5600,5200,6050
Groundnut,Goa,2021,10,Kharif,5300,5000,5900
Groundnut,Goa,2021,11,Kharif,5500,5250,5950
Groundnut,Goa,2022,2,Rabi,5700,5350,6350
Groundnut,Goa,2022,3,Rabi,6150,5850,6650
Groundnut,Goa,2022,4,Rabi,5300,5050,5800
Groundnut,Goa,2022,9,Kharif,6050,5700,6550
Groundnut,Goa,2022,10,Kharif,5650,5400,6300
Groundnut,Goa,2022,11,Kharif,5650,5400,6050
Groundnut,Goa,2023,2,Rabi,5900,5650,6300
Groundnut,Goa,2023,3,Rabi,5850,5450,6300
Groundnut,Goa,2023,4,Rabi,6150,5800,6750
Groundnut,Goa,2023,9,Kharif,6000,5750,6400
Groundnut,Goa,2023,10,Kharif,6350,5950,6850
Groundnut,Goa,2023,11,Kharif,6500,6150,6850
Groundnut,Gujarat,2020,2,Rabi,5200,4850,5850
Groundnut,Gujarat,2020,3,Rabi,4500,4200,5050
Groundnut,Gujarat,2020,4,Rabi,4650,4300,5250
Groundnut,Gujarat,2020,9,Kharif,5000,4650,5500
Groundnut,Gujarat,2020,10,Kharif,4650,4450,5000
Groundnut,Gujarat,2020,11,Kharif,4850,4600,5350
Groundnut,Gujarat,2021,2,Rabi,4700,4400,5100
Groundnut,Gujarat,2021,3,Rabi,5050,4750,5600
Groundnut,Gujarat,2021,4,Rabi,4850,4500,5500
Groundnut,Gujarat,2021,9,Kharif,5150,4750,5750
Groundnut,Gujarat,2021,10,Kharif,5450,5150,6150
Groundnut,Gujarat,2021,11,Kharif,5200,5000,5650
Groundnut,Gujarat,2022,2,Rabi,5150,4850,5550
Groundnut,Gujarat,2022,3,Rabi,5450,5100,6150
Groundnut,Gujarat,2022,4,Rabi,5100,4750,5800
Groundnut,Gujarat,2022,9,Kharif,5250,4850,5900
Groundnut,Gujarat,2022,10,Kharif,5650,5350,6250
Groundnut,Gujarat,2022,11,Kharif,5450,5200,5900
Groundnut,Gujarat,2023,2,Rabi,5450,5200,6200
Groundnut,Gujarat,2023,3,Rabi,5750,5450,6450
Groundnut,Gujarat,2023,4,Rabi,5800,5350,6500
Groundnut,Gujarat,2023,9,Kharif,5500,5250,6000
Groundnut,Gujarat,2023,10,Kharif,5800,5550,6500
Groundnut,Gujarat,2023,11,Kharif,5600,5200,6150
Groundnut,Haryana,2020,2,Rabi,5300,5050,6000
Groundnut,Haryana,2020,3,Rabi,5400,5000,5950
Groundnut,Haryana,2020,4,Rabi,5100,4800,5500
Groundnut,Haryana,2020,9,Kharif,4650,4350,5250
Groundnut,Haryana,2020,10,Kharif,5150,4850,5750
Groundnut,Haryana,2020,11,Kharif,5300,4900,5850
Groundnut,Haryana,2021,2,Rabi,5650,5250,6400
Groundnut,Haryana,2021,3,Rabi,4950,4600,5450
Groundnut,Haryana,2021,4,Rabi,5300,5050,6000
Groundnut,Haryana,2021,9,Kharif,4900,4700,5350
Groundnut,Haryana,2021,10,Kharif,5450,5050,6150
Groundnut,Haryana,2021,11,Kharif,5150,4850,5650
Groundnut,Haryana,2022,2,Rabi,5450,5200,6050
Groundnut,Haryana,2022,3,Rabi,5850,5550,6400
Groundnut,Haryana,2022,4,Rabi,5500,5250,6250
Groundnut,Haryana,2022,9,Kharif,5450,5200,6100
Groundnut,Haryana,2022,10,Kharif,5350,5100,5800
Groundnut,Haryana,2022,11,Kharif,5550,5300,6200
Groundnut,Haryana,2023,2,Rabi,5500,5100,6100
Groundnut,Haryana,2023,3,Rabi,5800,5400,6200
Groundnut,Haryana,2023,4,Rabi,6100,5800,6500
Groundnut,Haryana,2023,9,Kharif,5400,5000,5850
Groundnut,Haryana,2023,10,Kharif,5750,5450,6200
Groundnut,Haryana,2023,11,Kharif,6200,6000,6750
Groundnut,Himachal Pradesh,2020,2,Rabi,5100,4850,5500
Groundnut,Himachal Pradesh,2020,3,Rabi,5350,5050,5750
Groundnut,Himachal Pradesh,2020,4,Rabi,5350,4950,6000
Groundnut,Himachal Pradesh,2020,9,Kharif,5300,4950,5850
Groundnut,Himachal Pradesh,2020,10,Kharif,5400,5200,6050
Groundnut,Himachal Pradesh,2020,11,Kharif,5050,4650,5600
Groundnut,Himachal Pradesh,2021,2,Rabi,5200,4900,5650
Groundnut,Himachal Pradesh,2021,3,Rabi,5150,4900,5750
Groundnut,Himachal Pradesh,2021,4,Rabi,5350,4950,5800
Groundnut,Himachal Pradesh,2021,9,Kharif,5600,5350,6050
Groundnut,Himachal Pradesh,2021,10,Kharif,5000,4700,5350
Groundnut,Himachal Pradesh,2021,11,Kharif,5350,4950,5950
Groundnut,Himachal Pradesh,2022,2,Rabi,5650,5350,6150
Groundnut,Himachal Pradesh,2022,3,Rabi,5650,5300,6200
Groundnut,Himachal Pradesh,2022,4,Rabi,5550,5250,6250
Groundnut,Himachal Pradesh,2022,9,Kharif,5750,5500,6300
Groundnut,Himachal Pradesh,2022,10,Kharif,5800,5500,6600
Groundnut,Himachal Pradesh,2022,11,Kharif,5450,5150,6050
Groundnut,Himachal Pradesh,2023,2,Rabi,5950,5550,6750
Groundnut,Himachal Pradesh,2023,3,Rabi,5850,5400,6300
Groundnut,Himachal Pradesh,2023,4,Rabi,5950,5700,6400
Groundnut,Himachal Pradesh,2023,9,Kharif,5550,5150,6300
Groundnut,Himachal Pradesh,2023,10,Kharif,5700,5350,6350
Groundnut,Himachal Pradesh,2023,11,Kharif,6300,6100,6850
Groundnut,Jammu & Kashmir,2020,2,Rabi,4750,4500,5400
Groundnut,Jammu & Kashmir,2020,3,Rabi,5450,5100,6100
Groundnut,Jammu & Kashmir,2020,4,Rabi,4950,4600,5300
Groundnut,Jammu & Kashmir,2020,9,Kharif,5150,4950,5800
Groundnut,Jammu & Kashmir,2020,10,Kharif,5550,5200,6050
Groundnut,Jammu & Kashmir,2020,11,Kharif,5350,5050,5750
Groundnut,Jammu & Kashmir,2021,2,Rabi,5750,5400,6500
Groundnut,Jammu & Kashmir,2021,3,Rabi,5750,5400,6350
Groundnut,Jammu & Kashmir,2021,4,Rabi,5100,4750,5550
Groundnut,Jammu & Kashmir,2021,9,Kharif,5850,5450,6250
Groundnut,Jammu & Kashmir,2021,10,Kharif,5850,5600,6650
Groundnut,Jammu & Kashmir,2021,11,Kharif,5350,5100,6050
Groundnut,Jammu & Kashmir,2022,2,Rabi,5850,5400,6500
Groundnut,Jammu & Kashmir,2022,3,Rabi,5550,5150,6200
Groundnut,Jammu & Kashmir,2022,4,Rabi,5900,5550,6350
Groundnut,Jammu & Kashmir,2022,9,Kharif,5800,5500,6450
Groundnut,Jammu & Kashmir,2022,10,Kharif,6150,5950,6750
Groundnut,Jammu & Kashmir,2022,11,Kharif,5750,5500,6150
Groundnut,Jammu & Kashmir,2023,2,Rabi,6350,6100,6700
Groundnut,Jammu & Kashmir,2023,3,Rabi,6250,5950,6550
Groundnut,Jammu & Kashmir,2023,4,Rabi,6250,5950,6650
Groundnut,Jammu & Kashmir,2023,9,Kharif,6300,6100,6800
Groundnut,Jammu & Kashmir,2023,10,Kharif,6000,5800,6500
Groundnut,Jammu & Kashmir,2023,11,Kharif,5600,5150,6050
Groundnut,Jharkhand,2020,2,Rabi,4200,3900,4700
Groundnut,Jharkhand,2020,3,Rabi,4800,4600,5400
Groundnut,Jharkhand,2020,4,Rabi,4800,4600,5400
Groundnut,Jharkhand,2020,9,Kharif,4150,3850,4650
Groundnut,Jharkhand,2020,10,Kharif,4450,4150,4900
Groundnut,Jharkhand,2020,11,Kharif,4550,4200,5200
Groundnut,Jharkhand,2021,2,Rabi,5100,4750,5700
Groundnut,Jharkhand,2021,3,Rabi,4500,4150,5100
Groundnut,Jharkhand,2021,4,Rabi,4750,4500,5250
Groundnut,Jharkhand,2021,9,Kharif,4500,4250,4900
Groundnut,Jharkhand,2021,10,Kharif,4800,4450,5150
Groundnut,Jharkhand,2021,11,Kharif,4900,4650,5450
Groundnut,Jharkhand,2022,2,Rabi,4750,4500,5400
Groundnut,Jharkhand,2022,3,Rabi,4950,4700,5550
Groundnut,Jharkhand,2022,4,Rabi,4700,4450,5050
Groundnut,Jharkhand,2022,9,Kharif,4950,4600,5550
Groundnut,Jharkhand,2022,10,Kharif,5050,4650,5550
Groundnut,Jharkhand,2022,11,Kharif,4950,4650,5450
Groundnut,Jharkhand,2023,2,Rabi,4850,4600,5400
Groundnut,Jharkhand,2023,3,Rabi,5200,4900,5750
Groundnut,Jharkhand,2023,4,Rabi,5300,4900,5850
Groundnut,Jharkhand,2023,9,Kharif,5150,4850,5500
Groundnut,Jharkhand,2023,10,Kharif,5200,4850,5600
Groundnut,Jharkhand,2023,11,Kharif,5250,4850,5900
Groundnut,Karnataka,2020,2,Rabi,4350,4100,4750
Groundnut,Karnataka,2020,3,Rabi,4450,4200,4800
Groundnut,Karnataka,2020,4,Rabi,4950,4600,5400
Groundnut,Karnataka,2020,9,Kharif,4600,4300,5000
Groundnut,Karnataka,2020,10,Kharif,4550,4350,5050
Groundnut,Karnataka,2020,11,Kharif,4800,4600,5250
Groundnut,Karnataka,2021,2,Rabi,5100,4800,5600
Groundnut,Karnataka,2021,3,Rabi,4650,4400,5000
Groundnut,Karnataka,2021,4,Rabi,5250,4900,5750
Groundnut,Karnataka,2021,9,Kharif,5150,4850,5800
Groundnut,Karnataka,2021,10,Kharif,4900,4600,5350
Groundnut,Karnataka,2021,11,Kharif,5100,4700,5700
Groundnut,Karnataka,2022,2,Rabi,4850,4500,5200
Groundnut,Karnataka,2022,3,Rabi,5000,4700,5650
Groundnut,Karnataka,2022,4,Rabi,5450,5050,5850
Groundnut,Karnataka,2022,9,Kharif,4900,4600,5350
Groundnut,Karnataka,2022,10,Kharif,4950,4650,5550
Groundnut,Karnataka,2022,11,Kharif,5500,5150,6000
Groundnut,Karnataka,2023,2,Rabi,5700,5300,6200
Groundnut,Karnataka,2023,3,Rabi,5550,5200,6150
Groundnut,Karnataka,2023,4,Rabi,5900,5600,6500
Groundnut,Karnataka,2023,9,Kharif,5700,5300,6400
Groundnut,Karnataka,2023,10,Kharif,5200,4800,5800
Groundnut,Karnataka,2023,11,Kharif,5100,4700,5750
Groundnut,Kerala,2020,2,Rabi,5450,5100,6000
Groundnut,Kerala,2020,3,Rabi,5550,5250,6000
Groundnut,Kerala,2020,4,Rabi,5100,4850,5700
Groundnut,Kerala,2020,9,Kharif,4900,4650,5400
Groundnut,Kerala,2020,10,Kharif,5350,5000,5950
Groundnut,Kerala,2020,11,Kharif,5350,4950,6050
Groundnut,Kerala,2021,2,Rabi,5700,5450,6150
Groundnut,Kerala,2021,3,Rabi,5550,5300,6000
Groundnut,Kerala,2021,4,Rabi,5400,5050,6150
Groundnut,Kerala,2021,9,Kharif,5600,5150,6300
Groundnut,Kerala,2021,10,Kharif,5900,5450,6400
Groundnut,Kerala,2021,11,Kharif,5550,5250,5950
Groundnut,Kerala,2022,2,Rabi,5500,5200,6250
Groundnut,Kerala,2022,3,Rabi,5550,5300,6250
Groundnut,Kerala,2022,4,Rabi,5750,5450,6350
Groundnut,Kerala,2022,9,Kharif,6050,5850,6600
Groundnut,Kerala,2022,10,Kharif,6050,5750,6400
Groundnut,Kerala,2022,11,Kharif,5550,5150,5950
Groundnut,Kerala,2023,2,Rabi,5650,5300,6300
Groundnut,Kerala,2023,3,Rabi,6100,5850,6700
Groundnut,Kerala,2023,4,Rabi,5800,5350,6550
Groundnut,Kerala,2023,9,Kharif,6450,6150,6950
Groundnut,Kerala,2023,10,Kharif,6100,5900,6600
Groundnut,Kerala,2023,11,Kharif,6150,5800,6750
Groundnut,Madhya Pradesh,2020,2,Rabi,4800,4450,5400
Groundnut,Madhya Pradesh,2020,3,Rabi,4950,4600,5600
Groundnut,Madhya Pradesh,2020,4,Rabi,4850,4600,5350
Groundnut,Madhya Pradesh,2020,9,Kharif,4900,4600,5300
Groundnut,Madhya Pradesh,2020,10,Kharif,4650,4400,5050
Groundnut,Madhya Pradesh,2020,11,Kharif,4400,4200,5000
Groundnut,Madhya Pradesh,2021,2,Rabi,4950,4700,5400
Groundnut,Madhya Pradesh,2021,3,Rabi,4750,4550,5350
Groundnut,Madhya Pradesh,2021,4,Rabi,4550,4200,5100
Groundnut,Madhya Pradesh,2021,9,Kharif,4800,4550,5200
Groundnut,Madhya Pradesh,2021,10,Kharif,4900,4500,5250
Groundnut,Madhya Pradesh,2021,11,Kharif,4800,4550,5450
Groundnut,Madhya Pradesh,2022,2,Rabi,5150,4750,5700
Groundnut,Madhya Pradesh,2022,3,Rabi,4900,4700,5400
Groundnut,Madhya Pradesh,2022,4,Rabi,5250,5050,5650
Groundnut,Madhya Pradesh,2022,9,Kharif,4850,4600,5200
Groundnut,Madhya Pradesh,2022,10,Kharif,5500,5250,6250
Groundnut,Madhya Pradesh,2022,11,Kharif,4950,4650,5450
Groundnut,Madhya Pradesh,2023,2,Rabi,5250,5000,5650
Groundnut,Madhya Pradesh,2023,3,Rabi,5000,4750,5450
Groundnut,Madhya Pradesh,2023,4,Rabi,5750,5450,6450
Groundnut,Madhya Pradesh,2023,9,Kharif,5600,5200,6100
Groundnut,Madhya Pradesh,2023,10,Kharif,5450,5150,5950
Groundnut,Madhya Pradesh,2023,11,Kharif,5700,5300,6350
Groundnut,Maharashtra,2020,2,Rabi,5150,4800,5800
Groundnut,Maharashtra,2020,3,Rabi,4800,4500,5200
Groundnut,Maharashtra,2020,4,Rabi,5050,4700,5450
Groundnut,Maharashtra,2020,9,Kharif,4600,4300,5050
Groundnut,Maharashtra,2020,10,Kharif,4850,4600,5300
Groundnut,Maharashtra,2020,11,Kharif,4450,4150,4950
Groundnut,Maharashtra,2021,2,Rabi,5100,4800,5600
Groundnut,Maharashtra,2021,3,Rabi,5400,5200,5850
Groundnut,Maharashtra,2021,4,Rabi,4800,4550,5450
Groundnut,Maharashtra,2021,9,Kharif,4700,4500,5300
Groundnut,Maharashtra,2021,10,Kharif,4750,4500,5400
Groundnut,Maharashtra,2021,11,Kharif,5150,4900,5550
Groundnut,Maharashtra,2022,2,Rabi,5450,5200,5900
Groundnut,Maharashtra,2022,3,Rabi,5050,4700,5600
Groundnut,Maharashtra,2022,4,Rabi,5150,4900,5650
Groundnut,Maharashtra,2022,9,Kharif,5600,5200,6100
Groundnut,Maharashtra,2022,10,Kharif,5350,4950,6000
Groundnut,Maharashtra,2022,11,Kharif,5600,5250,6200
Groundnut,Maharashtra,2023,2,Rabi,5850,5400,6650
Groundnut,Maharashtra,2023,3,Rabi,5600,5250,6150
Groundnut,Maharashtra,2023,4,Rabi,5900,5650,6500
Groundnut,Maharashtra,2023,9,Kharif,6050,5800,6550
Groundnut,Maharashtra,2023,10,Kharif,5200,4900,5800
Groundnut,Maharashtra,2023,11,Kharif,5400,5100,5850
Groundnut,Manipur,2020,2,Rabi,4650,4300,5000
Groundnut,Manipur,2020,3,Rabi,4300,4050,4800
Groundnut,Manipur,2020,4,Rabi,4900,4500,5450
Groundnut,Manipur,2020,9,Kharif,4600,4300,5050
Groundnut,Manipur,2020,10,Kharif,4350,4150,4750
Groundnut,Manipur,2020,11,Kharif,4700,4500,5200
Groundnut,Manipur,2021,2,Rabi,5250,4900,5850
Groundnut,Manipur,2021,3,Rabi,5050,4800,5600
Groundnut,Manipur,2021,4,Rabi,5050,4850,5400
Groundnut,Manipur,2021,9,Kharif,4650,4350,5150
Groundnut,Manipur,2021,10,Kharif,5200,4900,5800
Groundnut,Manipur,2021,11,Kharif,4650,4400,5250
Groundnut,Manipur,2022,2,Rabi,5500,5050,6000
Groundnut,Manipur,2022,3,Rabi,4800,4550,5150
Groundnut,Manipur,2022,4,Rabi,5150,4900,5650
Groundnut,Manipur,2022,9,Kharif,4900,4600,5350
Groundnut,Manipur,2022,10,Kharif,5450,5150,6150
Groundnut,Manipur,2022,11,Kharif,5100,4700,5750
Groundnut,Manipur,2023,2,Rabi,5100,4850,5550
Groundnut,Manipur,2023,3,Rabi,5700,5250,6450
Groundnut,Manipur,2023,4,Rabi,5200,4950,5750
Groundnut,Manipur,2023,9,Kharif,5400,5200,5950
Groundnut,Manipur,2023,10,Kharif,5550,5300,6150
Groundnut,Manipur,2023,11,Kharif,5400,5050,5950
Groundnut,Meghalaya,2020,2,Rabi,4750,4400,5200
Groundnut,Meghalaya,2020,3,Rabi,4500,4250,4800
Groundnut,Meghalaya,2020,4,Rabi,4800,4550,5200
Groundnut,Meghalaya,2020,9,Kharif,4600,4300,5200
Groundnut,Meghalaya,2020,10,Kharif,4700,4450,5150
Groundnut,Meghalaya,2020,11,Kharif,4800,4550,5250
Groundnut,Meghalaya,2021,2,Rabi,5250,5000,5950
Groundnut,Meghalaya,2021,3,Rabi,5300,5100,5700
Groundnut,Meghalaya,2021,4,Rabi,5300,4950,5800
Groundnut,Meghalaya,2021,9,Kharif,5100,4750,5550
Groundnut,Meghalaya,2021,10,Kharif,5000,4700,5700
Groundnut,Meghalaya,2021,11,Kharif,5350,5050,6000
Groundnut,Meghalaya,2022,2,Rabi,4800,4550,5200
Groundnut,Meghalaya,2022,3,Rabi,4800,4500,5400
Groundnut,Meghalaya,2022,4,Rabi,5400,5050,6100
Groundnut,Meghalaya,2022,9,Kharif,5200,4900,5600
Groundnut,Meghalaya,2022,10,Kharif,5300,4900,5750
Groundnut,Meghalaya,2022,11,Kharif,5200,4800,5700
Groundnut,Meghalaya,2023,2,Rabi,5650,5250,6350
Groundnut,Meghalaya,2023,3,Rabi,5650,5300,6200
Groundnut,Meghalaya,2023,4,Rabi,5400,5100,5950
Groundnut,Meghalaya,2023,9,Kharif,5900,5600,6600
Groundnut,Meghalaya,2023,10,Kharif,5250,4900,5800
Groundnut,Meghalaya,2023,11,Kharif,5850,5550,6450
Groundnut,Odisha,2020,2,Rabi,4150,3950,4450
Groundnut,Odisha,2020,3,Rabi,4050,3800,4350
Groundnut,Odisha,2020,4,Rabi,4350,4100,4900
Groundnut,Odisha,2020,9,Kharif,4400,4200,5000
Groundnut,Odisha,2020,10,Kharif,4600,4400,5050
Groundnut,Odisha,2020,11,Kharif,4050,3800,4600
Groundnut,Odisha,2021,2,Rabi,4950,4750,5450
Groundnut,Odisha,2021,3,Rabi,4900,4550,5250
Groundnut,Odisha,2021,4,Rabi,4550,4200,5050
Groundnut,Odisha,2021,9,Kharif,4850,4450,5250
Groundnut,Odisha,2021,10,Kharif,4850,4650,5200
Groundnut,Odisha,2021,11,Kharif,4450,4150,4950
Groundnut,Odisha,2022,2,Rabi,5200,4800,5600
Groundnut,Odisha,2022,3,Rabi,4450,4250,4850
Groundnut,Odisha,2022,4,Rabi,4650,4300,5250
Groundnut,Odisha,2022,9,Kharif,5000,4750,5450
Groundnut,Odisha,2022,10,Kharif,4700,4450,5150
Groundnut,Odisha,2022,11,Kharif,4650,4300,5100
Groundnut,Odisha,2023,2,Rabi,4700,4450,5200
Groundnut,Odisha,2023,3,Rabi,5100,4900,5550
Groundnut,Odisha,2023,4,Rabi,4800,4500,5450
Groundnut,Odisha,2023,9,Kharif,5350,5050,6050
Groundnut,Odisha,2023,10,Kharif,4950,4600,5450
Groundnut,Odisha,2023,11,Kharif,5000,4650,5500
Groundnut,Punjab,2020,2,Rabi,5150,4750,5550
Groundnut,Punjab,2020,3,Rabi,4850,4600,5300
Groundnut,Punjab,2020,4,Rabi,5100,4700,5550
Groundnut,Punjab,2020,9,Kharif,5400,5150,6100
Groundnut,Punjab,2020,10,Kharif,4850,4600,5500
Groundnut,Punjab,2020,11,Kharif,5350,5000,5950
Groundnut,Punjab,2021,2,Rabi,5300,5000,5950
Groundnut,Punjab,2021,3,Rabi,5550,5200,6200
Groundnut,Punjab,2021,4,Rabi,4950,4750,5500
Groundnut,Punjab,2021,9,Kharif,5250,5000,5650
Groundnut,Punjab,2021,10,Kharif,5250,4900,5800
Groundnut,Punjab,2021,11,Kharif,5350,5100,5800
Groundnut,Punjab,2022,2,Rabi,5850,5450,6250
Groundnut,Punjab,2022,3,Rabi,6000,5650,6550
Groundnut,Punjab,2022,4,Rabi,5550,5150,6300
Groundnut,Punjab,2022,9,Kharif,5450,5100,5900
Groundnut,Punjab,2022,10,Kharif,5400,5150,5800
Groundnut,Punjab,2022,11,Kharif,5750,5350,6450
Groundnut,Punjab,2023,2,Rabi,5750,5450,6150
Groundnut,Punjab,2023,3,Rabi,5650,5300,6250
Groundnut,Punjab,2023,4,Rabi,5800,5400,6600
Groundnut,Punjab,2023,9,Kharif,5900,5550,6700
Groundnut,Punjab,2023,10,Kharif,6300,5950,6700
Groundnut,Punjab,2023,11,Kharif,6350,6100,6900
Groundnut,Rajasthan,2020,2,Rabi,4600,4350,5200
Groundnut,Rajasthan,2020,3,Rabi,4300,4050,4800
Groundnut,Rajasthan,2020,4,Rabi,4350,4050,4950
Groundnut,Rajasthan,2020,9,Kharif,4600,4250,5250
Groundnut,Rajasthan,2020,10,Kharif,4350,4150,4950
Groundnut,Rajasthan,2020,11,Kharif,4450,4150,4850
Groundnut,Rajasthan,2021,2,Rabi,4550,4250,4950
Groundnut,Rajasthan,2021,3,Rabi,4750,4500,5100
Groundnut,Rajasthan,2021,4,Rabi,4400,4050,4900
Groundnut,Rajasthan,2021,9,Kharif,4500,4250,4950
Groundnut,Rajasthan,2021,10,Kharif,5000,4800,5400
Groundnut,Rajasthan,2021,11,Kharif,4750,4450,5400
Groundnut,Rajasthan,2022,2,Rabi,5300,4950,5850
Groundnut,Rajasthan,2022,3,Rabi,4750,4400,5150
Groundnut,Rajasthan,2022,4,Rabi,4600,4250,5000
Groundnut,Rajasthan,2022,9,Kharif,4700,4500,5200
Groundnut,Rajasthan,2022,10,Kharif,5250,5000,5650
Groundnut,Rajasthan,2022,11,Kharif,4850,4550,5350
Groundnut,Rajasthan,2023,2,Rabi,5150,4750,5850
Groundnut,Rajasthan,2023,3,Rabi,5350,5050,5750
Groundnut,Rajasthan,2023,4,Rabi,4950,4750,5400
Groundnut,Rajasthan,2023,9,Kharif,5150,4850,5650
Groundnut,Rajasthan,2023,10,Kharif,5200,4950,5850
Groundnut,Rajasthan,2023,11,Kharif,5500,5150,6200
Groundnut,Tamil Nadu,2020,2,Rabi,4600,4400,5100
Groundnut,Tamil Nadu,2020,3,Rabi,4450,4100,4900
Groundnut,Tamil Nadu,2020,4,Rabi,5100,4750,5800
Groundnut,Tamil Nadu,2020,9,Kharif,4600,4300,5000
Groundnut,Tamil Nadu,2020,10,Kharif,4350,4050,4750
Groundnut,Tamil Nadu,2020,11,Kharif,4500,4300,4900
Groundnut,Tamil Nadu,2021,2,Rabi,4750,4500,5100
Groundnut,Tamil Nadu,2021,3,Rabi,5150,4900,5850
Groundnut,Tamil Nadu,2021,4,Rabi,5350,5000,6100
Groundnut,Tamil Nadu,2021,9,Kharif,5150,4900,5750
Groundnut,Tamil Nadu,2021,10,Kharif,5200,4900,5900
Groundnut,Tamil Nadu,2021,11,Kharif,5100,4850,5750
Groundnut,Tamil Nadu,2022,2,Rabi,5650,5300,6400
Groundnut,Tamil Nadu,2022,3,Rabi,5600,5350,6100
Groundnut,Tamil Nadu,2022,4,Rabi,4850,4500,5200
Groundnut,Tamil Nadu,2022,9,Kharif,5650,5300,6150
Groundnut,Tamil Nadu,2022,10,Kharif,4850,4500,5300
Groundnut,Tamil Nadu,2022,11,Kharif,5150,4900,5850
Groundnut,Tamil Nadu,2023,2,Rabi,5200,4850,5750
Groundnut,Tamil Nadu,2023,3,Rabi,5200,5000,5700
Groundnut,Tamil Nadu,2023,4,Rabi,5850,5600,6300
Groundnut,Tamil Nadu,2023,9,Kharif,5750,5450,6500
Groundnut,Tamil Nadu,2023,10,Kharif,5450,5200,5900
Groundnut,Tamil Nadu,2023,11,Kharif,5950,5650,6700
Groundnut,Telangana,2020,2,Rabi,5300,5000,6000
Groundnut,Telangana,2020,3,Rabi,5050,4750,5700
Groundnut,Telangana,2020,4,Rabi,4700,4500,5100
Groundnut,Telangana,2020,9,Kharif,5200,4950,5800
Groundnut,Telangana,2020,10,Kharif,4550,4350,5150
Groundnut,Telangana,2020,11,Kharif,5200,4950,5850
Groundnut,Telangana,2021,2,Rabi,5350,5100,6050
Groundnut,Telangana,2021,3,Rabi,5200,4950,5650
Groundnut,Telangana,2021,4,Rabi,5100,4800,5600
Groundnut,Telangana,2021,9,Kharif,5000,4750,5400
Groundnut,Telangana,2021,10,Kharif,5050,4800,5700
Groundnut,Telangana,2021,11,Kharif,5150,4850,5750
Groundnut,Telangana,2022,2,Rabi,5500,5150,6150
Groundnut,Telangana,2022,3,Rabi,5600,5250,6100
Groundnut,Telangana,2022,4,Rabi,5650,5400,6050
Groundnut,Telangana,2022,9,Kharif,5850,5550,6600
Groundnut,Telangana,2022,10,Kharif,5700,5350,6350
Groundnut,Telangana,2022,11,Kharif,5750,5300,6450
Groundnut,Telangana,2023,2,Rabi,6050,5750,6350
Groundnut,Telangana,2023,3,Rabi,5700,5400,6150
Groundnut,Telangana,2023,4,Rabi,5700,5400,6450
Groundnut,Telangana,2023,9,Kharif,5600,5300,6350
Groundnut,Telangana,2023,10,Kharif,6000,5650,6400
Groundnut,Telangana,2023,11,Kharif,6100,5850,6550
Groundnut,Tripura,2020,2,Rabi,4450,4150,4750
Groundnut,Tripura,2020,3,Rabi,4250,3950,4700
Groundnut,Tripura,2020,4,Rabi,4700,4500,5350
Groundnut,Tripura,2020,9,Kharif,4600,4400,5000
Groundnut,Tripura,2020,10,Kharif,4150,3900,4650
Groundnut,Tripura,2020,11,Kharif,4650,4450,5000
Groundnut,Tripura,2021,2,Rabi,4550,4350,5100
Groundnut,Tripura,2021,3,Rabi,4750,4500,5300
Groundnut,Tripura,2021,4,Rabi,4800,4500,5200
Groundnut,Tripura,2021,9,Kharif,4500,4200,5050
Groundnut,Tripura,2021,10,Kharif,5000,4700,5550
Groundnut,Tripura,2021,11,Kharif,4400,4150,4850
Groundnut,Tripura,2022,2,Rabi,4800,4450,5250
Groundnut,Tripura,2022,3,Rabi,4500,4200,5100
Groundnut,Tripura,2022,4,Rabi,4750,4500,5400
Groundnut,Tripura,2022,9,Kharif,5150,4900,5700
Groundnut,Tripura,2022,10,Kharif,5200,4850,5750
Groundnut,Tripura,2022,11,Kharif,5050,4750,5400
Groundnut,Tripura,2023,2,Rabi,5150,4800,5600
Groundnut,Tripura,2023,3,Rabi,5350,5000,6050
Groundnut,Tripura,2023,4,Rabi,5250,5050,5850
Groundnut,Tripura,2023,9,Kharif,5300,5050,6000
Groundnut,Tripura,2023,10,Kharif,4950,4650,5600
Groundnut,Tripura,2023,11,Kharif,5450,5200,6000
Groundnut,Uttar Pradesh,2020,2,Rabi,4800,4600,5250
Groundnut,Uttar Pradesh,2020,3,Rabi,4400,4150,4750
Groundnut,Uttar Pradesh,2020,4,Rabi,4400,4150,5000
Groundnut,Uttar Pradesh,2020,9,Kharif,4300,4100,4650
Groundnut,Uttar Pradesh,2020,10,Kharif,4350,4150,4950
Groundnut,Uttar Pradesh,2020,11,Kharif,4850,4650,5500
Groundnut,Uttar Pradesh,2021,2,Rabi,4750,4450,5350
Groundnut,Uttar Pradesh,2021,3,Rabi,4500,4250,5000
Groundnut,Uttar Pradesh,2021,4,Rabi,5200,4900,5750
Groundnut,Uttar Pradesh,2021,9,Kharif,4700,4450,5250
Groundnut,Uttar Pradesh,2021,10,Kharif,4750,4450,5350
Groundnut,Uttar Pradesh,2021,11,Kharif,5000,4650,5700
Groundnut,Uttar Pradesh,2022,2,Rabi,5150,4900,5700
Groundnut,Uttar Pradesh,2022,3,Rabi,5550,5100,6250
Groundnut,Uttar Pradesh,2022,4,Rabi,5550,5300,5950
Groundnut,Uttar Pradesh,2022,9,Kharif,5300,4900,6000
Groundnut,Uttar Pradesh,2022,10,Kharif,5000,4700,5550
Groundnut,Uttar Pradesh,2022,11,Kharif,5450,5100,5950
Groundnut,Uttar Pradesh,2023,2,Rabi,5150,4750,5650
Groundnut,Uttar Pradesh,2023,3,Rabi,5650,5250,6400
Groundnut,Uttar Pradesh,2023,4,Rabi,5400,5050,5900
Groundnut,Uttar Pradesh,2023,9,Kharif,5500,5100,5950
Groundnut,Uttar Pradesh,2023,10,Kharif,5100,4750,5600
Groundnut,Uttar Pradesh,2023,11,Kharif,5800,5500,6550
Groundnut,Uttarakhand,2020,2,Rabi,5050,4800,5500
Groundnut,Uttarakhand,2020,3,Rabi,4700,4400,5350
Groundnut,Uttarakhand,2020,4,Rabi,4950,4600,5600
Groundnut,Uttarakhand,2020,9,Kharif,4900,4700,5500
Groundnut,Uttarakhand,2020,10,Kharif,4900,4650,5300
Groundnut,Uttarakhand,2020,11,Kharif,4800,4450,5350
Groundnut,Uttarakhand,2021,2,Rabi,5350,5100,6100
Groundnut,Uttarakhand,2021,3,Rabi,4700,4400,5200
Groundnut,Uttarakhand,2021,4,Rabi,4600,4350,5200
Groundnut,Uttarakhand,2021,9,Kharif,5050,4800,5400
Groundnut,Uttarakhand,2021,10,Kharif,4750,4450,5100
Groundnut,Uttarakhand,2021,11,Kharif,4950,4700,5500
Groundnut,Uttarakhand,2022,2,Rabi,5300,4900,5950
Groundnut,Uttarakhand,2022,3,Rabi,5200,5000,5750
Groundnut,Uttarakhand,2022,4,Rabi,5450,5150,6100
Groundnut,Uttarakhand,2022,9,Kharif,5350,4900,6000
Groundnut,Uttarakhand,2022,10,Kharif,5200,5000,5900
Groundnut,Uttarakhand,2022,11,Kharif,5300,5000,5700
Groundnut,Uttarakhand,2023,2,Rabi,5500,5150,6250
Groundnut,Uttarakhand,2023,3,Rabi,5300,5000,5950
Groundnut,Uttarakhand,2023,4,Rabi,5900,5500,6650
Groundnut,Uttarakhand,2023,9,Kharif,5500,5150,6150
Groundnut,Uttarakhand,2023,10,Kharif,5750,5450,6200
Groundnut,Uttarakhand,2023,11,Kharif,5600,5150,6000
Groundnut,West Bengal,2020,2,Rabi,4850,4500,5450
Groundnut,West Bengal,2020,3,Rabi,4900,4600,5450
Groundnut,West Bengal,2020,4,Rabi,4850,4500,5350
Groundnut,West Bengal,2020,9,Kharif,4750,4450,5250
Groundnut,West Bengal,2020,10,Kharif,4600,4400,5050
Groundnut,West Bengal,2020,11,Kharif,4700,4400,5300
Groundnut,West Bengal,2021,2,Rabi,4900,4700,5350
Groundnut,West Bengal,2021,3,Rabi,5250,5000,5700
Groundnut,West Bengal,2021,4,Rabi,4650,4300,5150
Groundnut,West Bengal,2021,9,Kharif,4750,4400,5100
Groundnut,West Bengal,2021,10,Kharif,4800,4550,5250
Groundnut,West Bengal,2021,11,Kharif,4600,4300,4950
Groundnut,West Bengal,2022,2,Rabi,4750,4450,5200
Groundnut,West Bengal,2022,3,Rabi,4850,4450,5350
Groundnut,West Bengal,2022,4,Rabi,5450,5250,6050
Groundnut,West Bengal,2022,9,Kharif,5400,5200,5900
Groundnut,West Bengal,2022,10,Kharif,5450,5200,6200
Groundnut,West Bengal,2022,11,Kharif,5100,4750,5500
Groundnut,West Bengal,2023,2,Rabi,5500,5250,5950
Groundnut,West Bengal,2023,3,Rabi,5500,5100,6100
Groundnut,West Bengal,2023,4,Rabi,5800,5450,6400
Groundnut,West Bengal,2023,9,Kharif,5450,5100,6000
Groundnut,West Bengal,2023,10,Kharif,5450,5150,6150
Groundnut,West Bengal,2023,11,Kharif,5400,5150,5950
Jowar,Andhra Pradesh,2020,2,Rabi,2750,2500,3350
Jowar,Andhra Pradesh,2020,3,Rabi,2450,2250,2900
Jowar,Andhra Pradesh,2020,4,Rabi,2700,2350,3200
Jowar,Andhra Pradesh,2020,9,Kharif,2750,2500,3100
Jowar,Andhra Pradesh,2020,10,Kharif,2550,2200,3000
Jowar,Andhra Pradesh,2020,11,Kharif,2700,2400,3000
Jowar,Andhra Pradesh,2021,2,Rabi,2850,2550,3350
Jowar,Andhra Pradesh,2021,3,Rabi,2850,2500,3150
Jowar,Andhra Pradesh,2021,4,Rabi,2950,2600,3350
Jowar,Andhra Pradesh,2021,9,Kharif,2800,2450,3100
Jowar,Andhra Pradesh,2021,10,Kharif,2900,2500,3350
Jowar,Andhra Pradesh,2021,11,Kharif,2600,2250,3050
Jowar,Andhra Pradesh,2022,2,Rabi,3150,2900,3450
Jowar,Andhra Pradesh,2022,3,Rabi,3100,2900,3300
Jowar,Andhra Pradesh,2022,4,Rabi,2700,2450,3050
Jowar,Andhra Pradesh,2022,9,Kharif,3100,2950,3350
Jowar,Andhra Pradesh,2022,10,Kharif,2950,2600,3300
Jowar,Andhra Pradesh,2022,11,Kharif,2800,2450,3200
Jowar,Andhra Pradesh,2023,2,Rabi,3300,3150,3750
Jowar,Andhra Pradesh,2023,3,Rabi,3050,2850,3400
Jowar,Andhra Pradesh,2023,4,Rabi,3100,2900,3550
Jowar,Andhra Pradesh,2023,9,Kharif,2900,2600,3400
Jowar,Andhra Pradesh,2023,10,Kharif,3100,2950,3300
Jowar,Andhra Pradesh,2023,11,Kharif,2950,2650,3400
Jowar,Assam,2020,2,Rabi,2500,2150,2800
Jowar,Assam,2020,3,Rabi,2500,2300,2850
Jowar,Assam,2020,4,Rabi,2300,2000,2650
Jowar,Assam,2020,9,Kharif,2600,2300,3050
Jowar,Assam,2020,10,Kharif,2300,2050,2700
Jowar,Assam,2020,11,Kharif,2600,2350,2950
Jowar,Assam,2021,2,Rabi,2550,2300,3050
Jowar,Assam,2021,3,Rabi,2550,2200,2850
Jowar,Assam,2021,4,Rabi,2500,2200,2850
Jowar,Assam,2021,9,Kharif,2450,2100,2950
Jowar,Assam,2021,10,Kharif,2500,2200,2800
Jowar,Assam,2021,11,Kharif,2700,2300,3100
Jowar,Assam,2022,2,Rabi,2650,2450,3100
Jowar,Assam,2022,3,Rabi,2700,2400,3250
Jowar,Assam,2022,4,Rabi,2950,2700,3300
Jowar,Assam,2022,9,Kharif,2900,2500,3400
Jowar,Assam,2022,10,Kharif,2950,2550,3500
Jowar,Assam,2022,11,Kharif,2700,2350,3200
Jowar,Assam,2023,2,Rabi,2700,2400,3100
Jowar,Assam,2023,3,Rabi,3000,2800,3300
Jowar,Assam,2023,4,Rabi,3000,2800,3250
Jowar,Assam,2023,9,Kharif,2900,2600,3400
Jowar,Assam,2023,10,Kharif,2750,2500,3300
Jowar,Assam,2023,11,Kharif,2800,2500,3250
Jowar,Bihar,2020,2,Rabi,2450,2250,2900
Jowar,Bihar,2020,3,Rabi,2500,2150,2850
Jowar,Bihar,2020,4,Rabi,2550,2300,2900
Jowar,Bihar,2020,9,Kharif,2650,2350,3100
Jowar,Bihar,2020,10,Kharif,2500,2200,2950
Jowar,Bihar,2020,11,Kharif,2300,2000,2700
Jowar,Bihar,2021,2,Rabi,2700,2400,3050
Jowar,Bihar,2021,3,Rabi,2750,2450,3200
Jowar,Bihar,2021,4,Rabi,2650,2400,3050
Jowar,Bihar,2021,9,Kharif,2700,2450,3200
Jowar,Bihar,2021,10,Kharif,2800,2550,3350
Jowar,Bihar,2021,11,Kharif,2600,2300,3100
Jowar,Bihar,2022,2,Rabi,2650,2350,3050
Jowar,Bihar,2022,3,Rabi,2850,2500,3400
Jowar,Bihar,2022,4,Rabi,2900,2650,3550
Jowar,Bihar,2022,9,Kharif,2550,2300,3000
Jowar,Bihar,2022,10,Kharif,2900,2600,3500
Jowar,Bihar,2022,11,Kharif,2650,2250,3150
Jowar,Bihar,2023,2,Rabi,2700,2500,3000
Jowar,Bihar,2023,3,Rabi,2800,2450,3300
Jowar,Bihar,2023,4,Rabi,2850,2600,3150
Jowar,Bihar,2023,9,Kharif,2950,2550,3500
Jowar,Bihar,2023,10,Kharif,3000,2850,3400
Jowar,Bihar,2023,11,Kharif,2950,2700,3400
Jowar,Chhattisgarh,2020,2,Rabi,2650,2350,2950
Jowar,Chhattisgarh,2020,3,Rabi,2750,2450,3250
Jowar,Chhattisgarh,2020,4,Rabi,2450,2150,2950
Jowar,Chhattisgarh,2020,9,Kharif,2400,2200,2850
Jowar,Chhattisgarh,2020,10,Kharif,2550,2300,2850
Jowar,Chhattisgarh,2020,11,Kharif,2650,2350,3250
Jowar,Chhattisgarh,2021,2,Rabi,2900,2500,3500
Jowar,Chhattisgarh,2021,3,Rabi,2600,2250,2950
Jowar,Chhattisgarh,2021,4,Rabi,2750,2450,3200
Jowar,Chhattisgarh,2021,9,Kharif,2750,2350,3150
Jowar,Chhattisgarh,2021,10,Kharif,2600,2300,3000
Jowar,Chhattisgarh,2021,11,Kharif,2550,2200,3050
Jowar,Chhattisgarh,2022,2,Rabi,3000,2800,3200
Jowar,Chhattisgarh,2022,3,Rabi,2900,2600,3250
Jowar,Chhattisgarh,2022,4,Rabi,2950,2600,3450
Jowar,Chhattisgarh,2022,9,Kharif,2700,2400,3300
Jowar,Chhattisgarh,2022,10,Kharif,2650,2250,3000
Jowar,Chhattisgarh,2022,11,Kharif,2700,2350,3250
Jowar,Chhattisgarh,2023,2,Rabi,2850,2550,3200
Jowar,Chhattisgarh,2023,3,Rabi,3150,3000,3550
Jowar,Chhattisgarh,2023,4,Rabi,3100,2850,3500
Jowar,Chhattisgarh,2023,9,Kharif,2950,2600,3400
Jowar,Chhattisgarh,2023,10,Kharif,3000,2850,3250
Jowar,Chhattisgarh,2023,11,Kharif,2900,2550,3500
Jowar,Goa,2020,2,Rabi,3000,2800,3350
Jowar,Goa,2020,3,Rabi,3200,2950,3550
Jowar,Goa,2020,4,Rabi,2750,2350,3150
Jowar,Goa,2020,9,Kharif,3000,2750,3400
Jowar,Goa,2020,10,Kharif,2850,2450,3200
Jowar,Goa,2020,11,Kharif,3050,2900,3250
Jowar,Goa,2021,2,Rabi,3150,2900,3400
Jowar,Goa,2021,3,Rabi,3350,3100,3700
Jowar,Goa,2021,4,Rabi,3350,3100,3600
Jowar,Goa,2021,9,Kharif,3300,3150,3700
Jowar,Goa,2021,10,Kharif,3400,3250,3800
Jowar,Goa,2021,11,Kharif,3350,3200,3750
Jowar,Goa,2022,2,Rabi,3200,3000,3550
Jowar,Goa,2022,3,Rabi,3350,3200,3700
Jowar,Goa,2022,4,Rabi,3250,3100,3600
Jowar,Goa,2022,9,Kharif,3350,3200,3700
Jowar,Goa,2022,10,Kharif,3050,2900,3350
Jowar,Goa,2022,11,Kharif,3500,3350,3850
Jowar,Goa,2023,2,Rabi,3450,3250,3800
Jowar,Goa,2023,3,Rabi,3450,3250,3900
Jowar,Goa,2023,4,Rabi,3600,3400,4050
Jowar,Goa,2023,9,Kharif,3400,3150,3750
Jowar,Goa,2023,10,Kharif,3500,3300,3800
Jowar,Goa,2023,11,Kharif,3500,3200,3900
Jowar,Gujarat,2020,2,Rabi,2650,2300,3200
Jowar,Gujarat,2020,3,Rabi,2900,2550,3300
Jowar,Gujarat,2020,4,Rabi,2600,2350,3000
Jowar,Gujarat,2020,9,Kharif,2900,2650,3550
Jowar,Gujarat,2020,10,Kharif,2600,2300,3050
Jowar,Gujarat,2020,11,Kharif,2600,2350,2950
Jowar,Gujarat,2021,2,Rabi,3150,3000,3450
Jowar,Gujarat,2021,3,Rabi,3050,2900,3400
Jowar,Gujarat,2021,4,Rabi,3100,2950,3500
Jowar,Gujarat,2021,9,Kharif,2950,2550,3450
Jowar,Gujarat,2021,10,Kharif,3050,2900,3450
Jowar,Gujarat,2021,11,Kharif,2750,2500,3350
Jowar,Gujarat,2022,2,Rabi,3000,2850,3400
Jowar,Gujarat,2022,3,Rabi,3150,2950,3400
Jowar,Gujarat,2022,4,Rabi,2950,2500,3350
Jowar,Gujarat,2022,9,Kharif,2900,2500,3500
Jowar,Gujarat,2022,10,Kharif,2900,2500,3500
Jowar,Gujarat,2022,11,Kharif,3150,2950,3400
Jowar,Gujarat,2023,2,Rabi,3050,2900,3300
Jowar,Gujarat,2023,3,Rabi,3000,2800,3250
Jowar,Gujarat,2023,4,Rabi,3000,2850,3300
Jowar,Gujarat,2023,9,Kharif,3100,2850,3300
Jowar,Gujarat,2023,10,Kharif,3150,3000,3450
Jowar,Gujarat,2023,11,Kharif,3450,3200,3750
Jowar,Haryana,2020,2,Rabi,2950,2600,3350
Jowar,Haryana,2020,3,Rabi,3000,2850,3400
Jowar,Haryana,2020,4,Rabi,2800,2550,3300
Jowar,Haryana,2020,9,Kharif,2850,2450,3400
Jowar,Haryana,2020,10,Kharif,2850,2550,3300
Jowar,Haryana,2020,11,Kharif,2800,2600,3300
Jowar,Haryana,2021,2,Rabi,2850,2550,3400
Jowar,Haryana,2021,3,Rabi,2850,2500,3200
Jowar,Haryana,2021,4,Rabi,3100,2850,3350
Jowar,Haryana,2021,9,Kharif,3100,2950,3350
Jowar,Haryana,2021,10,Kharif,3200,2950,3600
Jowar,Haryana,2021,11,Kharif,2900,2650,3300
Jowar,Haryana,2022,2,Rabi,2900,2650,3350
Jowar,Haryana,2022,3,Rabi,3100,2950,3400
Jowar,Haryana,2022,4,Rabi,3050,2800,3300
Jowar,Haryana,2022,9,Kharif,3300,3050,3650
Jowar,Haryana,2022,10,Kharif,3350,3200,3800
Jowar,Haryana,2022,11,Kharif,3300,3050,3600
Jowar,Haryana,2023,2,Rabi,3200,3000,3450
Jowar,Haryana,2023,3,Rabi,3100,2950,3350
Jowar,Haryana,2023,4,Rabi,3100,2950,3500
Jowar,Haryana,2023,9,Kharif,3300,3050,3750
Jowar,Haryana,2023,10,Kharif,3500,3300,3900
Jowar,Haryana,2023,11,Kharif,3250,3000,3600
Jowar,Himachal Pradesh,2020,2,Rabi,2800,2400,3200
Jowar,Himachal Pradesh,2020,3,Rabi,2650,2400,3150
Jowar,Himachal Pradesh,2020,4,Rabi,3000,2850,3400
Jowar,Himachal Pradesh,2020,9,Kharif,2900,2650,3550
Jowar,Himachal Pradesh,2020,10,Kharif,2600,2300,2950
Jowar,Himachal Pradesh,2020,11,Kharif,2650,2450,3050
Jowar,Himachal Pradesh,2021,2,Rabi,3050,2850,3300
Jowar,Himachal Pradesh,2021,3,Rabi,2900,2550,3400
Jowar,Himachal Pradesh,2021,4,Rabi,3200,3050,3600
Jowar,Himachal Pradesh,2021,9,Kharif,3100,2900,3350
Jowar,Himachal Pradesh,2021,10,Kharif,3000,2800,3200
Jowar,Himachal Pradesh,2021,11,Kharif,3050,2900,3350
Jowar,Himachal Pradesh,2022,2,Rabi,3200,2950,3550
Jowar,Himachal Pradesh,2022,3,Rabi,3000,2800,3400
Jowar,Himachal Pradesh,2022,4,Rabi,3350,3200,3750
Jowar,Himachal Pradesh,2022,9,Kharif,3300,3050,3700
Jowar,Himachal Pradesh,2022,10,Kharif,3100,2850,3450
Jowar,Himachal Pradesh,2022,11,Kharif,3000,2800,3300
Jowar,Himachal Pradesh,2023,2,Rabi,3550,3300,3800
Jowar,Himachal Pradesh,2023,3,Rabi,3100,2950,3500
Jowar,Himachal Pradesh,2023,4,Rabi,3100,2900,3450
Jowar,Himachal Pradesh,2023,9,Kharif,3050,2900,3450
Jowar,Himachal Pradesh,2023,10,Kharif,3200,3050,3500
Jowar,Himachal Pradesh,2023,11,Kharif,3100,2900,3500
Jowar,Jammu & Kashmir,2020,2,Rabi,2850,2450,3200
Jowar,Jammu & Kashmir,2020,3,Rabi,2900,2650,3500
Jowar,Jammu & Kashmir,2020,4,Rabi,2950,2550,3400
Jowar,Jammu & Kashmir,2020,9,Kharif,3050,2850,3400
Jowar,Jammu & Kashmir,2020,10,Kharif,2750,2500,3050
Jowar,Jammu & Kashmir,2020,11,Kharif,2950,2650,3500
Jowar,Jammu & Kashmir,2021,2,Rabi,2750,2450,3350
Jowar,Jammu & Kashmir,2021,3,Rabi,2850,2600,3250
Jowar,Jammu & Kashmir,2021,4,Rabi,3150,2900,3450
Jowar,Jammu & Kashmir,2021,9,Kharif,2950,2650,3500
Jowar,Jammu & Kashmir,2021,10,Kharif,2750,2350,3050
Jowar,Jammu & Kashmir,2021,11,Kharif,2800,2500,3400
Jowar,Jammu & Kashmir,2022,2,Rabi,3100,2900,3350
Jowar,Jammu & Kashmir,2022,3,Rabi,3350,3200,3700
Jowar,Jammu & Kashmir,2022,4,Rabi,3150,3000,3400
Jowar,Jammu & Kashmir,2022,9,Kharif,3000,2850,3300
Jowar,Jammu & Kashmir,2022,10,Kharif,3250,3100,3700
Jowar,Jammu & Kashmir,2022,11,Kharif,3300,3100,3650
Jowar,Jammu & Kashmir,2023,2,Rabi,3150,2950,3500
Jowar,Jammu & Kashmir,2023,3,Rabi,3250,3050,3700
Jowar,Jammu & Kashmir,2023,4,Rabi,3100,2950,3300
Jowar,Jammu & Kashmir,2023,9,Kharif,3500,3250,3750
Jowar,Jammu & Kashmir,2023,10,Kharif,3050,2900,3400
Jowar,Jammu & Kashmir,2023,11,Kharif,3200,3000,3450
Jowar,Jharkhand,2020,2,Rabi,2550,2350,3000
Jowar,Jharkhand,2020,3,Rabi,2500,2150,2800
Jowar,Jharkhand,2020,4,Rabi,2350,2100,2650
Jowar,Jharkhand,2020,9,Kharif,2650,2400,3200
Jowar,Jharkhand,2020,10,Kharif,2400,2150,2650
Jowar,Jharkhand,2020,11,Kharif,2450,2150,2850
Jowar,Jharkhand,2021,2,Rabi,2700,2500,3150
Jowar,Jharkhand,2021,3,Rabi,2550,2300,2950
Jowar,Jharkhand,2021,4,Rabi,2550,2250,3000
Jowar,Jharkhand,2021,9,Kharif,2800,2550,3300
Jowar,Jharkhand,2021,10,Kharif,2500,2200,3000
Jowar,Jharkhand,2021,11,Kharif,2700,2400,3000
Jowar,Jharkhand,2022,2,Rabi,2650,2450,3150
Jowar,Jharkhand,2022,3,Rabi,2850,2550,3350
Jowar,Jharkhand,2022,4,Rabi,2900,2550,3250
Jowar,Jharkhand,2022,9,Kharif,3000,2800,3250
Jowar,Jharkhand,2022,10,Kharif,3000,2850,3300
Jowar,Jharkhand,2022,11,Kharif,2950,2600,3400
Jowar,Jharkhand,2023,2,Rabi,2850,2500,3450
Jowar,Jharkhand,2023,3,Rabi,2800,2400,3300
Jowar,Jharkhand,2023,4,Rabi,3150,2950,3550
Jowar,Jharkhand,2023,9,Kharif,2950,2550,3300
Jowar,Jharkhand,2023,10,Kharif,2950,2550,3300
Jowar,Jharkhand,2023,11,Kharif,2700,2350,3250
Jowar,Karnataka,2020,2,Rabi,2600,2350,3000
Jowar,Karnataka,2020,3,Rabi,2550,2300,2900
Jowar,Karnataka,2020,4,Rabi,2800,2550,3300
Jowar,Karnataka,2020,9,Kharif,2700,2300,3300
Jowar,Karnataka,2020,10,Kharif,2750,2450,3200
Jowar,Karnataka,2020,11,Kharif,2900,2600,3200
Jowar,Karnataka,2021,2,Rabi,3000,2850,3350
Jowar,Karnataka,2021,3,Rabi,2700,2300,3200
Jowar,Karnataka,2021,4,Rabi,3050,2800,3300
Jowar,Karnataka,2021,9,Kharif,2750,2500,3350
Jowar,Karnataka,2021,10,Kharif,2800,2400,3200
Jowar,Karnataka,2021,11,Kharif,2900,2500,3300
Jowar,Karnataka,2022,2,Rabi,3250,3050,3600
Jowar,Karnataka,2022,3,Rabi,2950,2500,3300
Jowar,Karnataka,2022,4,Rabi,3250,3100,3700
Jowar,Karnataka,2022,9,Kharif,3250,3000,3600
Jowar,Karnataka,2022,10,Kharif,2850,2500,3350
Jowar,Karnataka,2022,11,Kharif,3100,2900,3500
Jowar,Karnataka,2023,2,Rabi,3100,2900,3500
Jowar,Karnataka,2023,3,Rabi,3400,3150,3750
Jowar,Karnataka,2023,4,Rabi,3400,3200,3750
Jowar,Karnataka,2023,9,Kharif,3350,3100,3800
Jowar,Karnataka,2023,10,Kharif,3450,3300,3700
Jowar,Karnataka,2023,11,Kharif,3100,2900,3400
Jowar,Kerala,2020,2,Rabi,2750,2400,3100
Jowar,Kerala,2020,3,Rabi,2600,2250,3000
Jowar,Kerala,2020,4,Rabi,2800,2550,3150
Jowar,Kerala,2020,9,Kharif,2800,2500,3400
Jowar,Kerala,2020,10,Kharif,2750,2400,3300
Jowar,Kerala,2020,11,Kharif,2750,2500,3300
Jowar,Kerala,2021,2,Rabi,3050,2800,3350
Jowar,Kerala,2021,3,Rabi,2950,2550,3450
Jowar,Kerala,2021,4,Rabi,3100,2900,3500
Jowar,Kerala,2021,9,Kharif,2950,2550,3550
Jowar,Kerala,2021,10,Kharif,3100,2850,3500
Jowar,Kerala,2021,11,Kharif,3100,2900,3500
Jowar,Kerala,2022,2,Rabi,2950,2650,3450
Jowar,Kerala,2022,3,Rabi,3250,3100,3700
Jowar,Kerala,2022,4,Rabi,3200,3050,3450
Jowar,Kerala,2022,9,Kharif,3200,3050,3450
Jowar,Kerala,2022,10,Kharif,2900,2650,3500
Jowar,Kerala,2022,11,Kharif,3150,3000,3500
Jowar,Kerala,2023,2,Rabi,3050,2900,3450
Jowar,Kerala,2023,3,Rabi,3500,3300,3800
Jowar,Kerala,2023,4,Rabi,3350,3150,3650
Jowar,Kerala,2023,9,Kharif,3150,2950,3600
Jowar,Kerala,2023,10,Kharif,3450,3250,3900
Jowar,Kerala,2023,11,Kharif,3400,3150,3650
Jowar,Madhya Pradesh,2020,2,Rabi,2450,2150,2850
Jowar,Madhya Pradesh,2020,3,Rabi,2700,2300,3250
Jowar,Madhya Pradesh,2020,4,Rabi,2600,2200,3050
Jowar,Madhya Pradesh,2020,9,Kharif,2750,2500,3300
Jowar,Madhya Pradesh,2020,10,Kharif,2400,2200,2750
Jowar,Madhya Pradesh,2020,11,Kharif,2500,2200,3000
Jowar,Madhya Pradesh,2021,2,Rabi,2750,2400,3350
Jowar,Madhya Pradesh,2021,3,Rabi,2650,2300,3100
Jowar,Madhya Pradesh,2021,4,Rabi,2500,2150,2900
Jowar,Madhya Pradesh,2021,9,Kharif,2700,2400,3000
Jowar,Madhya Pradesh,2021,10,Kharif,2850,2500,3200
Jowar,Madhya Pradesh,2021,11,Kharif,2500,2200,2850
Jowar,Madhya Pradesh,2022,2,Rabi,2950,2650,3550
Jowar,Madhya Pradesh,2022,3,Rabi,2600,2400,2950
Jowar,Madhya Pradesh,2022,4,Rabi,2850,2550,3350
Jowar,Madhya Pradesh,2022,9,Kharif,2850,2550,3300
Jowar,Madhya Pradesh,2022,10,Kharif,2800,2400,3350
Jowar,Madhya Pradesh,2022,11,Kharif,2800,2450,3250
Jowar,Madhya Pradesh,2023,2,Rabi,2850,2550,3450
Jowar,Madhya Pradesh,2023,3,Rabi,3150,3000,3550
Jowar,Madhya Pradesh,2023,4,Rabi,2750,2500,3200
Jowar,Madhya Pradesh,2023,9,Kharif,3100,2850,3350
Jowar,Madhya Pradesh,2023,10,Kharif,2950,2650,3450
Jowar,Madhya Pradesh,2023,11,Kharif,2800,2500,3200
Jowar,Maharashtra,2020,2,Rabi,2700,2350,3200
Jowar,Maharashtra,2020,3,Rabi,2700,2300,3150
Jowar,Maharashtra,2020,4,Rabi,2600,2300,2950
Jowar,Maharashtra,2020,9,Kharif,2800,2400,3400
Jowar,Maharashtra,2020,10,Kharif,2650,2400,3000
Jowar,Maharashtra,2020,11,Kharif,2950,2600,3550
Jowar,Maharashtra,2021,2,Rabi,2900,2650,3450
Jowar,Maharashtra,2021,3,Rabi,3050,2900,3450
Jowar,Maharashtra,2021,4,Rabi,2700,2350,3250
Jowar,Maharashtra,2021,9,Kharif,2850,2400,3250
Jowar,Maharashtra,2021,10,Kharif,3150,2950,3550
Jowar,Maharashtra,2021,11,Kharif,3050,2900,3450
Jowar,Maharashtra,2022,2,Rabi,2950,2550,3500
Jowar,Maharashtra,2022,3,Rabi,2900,2600,3350
Jowar,Maharashtra,2022,4,Rabi,3100,2850,3450
Jowar,Maharashtra,2022,9,Kharif,3150,3000,3450
Jowar,Maharashtra,2022,10,Kharif,3050,2900,3450
Jowar,Maharashtra,2022,11,Kharif,3150,2900,3400
Jowar,Maharashtra,2023,2,Rabi,3100,2950,3450
Jowar,Maharashtra,2023,3,Rabi,3000,2850,3300
Jowar,Maharashtra,2023,4,Rabi,3250,3050,3700
Jowar,Maharashtra,2023,9,Kharif,3150,3000,3400
Jowar,Maharashtra,2023,10,Kharif,3100,2900,3400
Jowar,Maharashtra,2023,11,Kharif,3150,3000,3400
Jowar,Manipur,2020,2,Rabi,2550,2350,2950
Jowar,Manipur,2020,3,Rabi,2700,2400,3250
Jowar,Manipur,2020,4,Rabi,2450,2150,2900
Jowar,Manipur,2020,9,Kharif,2450,2150,2900
Jowar,Manipur,2020,10,Kharif,2550,2300,3000
Jowar,Manipur,2020,11,Kharif,2600,2300,2950
Jowar,Manipur,2021,2,Rabi,2700,2350,3300
Jowar,Manipur,2021,3,Rabi,2700,2400,3050
Jowar,Manipur,2021,4,Rabi,2900,2550,3500
Jowar,Manipur,2021,9,Kharif,2800,2450,3200
Jowar,Manipur,2021,10,Kharif,2850,2600,3450
Jowar,Manipur,2021,11,Kharif,2800,2450,3350
Jowar,Manipur,2022,2,Rabi,2900,2500,3500
Jowar,Manipur,2022,3,Rabi,2900,2550,3450
Jowar,Manipur,2022,4,Rabi,3100,2900,3450
Jowar,Manipur,2022,9,Kharif,2950,2750,3550
Jowar,Manipur,2022,10,Kharif,3050,2850,3450
Jowar,Manipur,2022,11,Kharif,2800,2400,3150
Jowar,Manipur,2023,2,Rabi,3000,2800,3400
Jowar,Manipur,2023,3,Rabi,3250,3000,3600
Jowar,Manipur,2023,4,Rabi,2900,2550,3500
Jowar,Manipur,2023,9,Kharif,3100,2900,3500
Jowar,Manipur,2023,10,Kharif,2900,2550,3300
Jowar,Manipur,2023,11,Kharif,2950,2650,3550
Jowar,Meghalaya,2020,2,Rabi,2650,2300,3200
Jowar,Meghalaya,2020,3,Rabi,2450,2200,2750
Jowar,Meghalaya,2020,4,Rabi,2850,2500,3400
Jowar,Meghalaya,2020,9,Kharif,2850,2500,3150
Jowar,Meghalaya,2020,10,Kharif,2700,2400,3300
Jowar,Meghalaya,2020,11,Kharif,2650,2300,3200
Jowar,Meghalaya,2021,2,Rabi,2950,2650,3550
Jowar,Meghalaya,2021,3,Rabi,2950,2600,3600
Jowar,Meghalaya,2021,4,Rabi,2800,2400,3400
Jowar,Meghalaya,2021,9,Kharif,2700,2400,3250
Jowar,Meghalaya,2021,10,Kharif,2800,2450,3350
Jowar,Meghalaya,2021,11,Kharif,2950,2650,3550
Jowar,Meghalaya,2022,2,Rabi,2850,2500,3400
Jowar,Meghalaya,2022,3,Rabi,3150,3000,3550
Jowar,Meghalaya,2022,4,Rabi,3100,2950,3400
Jowar,Meghalaya,2022,9,Kharif,2900,2500,3450
Jowar,Meghalaya,2022,10,Kharif,3050,2850,3350
Jowar,Meghalaya,2022,11,Kharif,2950,2500,3450
Jowar,Meghalaya,2023,2,Rabi,3150,2900,3450
Jowar,Meghalaya,2023,3,Rabi,2850,2500,3250
Jowar,Meghalaya,2023,4,Rabi,3150,2950,3450
Jowar,Meghalaya,2023,9,Kharif,3250,3000,3600
Jowar,Meghalaya,2023,10,Kharif,3000,2800,3300
Jowar,Meghalaya,2023,11,Kharif,3050,2900,3300
Jowar,Odisha,2020,2,Rabi,2450,2150,2900
Jowar,Odisha,2020,3,Rabi,2600,2300,3100
Jowar,Odisha,2020,4,Rabi,2350,2100,2800
Jowar,Odisha,2020,9,Kharif,2250,2050,2500
Jowar,Odisha,2020,10,Kharif,2550,2350,2900
Jowar,Odisha,2020,11,Kharif,2550,2250,2900
Jowar,Odisha,2021,2,Rabi,2650,2400,3000
Jowar,Odisha,2021,3,Rabi,2700,2300,3200
Jowar,Odisha,2021,4,Rabi,2450,2150,2900
Jowar,Odisha,2021,9,Kharif,2600,2200,3000
Jowar,Odisha,2021,10,Kharif,2600,2350,3100
Jowar,Odisha,2021,11,Kharif,2650,2300,3150
Jowar,Odisha,2022,2,Rabi,2650,2300,3000
Jowar,Odisha,2022,3,Rabi,2800,2600,3100
Jowar,Odisha,2022,4,Rabi,2800,2450,3200
Jowar,Odisha,2022,9,Kharif,2700,2350,3050
Jowar,Odisha,2022,10,Kharif,2600,2250,3000
Jowar,Odisha,2022,11,Kharif,2850,2450,3200
Jowar,Odisha,2023,2,Rabi,2750,2400,3200
Jowar,Odisha,2023,3,Rabi,2700,2350,3000
Jowar,Odisha,2023,4,Rabi,2800,2550,3300
Jowar,Odisha,2023,9,Kharif,2800,2600,3300
Jowar,Odisha,2023,10,Kharif,2700,2400,3150
Jowar,Odisha,2023,11,Kharif,2950,2650,3550
Jowar,Punjab,2020,2,Rabi,2850,2600,3300
Jowar,Punjab,2020,3,Rabi,2750,2400,3300
Jowar,Punjab,2020,4,Rabi,2750,2400,3250
Jowar,Punjab,2020,9,Kharif,2900,2500,3450
Jowar,Punjab,2020,10,Kharif,3000,2800,3350
Jowar,Punjab,2020,11,Kharif,2800,2500,3200
Jowar,Punjab,2021,2,Rabi,2850,2600,3250
Jowar,Punjab,2021,3,Rabi,3050,2900,3350
Jowar,Punjab,2021,4,Rabi,3100,2850,3450
Jowar,Punjab,2021,9,Kharif,3050,2900,3450
Jowar,Punjab,2021,10,Kharif,3000,2800,3250
Jowar,Punjab,2021,11,Kharif,2750,2500,3300
Jowar,Punjab,2022,2,Rabi,3000,2850,3400
Jowar,Punjab,2022,3,Rabi,3150,2950,3400
Jowar,Punjab,2022,4,Rabi,3100,2900,3350
Jowar,Punjab,2022,9,Kharif,3300,3050,3600
Jowar,Punjab,2022,10,Kharif,3300,3150,3750
Jowar,Punjab,2022,11,Kharif,3000,2800,3400
Jowar,Punjab,2023,2,Rabi,3050,2900,3250
Jowar,Punjab,2023,3,Rabi,3500,3300,3800
Jowar,Punjab,2023,4,Rabi,3150,2950,3600
Jowar,Punjab,2023,9,Kharif,3200,3000,3650
Jowar,Punjab,2023,10,Kharif,3450,3200,3750
Jowar,Punjab,2023,11,Kharif,3450,3250,3850
Jowar,Rajasthan,2020,2,Rabi,2450,2200,2850
Jowar,Rajasthan,2020,3,Rabi,2500,2200,2850
Jowar,Rajasthan,2020,4,Rabi,2450,2100,2950
Jowar,Rajasthan,2020,9,Kharif,2850,2550,3350
Jowar,Rajasthan,2020,10,Kharif,2600,2300,2900
Jowar,Rajasthan,2020,11,Kharif,2650,2300,3050
Jowar,Rajasthan,2021,2,Rabi,2800,2450,3400
Jowar,Rajasthan,2021,3,Rabi,2600,2250,2900
Jowar,Rajasthan,2021,4,Rabi,2550,2200,3050
Jowar,Rajasthan,2021,9,Kharif,2750,2400,3350
Jowar,Rajasthan,2021,10,Kharif,2750,2400,3250
Jowar,Rajasthan,2021,11,Kharif,2950,2650,3550
Jowar,Rajasthan,2022,2,Rabi,2700,2400,3150
Jowar,Rajasthan,2022,3,Rabi,2800,2600,3300
Jowar,Rajasthan,2022,4,Rabi,2750,2350,3250
Jowar,Rajasthan,2022,9,Kharif,2750,2450,3150
Jowar,Rajasthan,2022,10,Kharif,3000,2800,3350
Jowar,Rajasthan,2022,11,Kharif,2900,2450,3300
Jowar,Rajasthan,2023,2,Rabi,3050,2900,3450
Jowar,Rajasthan,2023,3,Rabi,3150,2900,3550
Jowar,Rajasthan,2023,4,Rabi,3200,3000,3450
Jowar,Rajasthan,2023,9,Kharif,3250,3100,3700
Jowar,Rajasthan,2023,10,Kharif,2950,2650,3400
Jowar,Rajasthan,2023,11,Kharif,3150,2900,3450
Jowar,Tamil Nadu,2020,2,Rabi,2850,2500,3200
Jowar,Tamil Nadu,2020,3,Rabi,2950,2650,3500
Jowar,Tamil Nadu,2020,4,Rabi,2850,2500,3250
Jowar,Tamil Nadu,2020,9,Kharif,2600,2400,3050
Jowar,Tamil Nadu,2020,10,Kharif,2600,2400,3150
Jowar,Tamil Nadu,2020,11,Kharif,2600,2350,3150
Jowar,Tamil Nadu,2021,2,Rabi,2900,2600,3500
Jowar,Tamil Nadu,2021,3,Rabi,2900,2550,3500
Jowar,Tamil Nadu,2021,4,Rabi,2800,2400,3200
Jowar,Tamil Nadu,2021,9,Kharif,2800,2450,3150
Jowar,Tamil Nadu,2021,10,Kharif,2750,2350,3100
Jowar,Tamil Nadu,2021,11,Kharif,2950,2550,3500
Jowar,Tamil Nadu,2022,2,Rabi,3250,3000,3650
Jowar,Tamil Nadu,2022,3,Rabi,2900,2550,3350
Jowar,Tamil Nadu,2022,4,Rabi,3200,2950,3550
Jowar,Tamil Nadu,2022,9,Kharif,2900,2550,3250
Jowar,Tamil Nadu,2022,10,Kharif,3050,2850,3450
Jowar,Tamil Nadu,2022,11,Kharif,3200,2950,3600
Jowar,Tamil Nadu,2023,2,Rabi,3300,3150,3700
Jowar,Tamil Nadu,2023,3,Rabi,3300,3050,3650
Jowar,Tamil Nadu,2023,4,Rabi,3050,2800,3350
Jowar,Tamil Nadu,2023,9,Kharif,3150,2950,3400
Jowar,Tamil Nadu,2023,10,Kharif,3350,3100,3600
Jowar,Tamil Nadu,2023,11,Kharif,3350,3200,3700
Jowar,Telangana,2020,2,Rabi,2500,2250,2800
Jowar,Telangana,2020,3,Rabi,2750,2450,3150
Jowar,Telangana,2020,4,Rabi,2950,2700,3450
Jowar,Telangana,2020,9,Kharif,2700,2400,3050
Jowar,Telangana,2020,10,Kharif,2550,2250,2850
Jowar,Telangana,2020,11,Kharif,2600,2400,2950
Jowar,Telangana,2021,2,Rabi,2800,2450,3400
Jowar,Telangana,2021,3,Rabi,2800,2550,3250
Jowar,Telangana,2021,4,Rabi,3100,2900,3350
Jowar,Telangana,2021,9,Kharif,3100,2900,3450
Jowar,Telangana,2021,10,Kharif,3100,2950,3450
Jowar,Telangana,2021,11,Kharif,2650,2400,3000
Jowar,Telangana,2022,2,Rabi,3050,2900,3450
Jowar,Telangana,2022,3,Rabi,3200,2950,3550
Jowar,Telangana,2022,4,Rabi,2850,2400,3200
Jowar,Telangana,2022,9,Kharif,3000,2800,3400
Jowar,Telangana,2022,10,Kharif,3100,2950,3400
Jowar,Telangana,2022,11,Kharif,3100,2900,3500
Jowar,Telangana,2023,2,Rabi,3350,3100,3700
Jowar,Telangana,2023,3,Rabi,3200,3000,3500
Jowar,Telangana,2023,4,Rabi,3000,2850,3300
Jowar,Telangana,2023,9,Kharif,2900,2600,3450
Jowar,Telangana,2023,10,Kharif,2950,2550,3300
Jowar,Telangana,2023,11,Kharif,3400,3150,3700
Jowar,Tripura,2020,2,Rabi,2350,2050,2750
Jowar,Tripura,2020,3,Rabi,2700,2300,3100
Jowar,Tripura,2020,4,Rabi,2600,2400,3000
Jowar,Tripura,2020,9,Kharif,2300,2000,2650
Jowar,Tripura,2020,10,Kharif,2500,2300,2950
Jowar,Tripura,2020,11,Kharif,2700,2450,3150
Jowar,Tripura,2021,2,Rabi,2600,2350,3150
Jowar,Tripura,2021,3,Rabi,2700,2450,3000
Jowar,Tripura,2021,4,Rabi,2750,2450,3150
Jowar,Tripura,2021,9,Kharif,2500,2200,2850
Jowar,Tripura,2021,10,Kharif,2550,2200,3050
Jowar,Tripura,2021,11,Kharif,2450,2100,2800
Jowar,Tripura,2022,2,Rabi,2600,2350,3150
Jowar,Tripura,2022,3,Rabi,2800,2400,3400
Jowar,Tripura,2022,4,Rabi,2850,2600,3450
Jowar,Tripura,2022,9,Kharif,2950,2700,3400
Jowar,Tripura,2022,10,Kharif,2600,2200,3000
Jowar,Tripura,2022,11,Kharif,2950,2650,3300
Jowar,Tripura,2023,2,Rabi,2900,2600,3350
Jowar,Tripura,2023,3,Rabi,3050,2800,3450
Jowar,Tripura,2023,4,Rabi,2800,2400,3200
Jowar,Tripura,2023,9,Kharif,3050,2850,3350
Jowar,Tripura,2023,10,Kharif,3000,2850,3300
Jowar,Tripura,2023,11,Kharif,2750,2500,3050
Jowar,Uttar Pradesh,2020,2,Rabi,2600,2400,3150
Jowar,Uttar Pradesh,2020,3,Rabi,2750,2350,3050
Jowar,Uttar Pradesh,2020,4,Rabi,2750,2500,3250
Jowar,Uttar Pradesh,2020,9,Kharif,2550,2350,3050
Jowar,Uttar Pradesh,2020,10,Kharif,2500,2250,2800
Jowar,Uttar Pradesh,2020,11,Kharif,2450,2100,2950
Jowar,Uttar Pradesh,2021,2,Rabi,2700,2300,3150
Jowar,Uttar Pradesh,2021,3,Rabi,2800,2400,3350
Jowar,Uttar Pradesh,2021,4,Rabi,2850,2550,3250
Jowar,Uttar Pradesh,2021,9,Kharif,2900,2550,3500
Jowar,Uttar Pradesh,2021,10,Kharif,2550,2350,2900
Jowar,Uttar Pradesh,2021,11,Kharif,2850,2550,3400
Jowar,Uttar Pradesh,2022,2,Rabi,2850,2450,3150
Jowar,Uttar Pradesh,2022,3,Rabi,3100,2950,3350
Jowar,Uttar Pradesh,2022,4,Rabi,2800,2450,3350
Jowar,Uttar Pradesh,2022,9,Kharif,2850,2450,3300
Jowar,Uttar Pradesh,2022,10,Kharif,3100,2900,3350
Jowar,Uttar Pradesh,2022,11,Kharif,2900,2550,3250
Jowar,Uttar Pradesh,2023,2,Rabi,2900,2500,3300
Jowar,Uttar Pradesh,2023,3,Rabi,2850,2650,3450
Jowar,Uttar Pradesh,2023,4,Rabi,3000,2750,3350
Jowar,Uttar Pradesh,2023,9,Kharif,3050,2850,3300
Jowar,Uttar Pradesh,2023,10,Kharif,3150,3000,3400
Jowar,Uttar Pradesh,2023,11,Kharif,2950,2600,3550
Jowar,Uttarakhand,2020,2,Rabi,2500,2250,2850
Jowar,Uttarakhand,2020,3,Rabi,2800,2500,3400
Jowar,Uttarakhand,2020,4,Rabi,2650,2350,3000
Jowar,Uttarakhand,2020,9,Kharif,2600,2350,3050
Jowar,Uttarakhand,2020,10,Kharif,2800,2450,3300
Jowar,Uttarakhand,2020,11,Kharif,2850,2550,3350
Jowar,Uttarakhand,2021,2,Rabi,2650,2300,3050
Jowar,Uttarakhand,2021,3,Rabi,3000,2850,3300
Jowar,Uttarakhand,2021,4,Rabi,2700,2500,3200
Jowar,Uttarakhand,2021,9,Kharif,2850,2500,3350
Jowar,Uttarakhand,2021,10,Kharif,3000,2850,3300
Jowar,Uttarakhand,2021,11,Kharif,2750,2400,3250
Jowar,Uttarakhand,2022,2,Rabi,2850,2500,3400
Jowar,Uttarakhand,2022,3,Rabi,3000,2850,3400
Jowar,Uttarakhand,2022,4,Rabi,3000,2800,3300
Jowar,Uttarakhand,2022,9,Kharif,2900,2550,3350
Jowar,Uttarakhand,2022,10,Kharif,3000,2850,3350
Jowar,Uttarakhand,2022,11,Kharif,2850,2550,3150
Jowar,Uttarakhand,2023,2,Rabi,3350,3100,3750
Jowar,Uttarakhand,2023,3,Rabi,2900,2500,3500
Jowar,Uttarakhand,2023,4,Rabi,3250,3000,3550
Jowar,Uttarakhand,2023,9,Kharif,2900,2650,3400
Jowar,Uttarakhand,2023,10,Kharif,3150,2950,3450
Jowar,Uttarakhand,2023,11,Kharif,3150,2950,3600
Jowar,West Bengal,2020,2,Rabi,2350,2100,2700
Jowar,West Bengal,2020,3,Rabi,2700,2400,3050
Jowar,West Bengal,2020,4,Rabi,2550,2200,3000
Jowar,West Bengal,2020,9,Kharif,2450,2200,2950
Jowar,West Bengal,2020,10,Kharif,2500,2300,3050
Jowar,West Bengal,2020,11,Kharif,2650,2350,3200
Jowar,West Bengal,2021,2,Rabi,2850,2600,3450
Jowar,West Bengal,2021,3,Rabi,2750,2450,3100
Jowar,West Bengal,2021,4,Rabi,2550,2200,2900
Jowar,West Bengal,2021,9,Kharif,2850,2500,3400
Jowar,West Bengal,2021,10,Kharif,2800,2400,3250
Jowar,West Bengal,2021,11,Kharif,2700,2500,3050
Jowar,West Bengal,2022,2,Rabi,2650,2400,3200
Jowar,West Bengal,2022,3,Rabi,2750,2350,3350
Jowar,West Bengal,2022,4,Rabi,2800,2500,3200
Jowar,West Bengal,2022,9,Kharif,2800,2400,3200
Jowar,West Bengal,2022,10,Kharif,2800,2450,3350
Jowar,West Bengal,2022,11,Kharif,2750,2400,3200
Jowar,West Bengal,2023,2,Rabi,3000,2850,3400
Jowar,West Bengal,2023,3,Rabi,3050,2800,3450
Jowar,West Bengal,2023,4,Rabi,2850,2550,3200
Jowar,West Bengal,2023,9,Kharif,2700,2450,3150
Jowar,West Bengal,2023,10,Kharif,3100,2900,3500
Jowar,West Bengal,2023,11,Kharif,2850,2600,3200
Ladies Finger,Andhra Pradesh,2020,4,Zaid,1600,1400,1850
Ladies Finger,Andhra Pradesh,2020,5,Zaid,1300,1150,1450
Ladies Finger,Andhra Pradesh,2020,6,Kharif,1600,1450,1800
Ladies Finger,Andhra Pradesh,2020,7,Kharif,1600,1500,1900
Ladies Finger,Andhra Pradesh,2020,8,Kharif,1350,1200,1650
Ladies Finger,Andhra Pradesh,2021,4,Zaid,1500,1350,1700
Ladies Finger,Andhra Pradesh,2021,5,Zaid,1550,1400,1800
Ladies Finger,Andhra Pradesh,2021,6,Kharif,1750,1550,2000
Ladies Finger,Andhra Pradesh,2021,7,Kharif,1750,1550,2100
Ladies Finger,Andhra Pradesh,2021,8,Kharif,1500,1300,1700
Ladies Finger,Andhra Pradesh,2022,4,Zaid,1850,1650,2100
Ladies Finger,Andhra Pradesh,2022,5,Zaid,1450,1300,1650
Ladies Finger,Andhra Pradesh,2022,6,Kharif,1850,1650,2100
Ladies Finger,Andhra Pradesh,2022,7,Kharif,1750,1550,2000
Ladies Finger,Andhra Pradesh,2022,8,Kharif,1450,1350,1650
Ladies Finger,Andhra Pradesh,2023,4,Zaid,1700,1450,1900
Ladies Finger,Andhra Pradesh,2023,5,Zaid,1900,1700,2200
Ladies Finger,Andhra Pradesh,2023,6,Kharif,1800,1600,2150
Ladies Finger,Andhra Pradesh,2023,7,Kharif,1600,1400,1800
Ladies Finger,Andhra Pradesh,2023,8,Kharif,1650,1500,2000
Ladies Finger,Assam,2020,4,Zaid,1450,1250,1650
Ladies Finger,Assam,2020,5,Zaid,1400,1200,1550
Ladies Finger,Assam,2020,6,Kharif,1400,1250,1600
Ladies Finger,Assam,2020,7,Kharif,1450,1300,1650
Ladies Finger,Assam,2020,8,Kharif,1450,1250,1650
Ladies Finger,Assam,2021,4,Zaid,1550,1450,1750
Ladies Finger,Assam,2021,5,Zaid,1650,1550,1850
Ladies Finger,Assam,2021,6,Kharif,1300,1150,1500
Ladies Finger,Assam,2021,7,Kharif,1500,1300,1650
Ladies Finger,Assam,2021,8,Kharif,1500,1300,1700
Ladies Finger,Assam,2022,4,Zaid,1700,1450,2050
Ladies Finger,Assam,2022,5,Zaid,1400,1250,1700
Ladies Finger,Assam,2022,6,Kharif,1450,1350,1700
Ladies Finger,Assam,2022,7,Kharif,1550,1300,1700
Ladies Finger,Assam,2022,8,Kharif,1350,1200,1600
Ladies Finger,Assam,2023,4,Zaid,1550,1350,1800
Ladies Finger,Assam,2023,5,Zaid,1650,1500,1850
Ladies Finger,Assam,2023,6,Kharif,1400,1250,1550
Ladies Finger,Assam,2023,7,Kharif,1700,1500,1900
Ladies Finger,Assam,2023,8,Kharif,1600,1400,1950
Ladies Finger,Bihar,2020,4,Zaid,1200,1100,1350
Ladies Finger,Bihar,2020,5,Zaid,1250,1100,1500
Ladies Finger,Bihar,2020,6,Kharif,1350,1200,1600
Ladies Finger,Bihar,2020,7,Kharif,1350,1200,1600
Ladies Finger,Bihar,2020,8,Kharif,1450,1350,1750
Ladies Finger,Bihar,2021,4,Zaid,1450,1250,1750
Ladies Finger,Bihar,2021,5,Zaid,1300,1150,1550
Ladies Finger,Bihar,2021,6,Kharif,1500,1300,1750
Ladies Finger,Bihar,2021,7,Kharif,1600,1450,1900
Ladies Finger,Bihar,2021,8,Kharif,1600,1450,1800
Ladies Finger,Bihar,2022,4,Zaid,1350,1250,1550
Ladies Finger,Bihar,2022,5,Zaid,1450,1350,1700
Ladies Finger,Bihar,2022,6,Kharif,1450,1300,1600
Ladies Finger,Bihar,2022,7,Kharif,1650,1450,1950
Ladies Finger,Bihar,2022,8,Kharif,1700,1500,1900
Ladies Finger,Bihar,2023,4,Zaid,1400,1250,1550
Ladies Finger,Bihar,2023,5,Zaid,1650,1450,1950
Ladies Finger,Bihar,2023,6,Kharif,1450,1300,1650
Ladies Finger,Bihar,2023,7,Kharif,1500,1350,1700
Ladies Finger,Bihar,2023,8,Kharif,1600,1350,1900
Ladies Finger,Chhattisgarh,2020,4,Zaid,1350,1150,1600
Ladies Finger,Chhattisgarh,2020,5,Zaid,1400,1250,1600
Ladies Finger,Chhattisgarh,2020,6,Kharif,1200,1100,1350
Ladies Finger,Chhattisgarh,2020,7,Kharif,1200,1050,1350
Ladies Finger,Chhattisgarh,2020,8,Kharif,1250,1150,1500
Ladies Finger,Chhattisgarh,2021,4,Zaid,1650,1500,2000
Ladies Finger,Chhattisgarh,2021,5,Zaid,1300,1200,1550
Ladies Finger,Chhattisgarh,2021,6,Kharif,1600,1450,1850
Ladies Finger,Chhattisgarh,2021,7,Kharif,1550,1350,1800
Ladies Finger,Chhattisgarh,2021,8,Kharif,1600,1450,1900
Ladies Finger,Chhattisgarh,2022,4,Zaid,1500,1350,1750
Ladies Finger,Chhattisgarh,2022,5,Zaid,1600,1450,1800
Ladies Finger,Chhattisgarh,2022,6,Kharif,1400,1250,1650
Ladies Finger,Chhattisgarh,2022,7,Kharif,1650,1500,2000
Ladies Finger,Chhattisgarh,2022,8,Kharif,1650,1450,2000
Ladies Finger,Chhattisgarh,2023,4,Zaid,1550,1350,1800
Ladies Finger,Chhattisgarh,2023,5,Zaid,1600,1450,1850
Ladies Finger,Chhattisgarh,2023,6,Kharif,1400,1250,1600
Ladies Finger,Chhattisgarh,2023,7,Kharif,1750,1500,2000
Ladies Finger,Chhattisgarh,2023,8,Kharif,1750,1550,1950
Ladies Finger,Goa,2020,4,Zaid,1750,1600,2100
Ladies Finger,Goa,2020,5,Zaid,1650,1450,1900
Ladies Finger,Goa,2020,6,Kharif,1650,1450,1900
Ladies Finger,Goa,2020,7,Kharif,1500,1350,1800
Ladies Finger,Goa,2020,8,Kharif,1750,1600,1950
Ladies Finger,Goa,2021,4,Zaid,1800,1600,2100
Ladies Finger,Goa,2021,5,Zaid,1550,1350,1850
Ladies Finger,Goa,2021,6,Kharif,1800,1550,2050
Ladies Finger,Goa,2021,7,Kharif,1650,1400,1950
Ladies Finger,Goa,2021,8,Kharif,1800,1550,2050
Ladies Finger,Goa,2022,4,Zaid,1650,1450,1900
Ladies Finger,Goa,2022,5,Zaid,2050,1750,2300
Ladies Finger,Goa,2022,6,Kharif,1950,1700,2350
Ladies Finger,Goa,2022,7,Kharif,1800,1550,2050
Ladies Finger,Goa,2022,8,Kharif,1750,1550,2100
Ladies Finger,Goa,2023,4,Zaid,2000,1750,2200
Ladies Finger,Goa,2023,5,Zaid,1950,1750,2350
Ladies Finger,Goa,2023,6,Kharif,2000,1750,2300
Ladies Finger,Goa,2023,7,Kharif,2000,1850,2350
Ladies Finger,Goa,2023,8,Kharif,1950,1800,2400
Ladies Finger,Gujarat,2020,4,Zaid,1600,1450,1850
Ladies Finger,Gujarat,2020,5,Zaid,1350,1200,1550
Ladies Finger,Gujarat,2020,6,Kharif,1700,1550,2050
Ladies Finger,Gujarat,2020,7,Kharif,1650,1500,1900
Ladies Finger,Gujarat,2020,8,Kharif,1550,1400,1800
Ladies Finger,Gujarat,2021,4,Zaid,1600,1450,1850
Ladies Finger,Gujarat,2021,5,Zaid,1550,1350,1850
Ladies Finger,Gujarat,2021,6,Kharif,1400,1250,1700
Ladies Finger,Gujarat,2021,7,Kharif,1600,1450,1850
Ladies Finger,Gujarat,2021,8,Kharif,1750,1550,2100
Ladies Finger,Gujarat,2022,4,Zaid,1500,1350,1700
Ladies Finger,Gujarat,2022,5,Zaid,1450,1250,1650
Ladies Finger,Gujarat,2022,6,Kharif,1450,1300,1650
Ladies Finger,Gujarat,2022,7,Kharif,1450,1300,1700
Ladies Finger,Gujarat,2022,8,Kharif,1550,1450,1850
Ladies Finger,Gujarat,2023,4,Zaid,1900,1650,2200
Ladies Finger,Gujarat,2023,5,Zaid,1900,1750,2200
Ladies Finger,Gujarat,2023,6,Kharif,1600,1400,1800
Ladies Finger,Gujarat,2023,7,Kharif,1800,1600,2050
Ladies Finger,Gujarat,2023,8,Kharif,1700,1500,2050
Ladies Finger,Haryana,2020,4,Zaid,1450,1300,1700
Ladies Finger,Haryana,2020,5,Zaid,1400,1300,1650
Ladies Finger,Haryana,2020,6,Kharif,1500,1350,1800
Ladies Finger,Haryana,2020,7,Kharif,1550,1300,1800
Ladies Finger,Haryana,2020,8,Kharif,1550,1400,1800
Ladies Finger,Haryana,2021,4,Zaid,1800,1550,2200
Ladies Finger,Haryana,2021,5,Zaid,1650,1500,1850
Ladies Finger,Haryana,2021,6,Kharif,1550,1400,1750
Ladies Finger,Haryana,2021,7,Kharif,1400,1200,1550
Ladies Finger,Haryana,2021,8,Kharif,1400,1250,1700
Ladies Finger,Haryana,2022,4,Zaid,1550,1350,1750
Ladies Finger,Haryana,2022,5,Zaid,1900,1700,2200
Ladies Finger,Haryana,2022,6,Kharif,1500,1400,1700
Ladies Finger,Haryana,2022,7,Kharif,1750,1550,2000
Ladies Finger,Haryana,2022,8,Kharif,1800,1600,2000
Ladies Finger,Haryana,2023,4,Zaid,1800,1600,2100
Ladies Finger,Haryana,2023,5,Zaid,1750,1550,2050
Ladies Finger,Haryana,2023,6,Kharif,1900,1750,2150
Ladies Finger,Haryana,2023,7,Kharif,1750,1500,2000
Ladies Finger,Haryana,2023,8,Kharif,1900,1650,2150
Ladies Finger,Himachal Pradesh,2020,4,Zaid,1350,1150,1500
Ladies Finger,Himachal Pradesh,2020,5,Zaid,1700,1550,1950
Ladies Finger,Himachal Pradesh,2020,6,Kharif,1450,1350,1600
Ladies Finger,Himachal Pradesh,2020,7,Kharif,1600,1400,1950
Ladies Finger,Himachal Pradesh,2020,8,Kharif,1500,1300,1700
Ladies Finger,Himachal Pradesh,2021,4,Zaid,1550,1300,1850
Ladies Finger,Himachal Pradesh,2021,5,Zaid,1550,1400,1800
Ladies Finger,Himachal Pradesh,2021,6,Kharif,1700,1550,2050
Ladies Finger,Himachal Pradesh,2021,7,Kharif,1550,1350,1850
Ladies Finger,Himachal Pradesh,2021,8,Kharif,1850,1600,2200
Ladies Finger,Himachal Pradesh,2022,4,Zaid,1850,1650,2200
Ladies Finger,Himachal Pradesh,2022,5,Zaid,1900,1750,2200
Ladies Finger,Himachal Pradesh,2022,6,Kharif,1600,1350,1850
Ladies Finger,Himachal Pradesh,2022,7,Kharif,1600,1400,1800
Ladies Finger,Himachal Pradesh,2022,8,Kharif,1850,1600,2150
Ladies Finger,Himachal Pradesh,2023,4,Zaid,1900,1700,2150
Ladies Finger,Himachal Pradesh,2023,5,Zaid,1600,1450,1900
Ladies Finger,Himachal Pradesh,2023,6,Kharif,1650,1450,1900
Ladies Finger,Himachal Pradesh,2023,7,Kharif,1950,1750,2250
Ladies Finger,Himachal Pradesh,2023,8,Kharif,1550,1400,1900
Ladies Finger,Jammu & Kashmir,2020,4,Zaid,1450,1350,1700
Ladies Finger,Jammu & Kashmir,2020,5,Zaid,1600,1450,1900
Ladies Finger,Jammu & Kashmir,2020,6,Kharif,1850,1700,2150
Ladies Finger,Jammu & Kashmir,2020,7,Kharif,1650,1500,1950
Ladies Finger,Jammu & Kashmir,2020,8,Kharif,1750,1550,2100
Ladies Finger,Jammu & Kashmir,2021,4,Zaid,1600,1400,1800
Ladies Finger,Jammu & Kashmir,2021,5,Zaid,1700,1450,1900
Ladies Finger,Jammu & Kashmir,2021,6,Kharif,1500,1300,1700
Ladies Finger,Jammu & Kashmir,2021,7,Kharif,1800,1550,2050
Ladies Finger,Jammu & Kashmir,2021,8,Kharif,1950,1650,2150
Ladies Finger,Jammu & Kashmir,2022,4,Zaid,1950,1800,2350
Ladies Finger,Jammu & Kashmir,2022,5,Zaid,2050,1750,2450
Ladies Finger,Jammu & Kashmir,2022,6,Kharif,1950,1750,2250
Ladies Finger,Jammu & Kashmir,2022,7,Kharif,1800,1600,2100
Ladies Finger,Jammu & Kashmir,2022,8,Kharif,1600,1450,1950
Ladies Finger,Jammu & Kashmir,2023,4,Zaid,1700,1450,2000
Ladies Finger,Jammu & Kashmir,2023,5,Zaid,2000,1750,2300
Ladies Finger,Jammu & Kashmir,2023,6,Kharif,1950,1750,2150
Ladies Finger,Jammu & Kashmir,2023,7,Kharif,1900,1650,2250
Ladies Finger,Jammu & Kashmir,2023,8,Kharif,1750,1600,1950
Ladies Finger,Jharkhand,2020,4,Zaid,1450,1300,1700
Ladies Finger,Jharkhand,2020,5,Zaid,1400,1250,1600
Ladies Finger,Jharkhand,2020,6,Kharif,1200,1050,1450
Ladies Finger,Jharkhand,2020,7,Kharif,1250,1100,1500
Ladies Finger,Jharkhand,2020,8,Kharif,1300,1200,1500
Ladies Finger,Jharkhand,2021,4,Zaid,1350,1250,1550
Ladies Finger,Jharkhand,2021,5,Zaid,1600,1400,1800
Ladies Finger,Jharkhand,2021,6,Kharif,1400,1200,1700
Ladies Finger,Jharkhand,2021,7,Kharif,1300,1150,1550
Ladies Finger,Jharkhand,2021,8,Kharif,1400,1300,1650
Ladies Finger,Jharkhand,2022,4,Zaid,1550,1400,1850
Ladies Finger,Jharkhand,2022,5,Zaid,1650,1400,1900
Ladies Finger,Jharkhand,2022,6,Kharif,1400,1200,1650
Ladies Finger,Jharkhand,2022,7,Kharif,1400,1200,1700
Ladies Finger,Jharkhand,2022,8,Kharif,1450,1250,1750
Ladies Finger,Jharkhand,2023,4,Zaid,1400,1200,1650
Ladies Finger,Jharkhand,2023,5,Zaid,1700,1500,1900
Ladies Finger,Jharkhand,2023,6,Kharif,1650,1500,1950
Ladies Finger,Jharkhand,2023,7,Kharif,1550,1400,1850
Ladies Finger,Jharkhand,2023,8,Kharif,1450,1250,1750
Ladies Finger,Karnataka,2020,4,Zaid,1550,1350,1750
Ladies Finger,Karnataka,2020,5,Zaid,1450,1250,1750
Ladies Finger,Karnataka,2020,6,Kharif,1600,1400,1800
Ladies Finger,Karnataka,2020,7,Kharif,1650,1400,1900
Ladies Finger,Karnataka,2020,8,Kharif,1450,1300,1700
Ladies Finger,Karnataka,2021,4,Zaid,1700,1500,2050
Ladies Finger,Karnataka,2021,5,Zaid,1400,1300,1550
Ladies Finger,Karnataka,2021,6,Kharif,1550,1350,1750
Ladies Finger,Karnataka,2021,7,Kharif,1450,1300,1650
Ladies Finger,Karnataka,2021,8,Kharif,1750,1550,2100
Ladies Finger,Karnataka,2022,4,Zaid,1800,1600,2150
Ladies Finger,Karnataka,2022,5,Zaid,1800,1600,2050
Ladies Finger,Karnataka,2022,6,Kharif,1550,1300,1800
Ladies Finger,Karnataka,2022,7,Kharif,1700,1500,1950
Ladies Finger,Karnataka,2022,8,Kharif,1500,1300,1850
Ladies Finger,Karnataka,2023,4,Zaid,1700,1500,2050
Ladies Finger,Karnataka,2023,5,Zaid,1800,1550,2000
Ladies Finger,Karnataka,2023,6,Kharif,2000,1700,2300
Ladies Finger,Karnataka,2023,7,Kharif,1800,1550,2100
Ladies Finger,Karnataka,2023,8,Kharif,1950,1750,2350
Ladies Finger,Kerala,2020,4,Zaid,1450,1250,1600
Ladies Finger,Kerala,2020,5,Zaid,1400,1250,1550
Ladies Finger,Kerala,2020,6,Kharif,1450,1350,1650
Ladies Finger,Kerala,2020,7,Kharif,1400,1250,1600
Ladies Finger,Kerala,2020,8,Kharif,1800,1550,2100
Ladies Finger,Kerala,2021,4,Zaid,1500,1300,1800
Ladies Finger,Kerala,2021,5,Zaid,1600,1450,1950
Ladies Finger,Kerala,2021,6,Kharif,1500,1300,1750
Ladies Finger,Kerala,2021,7,Kharif,1650,1450,1850
Ladies Finger,Kerala,2021,8,Kharif,1600,1400,1900
Ladies Finger,Kerala,2022,4,Zaid,1650,1400,1950
Ladies Finger,Kerala,2022,5,Zaid,1750,1550,2000
Ladies Finger,Kerala,2022,6,Kharif,1650,1400,1900
Ladies Finger,Kerala,2022,7,Kharif,1700,1450,1950
Ladies Finger,Kerala,2022,8,Kharif,1850,1700,2050
Ladies Finger,Kerala,2023,4,Zaid,1600,1450,1800
Ladies Finger,Kerala,2023,5,Zaid,1850,1600,2200
Ladies Finger,Kerala,2023,6,Kharif,1650,1500,1850
Ladies Finger,Kerala,2023,7,Kharif,1700,1500,2000
Ladies Finger,Kerala,2023,8,Kharif,2000,1850,2400
Ladies Finger,Madhya Pradesh,2020,4,Zaid,1550,1400,1850
Ladies Finger,Madhya Pradesh,2020,5,Zaid,1350,1250,1550
Ladies Finger,Madhya Pradesh,2020,6,Kharif,1300,1150,1550
Ladies Finger,Madhya Pradesh,2020,7,Kharif,1300,1150,1450
Ladies Finger,Madhya Pradesh,2020,8,Kharif,1500,1300,1800
Ladies Finger,Madhya Pradesh,2021,4,Zaid,1400,1300,1550
Ladies Finger,Madhya Pradesh,2021,5,Zaid,1600,1400,1850
Ladies Finger,Madhya Pradesh,2021,6,Kharif,1600,1400,1900
Ladies Finger,Madhya Pradesh,2021,7,Kharif,1400,1300,1650
Ladies Finger,Madhya Pradesh,2021,8,Kharif,1650,1500,2000
Ladies Finger,Madhya Pradesh,2022,4,Zaid,1650,1500,1950
Ladies Finger,Madhya Pradesh,2022,5,Zaid,1550,1400,1850
Ladies Finger,Madhya Pradesh,2022,6,Kharif,1600,1400,1950
Ladies Finger,Madhya Pradesh,2022,7,Kharif,1350,1200,1650
Ladies Finger,Madhya Pradesh,2022,8,Kharif,1550,1400,1850
Ladies Finger,Madhya Pradesh,2023,4,Zaid,1800,1600,2050
Ladies Finger,Madhya Pradesh,2023,5,Zaid,1550,1350,1850
Ladies Finger,Madhya Pradesh,2023,6,Kharif,1450,1350,1700
Ladies Finger,Madhya Pradesh,2023,7,Kharif,1800,1550,2050
Ladies Finger,Madhya Pradesh,2023,8,Kharif,1550,1350,1750
Ladies Finger,Maharashtra,2020,4,Zaid,1700,1550,1950
Ladies Finger,Maharashtra,2020,5,Zaid,1750,1550,2050
Ladies Finger,Maharashtra,2020,6,Kharif,1700,1550,2000
Ladies Finger,Maharashtra,2020,7,Kharif,1650,1500,1850
Ladies Finger,Maharashtra,2020,8,Kharif,1450,1300,1700
Ladies Finger,Maharashtra,2021,4,Zaid,1700,1550,1950
Ladies Finger,Maharashtra,2021,5,Zaid,1750,1600,2100
Ladies Finger,Maharashtra,2021,6,Kharif,1500,1300,1700
Ladies Finger,Maharashtra,2021,7,Kharif,1600,1350,1850
Ladies Finger,Maharashtra,2021,8,Kharif,1650,1500,1950
Ladies Finger,Maharashtra,2022,4,Zaid,1600,1450,1800
Ladies Finger,Maharashtra,2022,5,Zaid,1500,1350,1750
Ladies Finger,Maharashtra,2022,6,Kharif,1600,1500,1850
Ladies Finger,Maharashtra,2022,7,Kharif,1700,1500,2050
Ladies Finger,Maharashtra,2022,8,Kharif,1550,1400,1850
Ladies Finger,Maharashtra,2023,4,Zaid,1650,1400,2000
Ladies Finger,Maharashtra,2023,5,Zaid,1800,1550,2150
Ladies Finger,Maharashtra,2023,6,Kharif,1550,1300,1750
Ladies Finger,Maharashtra,2023,7,Kharif,2000,1750,2350
Ladies Finger,Maharashtra,2023,8,Kharif,1800,1650,2050
Ladies Finger,Manipur,2020,4,Zaid,1300,1200,1550
Ladies Finger,Manipur,2020,5,Zaid,1300,1200,1500
Ladies Finger,Manipur,2020,6,Kharif,1500,1350,1750
Ladies Finger,Manipur,2020,7,Kharif,1400,1200,1600
Ladies Finger,Manipur,2020,8,Kharif,1550,1400,1700
Ladies Finger,Manipur,2021,4,Zaid,1550,1400,1800
Ladies Finger,Manipur,2021,5,Zaid,1300,1150,1550
Ladies Finger,Manipur,2021,6,Kharif,1700,1450,2050
Ladies Finger,Manipur,2021,7,Kharif,1550,1400,1850
Ladies Finger,Manipur,2021,8,Kharif,1500,1400,1750
Ladies Finger,Manipur,2022,4,Zaid,1750,1500,1950
Ladies Finger,Manipur,2022,5,Zaid,1550,1400,1900
Ladies Finger,Manipur,2022,6,Kharif,1600,1400,1900
Ladies Finger,Manipur,2022,7,Kharif,1600,1450,1800
Ladies Finger,Manipur,2022,8,Kharif,1400,1250,1600
Ladies Finger,Manipur,2023,4,Zaid,1750,1550,2050
Ladies Finger,Manipur,2023,5,Zaid,1750,1550,2100
Ladies Finger,Manipur,2023,6,Kharif,1800,1650,2200
Ladies Finger,Manipur,2023,7,Kharif,1450,1300,1700
Ladies Finger,Manipur,2023,8,Kharif,1500,1300,1800
Ladies Finger,Meghalaya,2020,4,Zaid,1600,1450,1900
Ladies Finger,Meghalaya,2020,5,Zaid,1350,1200,1500
Ladies Finger,Meghalaya,2020,6,Kharif,1450,1350,1750
Ladies Finger,Meghalaya,2020,7,Kharif,1450,1250,1650
Ladies Finger,Meghalaya,2020,8,Kharif,1500,1300,1800
Ladies Finger,Meghalaya,2021,4,Zaid,1500,1300,1650
Ladies Finger,Meghalaya,2021,5,Zaid,1600,1400,1850
Ladies Finger,Meghalaya,2021,6,Kharif,1350,1200,1600
Ladies Finger,Meghalaya,2021,7,Kharif,1350,1150,1550
Ladies Finger,Meghalaya,2021,8,Kharif,1400,1300,1600
Ladies Finger,Meghalaya,2022,4,Zaid,1600,1450,1800
Ladies Finger,Meghalaya,2022,5,Zaid,1750,1500,2100
Ladies Finger,Meghalaya,2022,6,Kharif,1800,1550,2050
Ladies Finger,Meghalaya,2022,7,Kharif,1700,1500,2050
Ladies Finger,Meghalaya,2022,8,Kharif,1850,1650,2250
Ladies Finger,Meghalaya,2023,4,Zaid,1550,1350,1900
Ladies Finger,Meghalaya,2023,5,Zaid,1800,1600,2050
Ladies Finger,Meghalaya,2023,6,Kharif,1650,1500,1950
Ladies Finger,Meghalaya,2023,7,Kharif,1900,1700,2150
Ladies Finger,Meghalaya,2023,8,Kharif,1550,1400,1850
Ladies Finger,Odisha,2020,4,Zaid,1350,1200,1550
Ladies Finger,Odisha,2020,5,Zaid,1500,1350,1750
Ladies Finger,Odisha,2020,6,Kharif,1250,1100,1400
Ladies Finger,Odisha,2020,7,Kharif,1250,1150,1500
Ladies Finger,Odisha,2020,8,Kharif,1450,1250,1700
Ladies Finger,Odisha,2021,4,Zaid,1350,1200,1550
Ladies Finger,Odisha,2021,5,Zaid,1550,1350,1750
Ladies Finger,Odisha,2021,6,Kharif,1500,1350,1800
Ladies Finger,Odisha,2021,7,Kharif,1350,1200,1600
Ladies Finger,Odisha,2021,8,Kharif,1350,1200,1600
Ladies Finger,Odisha,2022,4,Zaid,1550,1450,1750
Ladies Finger,Odisha,2022,5,Zaid,1350,1200,1600
Ladies Finger,Odisha,2022,6,Kharif,1550,1350,1750
Ladies Finger,Odisha,2022,7,Kharif,1600,1450,1800
Ladies Finger,Odisha,2022,8,Kharif,1450,1300,1700
Ladies Finger,Odisha,2023,4,Zaid,1400,1250,1600
Ladies Finger,Odisha,2023,5,Zaid,1500,1350,1750
Ladies Finger,Odisha,2023,6,Kharif,1750,1500,2050
Ladies Finger,Odisha,2023,7,Kharif,1750,1600,1950
Ladies Finger,Odisha,2023,8,Kharif,1500,1300,1700
Ladies Finger,Punjab,2020,4,Zaid,1750,1600,2000
Ladies Finger,Punjab,2020,5,Zaid,1700,1500,1950
Ladies Finger,Punjab,2020,6,Kharif,1550,1400,1850
Ladies Finger,Punjab,2020,7,Kharif,1650,1500,2000
Ladies Finger,Punjab,2020,8,Kharif,1750,1550,2000
Ladies Finger,Punjab,2021,4,Zaid,1650,1400,2000
Ladies Finger,Punjab,2021,5,Zaid,1600,1350,1800
Ladies Finger,Punjab,2021,6,Kharif,1600,1400,1800
Ladies Finger,Punjab,2021,7,Kharif,1500,1300,1750
Ladies Finger,Punjab,2021,8,Kharif,1550,1450,1850
Ladies Finger,Punjab,2022,4,Zaid,1800,1600,2150
Ladies Finger,Punjab,2022,5,Zaid,1850,1650,2100
Ladies Finger,Punjab,2022,6,Kharif,1800,1650,2050
Ladies Finger,Punjab,2022,7,Kharif,1700,1500,2050
Ladies Finger,Punjab,2022,8,Kharif,1600,1400,1950
Ladies Finger,Punjab,2023,4,Zaid,1900,1700,2200
Ladies Finger,Punjab,2023,5,Zaid,1950,1700,2200
Ladies Finger,Punjab,2023,6,Kharif,1650,1500,2000
Ladies Finger,Punjab,2023,7,Kharif,1750,1500,2050
Ladies Finger,Punjab,2023,8,Kharif,1650,1450,1900
Ladies Finger,Rajasthan,2020,4,Zaid,1450,1250,1700
Ladies Finger,Rajasthan,2020,5,Zaid,1300,1150,1500
Ladies Finger,Rajasthan,2020,6,Kharif,1400,1300,1650
Ladies Finger,Rajasthan,2020,7,Kharif,1600,1400,1850
Ladies Finger,Rajasthan,2020,8,Kharif,1450,1300,1700
Ladies Finger,Rajasthan,2021,4,Zaid,1350,1150,1600
Ladies Finger,Rajasthan,2021,5,Zaid,1700,1500,2050
Ladies Finger,Rajasthan,2021,6,Kharif,1600,1400,1850
Ladies Finger,Rajasthan,2021,7,Kharif,1650,1450,2000
Ladies Finger,Rajasthan,2021,8,Kharif,1600,1450,1950
Ladies Finger,Rajasthan,2022,4,Zaid,1500,1350,1700
Ladies Finger,Rajasthan,2022,5,Zaid,1700,1550,1950
Ladies Finger,Rajasthan,2022,6,Kharif,1400,1300,1650
Ladies Finger,Rajasthan,2022,7,Kharif,1700,1450,2050
Ladies Finger,Rajasthan,2022,8,Kharif,1800,1550,2100
Ladies Finger,Rajasthan,2023,4,Zaid,1750,1550,2100
Ladies Finger,Rajasthan,2023,5,Zaid,1900,1700,2200
Ladies Finger,Rajasthan,2023,6,Kharif,1550,1350,1850
Ladies Finger,Rajasthan,2023,7,Kharif,1500,1350,1750
Ladies Finger,Rajasthan,2023,8,Kharif,1700,1500,2000
Ladies Finger,Tamil Nadu,2020,4,Zaid,1450,1250,1700
Ladies Finger,Tamil Nadu,2020,5,Zaid,1350,1150,1600
Ladies Finger,Tamil Nadu,2020,6,Kharif,1400,1200,1600
Ladies Finger,Tamil Nadu,2020,7,Kharif,1750,1600,2100
Ladies Finger,Tamil Nadu,2020,8,Kharif,1600,1400,1900
Ladies Finger,Tamil Nadu,2021,4,Zaid,1550,1400,1850
Ladies Finger,Tamil Nadu,2021,5,Zaid,1700,1500,1950
Ladies Finger,Tamil Nadu,2021,6,Kharif,1850,1700,2100
Ladies Finger,Tamil Nadu,2021,7,Kharif,1600,1400,1850
Ladies Finger,Tamil Nadu,2021,8,Kharif,1450,1350,1650
Ladies Finger,Tamil Nadu,2022,4,Zaid,1500,1300,1800
Ladies Finger,Tamil Nadu,2022,5,Zaid,1950,1800,2300
Ladies Finger,Tamil Nadu,2022,6,Kharif,1800,1550,2150
Ladies Finger,Tamil Nadu,2022,7,Kharif,1550,1400,1900
Ladies Finger,Tamil Nadu,2022,8,Kharif,1950,1800,2200
Ladies Finger,Tamil Nadu,2023,4,Zaid,1950,1700,2200
Ladies Finger,Tamil Nadu,2023,5,Zaid,1950,1800,2350
Ladies Finger,Tamil Nadu,2023,6,Kharif,1550,1350,1800
Ladies Finger,Tamil Nadu,2023,7,Kharif,2000,1800,2350
Ladies Finger,Tamil Nadu,2023,8,Kharif,1600,1450,1950
Ladies Finger,Telangana,2020,4,Zaid,1450,1250,1750
Ladies Finger,Telangana,2020,5,Zaid,1350,1200,1500
Ladies Finger,Telangana,2020,6,Kharif,1500,1300,1800
Ladies Finger,Telangana,2020,7,Kharif,1450,1250,1650
Ladies Finger,Telangana,2020,8,Kharif,1450,1250,1650
Ladies Finger,Telangana,2021,4,Zaid,1700,1550,2050
Ladies Finger,Telangana,2021,5,Zaid,1450,1300,1700
Ladies Finger,Telangana,2021,6,Kharif,1700,1500,1950
Ladies Finger,Telangana,2021,7,Kharif,1750,1600,2000
Ladies Finger,Telangana,2021,8,Kharif,1550,1300,1800
Ladies Finger,Telangana,2022,4,Zaid,1850,1600,2050
Ladies Finger,Telangana,2022,5,Zaid,1700,1500,1900
Ladies Finger,Telangana,2022,6,Kharif,1750,1600,1950
Ladies Finger,Telangana,2022,7,Kharif,1500,1350,1750
Ladies Finger,Telangana,2022,8,Kharif,1850,1650,2100
Ladies Finger,Telangana,2023,4,Zaid,1600,1350,1850
Ladies Finger,Telangana,2023,5,Zaid,1850,1700,2200
Ladies Finger,Telangana,2023,6,Kharif,1900,1650,2250
Ladies Finger,Telangana,2023,7,Kharif,1550,1350,1750
Ladies Finger,Telangana,2023,8,Kharif,1700,1550,2000
Ladies Finger,Tripura,2020,4,Zaid,1400,1250,1600
Ladies Finger,Tripura,2020,5,Zaid,1450,1300,1700
Ladies Finger,Tripura,2020,6,Kharif,1250,1100,1400
Ladies Finger,Tripura,2020,7,Kharif,1400,1200,1700
Ladies Finger,Tripura,2020,8,Kharif,1250,1100,1400
Ladies Finger,Tripura,2021,4,Zaid,1650,1500,1850
Ladies Finger,Tripura,2021,5,Zaid,1500,1300,1750
Ladies Finger,Tripura,2021,6,Kharif,1350,1250,1650
Ladies Finger,Tripura,2021,7,Kharif,1550,1350,1850
Ladies Finger,Tripura,2021,8,Kharif,1600,1450,1800
Ladies Finger,Tripura,2022,4,Zaid,1400,1200,1650
Ladies Finger,Tripura,2022,5,Zaid,1800,1550,2000
Ladies Finger,Tripura,2022,6,Kharif,1500,1350,1700
Ladies Finger,Tripura,2022,7,Kharif,1550,1400,1800
Ladies Finger,Tripura,2022,8,Kharif,1650,1400,1950
Ladies Finger,Tripura,2023,4,Zaid,1450,1300,1650
Ladies Finger,Tripura,2023,5,Zaid,1600,1450,1800
Ladies Finger,Tripura,2023,6,Kharif,1400,1250,1550
Ladies Finger,Tripura,2023,7,Kharif,1750,1600,2000
Ladies Finger,Tripura,2023,8,Kharif,1800,1600,2150
Ladies Finger,Uttar Pradesh,2020,4,Zaid,1500,1400,1750
Ladies Finger,Uttar Pradesh,2020,5,Zaid,1550,1300,1700
Ladies Finger,Uttar Pradesh,2020,6,Kharif,1600,1400,1800
Ladies Finger,Uttar Pradesh,2020,7,Kharif,1550,1400,1850
Ladies Finger,Uttar Pradesh,2020,8,Kharif,1300,1100,1550
Ladies Finger,Uttar Pradesh,2021,4,Zaid,1650,1500,2000
Ladies Finger,Uttar Pradesh,2021,5,Zaid,1350,1150,1550
Ladies Finger,Uttar Pradesh,2021,6,Kharif,1550,1350,1850
Ladies Finger,Uttar Pradesh,2021,7,Kharif,1500,1350,1750
Ladies Finger,Uttar Pradesh,2021,8,Kharif,1350,1250,1600
Ladies Finger,Uttar Pradesh,2022,4,Zaid,1550,1350,1800
Ladies Finger,Uttar Pradesh,2022,5,Zaid,1600,1450,1800
Ladies Finger,Uttar Pradesh,2022,6,Kharif,1600,1450,1950
Ladies Finger,Uttar Pradesh,2022,7,Kharif,1850,1700,2250
Ladies Finger,Uttar Pradesh,2022,8,Kharif,1550,1350,1850
Ladies Finger,Uttar Pradesh,2023,4,Zaid,1700,1450,2050
Ladies Finger,Uttar Pradesh,2023,5,Zaid,1500,1300,1700
Ladies Finger,Uttar Pradesh,2023,6,Kharif,1550,1350,1900
Ladies Finger,Uttar Pradesh,2023,7,Kharif,1500,1350,1750
Ladies Finger,Uttar Pradesh,2023,8,Kharif,1750,1500,2000
Ladies Finger,Uttarakhand,2020,4,Zaid,1300,1150,1450
Ladies Finger,Uttarakhand,2020,5,Zaid,1500,1300,1750
Ladies Finger,Uttarakhand,2020,6,Kharif,1600,1450,1850
Ladies Finger,Uttarakhand,2020,7,Kharif,1600,1400,1950
Ladies Finger,Uttarakhand,2020,8,Kharif,1300,1200,1500
Ladies Finger,Uttarakhand,2021,4,Zaid,1600,1450,1950
Ladies Finger,Uttarakhand,2021,5,Zaid,1550,1300,1850
Ladies Finger,Uttarakhand,2021,6,Kharif,1500,1350,1750
Ladies Finger,Uttarakhand,2021,7,Kharif,1700,1500,2050
Ladies Finger,Uttarakhand,2021,8,Kharif,1450,1300,1750
Ladies Finger,Uttarakhand,2022,4,Zaid,1500,1300,1700
Ladies Finger,Uttarakhand,2022,5,Zaid,1650,1450,2000
Ladies Finger,Uttarakhand,2022,6,Kharif,1500,1400,1700
Ladies Finger,Uttarakhand,2022,7,Kharif,1750,1550,2000
Ladies Finger,Uttarakhand,2022,8,Kharif,1850,1600,2100
Ladies Finger,Uttarakhand,2023,4,Zaid,1500,1300,1700
Ladies Finger,Uttarakhand,2023,5,Zaid,1800,1600,2050
Ladies Finger,Uttarakhand,2023,6,Kharif,1600,1350,1850
Ladies Finger,Uttarakhand,2023,7,Kharif,1700,1500,1950
Ladies Finger,Uttarakhand,2023,8,Kharif,1950,1650,2300
Ladies Finger,West Bengal,2020,4,Zaid,1300,1200,1600
Ladies Finger,West Bengal,2020,5,Zaid,1300,1100,1550
Ladies Finger,West Bengal,2020,6,Kharif,1250,1100,1500
Ladies Finger,West Bengal,2020,7,Kharif,1250,1100,1450
Ladies Finger,West Bengal,2020,8,Kharif,1450,1300,1650
Ladies Finger,West Bengal,2021,4,Zaid,1450,1250,1650
Ladies Finger,West Bengal,2021,5,Zaid,1700,1450,2000
Ladies Finger,West Bengal,2021,6,Kharif,1650,1450,1950
Ladies Finger,West Bengal,2021,7,Kharif,1500,1350,1750
Ladies Finger,West Bengal,2021,8,Kharif,1450,1250,1650
Ladies Finger,West Bengal,2022,4,Zaid,1500,1350,1800
Ladies Finger,West Bengal,2022,5,Zaid,1550,1300,1900
Ladies Finger,West Bengal,2022,6,Kharif,1550,1350,1850
Ladies Finger,West Bengal,2022,7,Kharif,1450,1300,1650
Ladies Finger,West Bengal,2022,8,Kharif,1800,1650,2100
Ladies Finger,West Bengal,2023,4,Zaid,1700,1450,2000
Ladies Finger,West Bengal,2023,5,Zaid,1850,1700,2200
Ladies Finger,West Bengal,2023,6,Kharif,1800,1600,2100
Ladies Finger,West Bengal,2023,7,Kharif,1700,1500,2050
Ladies Finger,West Bengal,2023,8,Kharif,1800,1650,2200
Maize,Andhra Pradesh,2020,1,Rabi,1300,1200,1500
Maize,Andhra Pradesh,2020,2,Rabi,1350,1200,1600
Maize,Andhra Pradesh,2020,3,Rabi,1350,1200,1600
Maize,Andhra Pradesh,2020,6,Kharif,1400,1250,1600
Maize,Andhra Pradesh,2020,7,Kharif,1300,1150,1550
Maize,Andhra Pradesh,2020,8,Kharif,1350,1250,1500
Maize,Andhra Pradesh,2020,9,Kharif,1450,1300,1650
Maize,Andhra Pradesh,2021,1,Rabi,1400,1300,1700
Maize,Andhra Pradesh,2021,2,Rabi,1300,1150,1500
Maize,Andhra Pradesh,2021,3,Rabi,1350,1200,1650
Maize,Andhra Pradesh,2021,6,Kharif,1350,1200,1550
Maize,Andhra Pradesh,2021,7,Kharif,1450,1300,1650
Maize,Andhra Pradesh,2021,8,Kharif,1400,1250,1700
Maize,Andhra Pradesh,2021,9,Kharif,1350,1200,1600
Maize,Andhra Pradesh,2022,1,Rabi,1500,1350,1700
Maize,Andhra Pradesh,2022,2,Rabi,1500,1350,1700
Maize,Andhra Pradesh,2022,3,Rabi,1400,1250,1600
Maize,Andhra Pradesh,2022,6,Kharif,1500,1350,1700
Maize,Andhra Pradesh,2022,7,Kharif,1450,1300,1700
Maize,Andhra Pradesh,2022,8,Kharif,1600,1400,1900
Maize,Andhra Pradesh,2022,9,Kharif,1450,1300,1750
Maize,Andhra Pradesh,2023,1,Rabi,1500,1300,1700
Maize,Andhra Pradesh,2023,2,Rabi,1550,1350,1850
Maize,Andhra Pradesh,2023,3,Rabi,1650,1400,1850
Maize,Andhra Pradesh,2023,6,Kharif,1500,1400,1800
Maize,Andhra Pradesh,2023,7,Kharif,1600,1400,1800
Maize,Andhra Pradesh,2023,8,Kharif,1600,1450,1900
Maize,Andhra Pradesh,2023,9,Kharif,1650,1500,1950
Maize,Assam,2020,1,Rabi,1400,1200,1650
Maize,Assam,2020,2,Rabi,1350,1200,1550
Maize,Assam,2020,3,Rabi,1300,1100,1500
Maize,Assam,2020,6,Kharif,1450,1300,1650
Maize,Assam,2020,7,Kharif,1350,1150,1600
Maize,Assam,2020,8,Kharif,1300,1150,1550
Maize,Assam,2020,9,Kharif,1250,1100,1500
Maize,Assam,2021,1,Rabi,1300,1150,1450
Maize,Assam,2021,2,Rabi,1400,1200,1650
Maize,Assam,2021,3,Rabi,1450,1250,1750
Maize,Assam,2021,6,Kharif,1450,1250,1650
Maize,Assam,2021,7,Kharif,1350,1200,1600
Maize,Assam,2021,8,Kharif,1350,1200,1550
Maize,Assam,2021,9,Kharif,1400,1250,1650
Maize,Assam,2022,1,Rabi,1400,1300,1600
Maize,Assam,2022,2,Rabi,1400,1250,1700
Maize,Assam,2022,3,Rabi,1550,1400,1900
Maize,Assam,2022,6,Kharif,1550,1350,1800
Maize,Assam,2022,7,Kharif,1600,1400,1950
Maize,Assam,2022,8,Kharif,1350,1200,1600
Maize,Assam,2022,9,Kharif,1500,1350,1700
Maize,Assam,2023,1,Rabi,1650,1500,1950
Maize,Assam,2023,2,Rabi,1450,1250,1750
Maize,Assam,2023,3,Rabi,1650,1500,1850
Maize,Assam,2023,6,Kharif,1650,1450,1850
Maize,Assam,2023,7,Kharif,1450,1350,1600
Maize,Assam,2023,8,Kharif,1550,1400,1850
Maize,Assam,2023,9,Kharif,1650,1400,1900
Maize,Bihar,2020,1,Rabi,1300,1100,1550
Maize,Bihar,2020,2,Rabi,1200,1050,1400
Maize,Bihar,2020,3,Rabi,1200,1100,1350
Maize,Bihar,2020,6,Kharif,1350,1250,1600
Maize,Bihar,2020,7,Kharif,1350,1150,1600
Maize,Bihar,2020,8,Kharif,1250,1150,1500
Maize,Bihar,2020,9,Kharif,1250,1150,1450
Maize,Bihar,2021,1,Rabi,1400,1250,1700
Maize,Bihar,2021,2,Rabi,1350,1250,1550
Maize,Bihar,2021,3,Rabi,1400,1250,1600
Maize,Bihar,2021,6,Kharif,1450,1350,1700
Maize,Bihar,2021,7,Kharif,1250,1100,1450
Maize,Bihar,2021,8,Kharif,1450,1300,1700
Maize,Bihar,2021,9,Kharif,1300,1100,1550
Maize,Bihar,2022,1,Rabi,1400,1250,1600
Maize,Bihar,2022,2,Rabi,1450,1350,1700
Maize,Bihar,2022,3,Rabi,1400,1300,1650
Maize,Bihar,2022,6,Kharif,1350,1250,1600
Maize,Bihar,2022,7,Kharif,1450,1300,1650
Maize,Bihar,2022,8,Kharif,1400,1250,1600
Maize,Bihar,2022,9,Kharif,1350,1200,1550
Maize,Bihar,2023,1,Rabi,1400,1200,1650
Maize,Bihar,2023,2,Rabi,1400,1200,1600
Maize,Bihar,2023,3,Rabi,1450,1300,1700
Maize,Bihar,2023,6,Kharif,1550,1400,1900
Maize,Bihar,2023,7,Kharif,1600,1400,1950
Maize,Bihar,2023,8,Kharif,1450,1250,1650
Maize,Bihar,2023,9,Kharif,1450,1250,1600
Maize,Chhattisgarh,2020,1,Rabi,1350,1200,1550
Maize,Chhattisgarh,2020,2,Rabi,1250,1150,1400
Maize,Chhattisgarh,2020,3,Rabi,1350,1150,1650
Maize,Chhattisgarh,2020,6,Kharif,1350,1200,1600
Maize,Chhattisgarh,2020,7,Kharif,1400,1250,1650
Maize,Chhattisgarh,2020,8,Kharif,1300,1100,1450
Maize,Chhattisgarh,2020,9,Kharif,1200,1100,1450
Maize,Chhattisgarh,2021,1,Rabi,1400,1250,1700
Maize,Chhattisgarh,2021,2,Rabi,1450,1300,1650
Maize,Chhattisgarh,2021,3,Rabi,1450,1250,1700
Maize,Chhattisgarh,2021,6,Kharif,1500,1350,1700
Maize,Chhattisgarh,2021,7,Kharif,1400,1250,1700
Maize,Chhattisgarh,2021,8,Kharif,1500,1400,1700
Maize,Chhattisgarh,2021,9,Kharif,1400,1250,1700
Maize,Chhattisgarh,2022,1,Rabi,1500,1300,1750
Maize,Chhattisgarh,2022,2,Rabi,1550,1400,1850
Maize,Chhattisgarh,2022,3,Rabi,1500,1350,1800
Maize,Chhattisgarh,2022,6,Kharif,1400,1300,1650
Maize,Chhattisgarh,2022,7,Kharif,1500,1300,1800
Maize,Chhattisgarh,2022,8,Kharif,1400,1250,1600
Maize,Chhattisgarh,2022,9,Kharif,1500,1350,1750
Maize,Chhattisgarh,2023,1,Rabi,1600,1400,1800
Maize,Chhattisgarh,2023,2,Rabi,1450,1250,1700
Maize,Chhattisgarh,2023,3,Rabi,1500,1350,1800
Maize,Chhattisgarh,2023,6,Kharif,1450,1250,1600
Maize,Chhattisgarh,2023,7,Kharif,1500,1350,1800
Maize,Chhattisgarh,2023,8,Kharif,1550,1350,1800
Maize,Chhattisgarh,2023,9,Kharif,1600,1400,1800
Maize,Goa,2020,1,Rabi,1550,1350,1850
Maize,Goa,2020,2,Rabi,1450,1300,1750
Maize,Goa,2020,3,Rabi,1650,1500,1850
Maize,Goa,2020,6,Kharif,1550,1400,1800
Maize,Goa,2020,7,Kharif,1500,1350,1700
Maize,Goa,2020,8,Kharif,1550,1350,1850
Maize,Goa,2020,9,Kharif,1400,1300,1700
Maize,Goa,2021,1,Rabi,1550,1350,1850
Maize,Goa,2021,2,Rabi,1550,1400,1850
Maize,Goa,2021,3,Rabi,1650,1450,1950
Maize,Goa,2021,6,Kharif,1750,1600,2050
Maize,Goa,2021,7,Kharif,1700,1450,2050
Maize,Goa,2021,8,Kharif,1700,1550,2050
Maize,Goa,2021,9,Kharif,1650,1500,1850
Maize,Goa,2022,1,Rabi,1650,1500,1950
Maize,Goa,2022,2,Rabi,1750,1500,2000
Maize,Goa,2022,3,Rabi,1800,1650,2100
Maize,Goa,2022,6,Kharif,1650,1400,1900
Maize,Goa,2022,7,Kharif,1700,1500,1950
Maize,Goa,2022,8,Kharif,1600,1450,1900
Maize,Goa,2022,9,Kharif,1800,1600,2100
Maize,Goa,2023,1,Rabi,1750,1550,2050
Maize,Goa,2023,2,Rabi,1750,1500,2100
Maize,Goa,2023,3,Rabi,1700,1500,2050
Maize,Goa,2023,6,Kharif,1750,1550,2050
Maize,Goa,2023,7,Kharif,1650,1450,1850
Maize,Goa,2023,8,Kharif,1900,1700,2250
Maize,Goa,2023,9,Kharif,1800,1600,2150
Maize,Gujarat,2020,1,Rabi,1550,1450,1800
Maize,Gujarat,2020,2,Rabi,1450,1250,1700
Maize,Gujarat,2020,3,Rabi,1450,1300,1650
Maize,Gujarat,2020,6,Kharif,1400,1300,1700
Maize,Gujarat,2020,7,Kharif,1350,1200,1600
Maize,Gujarat,2020,8,Kharif,1300,1150,1500
Maize,Gujarat,2020,9,Kharif,1400,1300,1650
Maize,Gujarat,2021,1,Rabi,1550,1400,1900
Maize,Gujarat,2021,2,Rabi,1500,1400,1700
Maize,Gujarat,2021,3,Rabi,1500,1400,1800
Maize,Gujarat,2021,6,Kharif,1450,1250,1600
Maize,Gujarat,2021,7,Kharif,1500,1300,1800
Maize,Gujarat,2021,8,Kharif,1600,1350,1850
Maize,Gujarat,2021,9,Kharif,1550,1400,1800
Maize,Gujarat,2022,1,Rabi,1550,1400,1800
Maize,Gujarat,2022,2,Rabi,1500,1300,1800
Maize,Gujarat,2022,3,Rabi,1550,1400,1850
Maize,Gujarat,2022,6,Kharif,1600,1450,1850
Maize,Gujarat,2022,7,Kharif,1550,1350,1750
Maize,Gujarat,2022,8,Kharif,1550,1350,1750
Maize,Gujarat,2022,9,Kharif,1700,1500,2050
Maize,Gujarat,2023,1,Rabi,1550,1300,1750
Maize,Gujarat,2023,2,Rabi,1600,1400,1900
Maize,Gujarat,2023,3,Rabi,1600,1450,1900
Maize,Gujarat,2023,6,Kharif,1650,1450,1850
Maize,Gujarat,2023,7,Kharif,1600,1350,1900
Maize,Gujarat,2023,8,Kharif,1750,1550,2100
Maize,Gujarat,2023,9,Kharif,1500,1300,1750
Maize,Haryana,2020,1,Rabi,1400,1250,1700
Maize,Haryana,2020,2,Rabi,1500,1400,1750
Maize,Haryana,2020,3,Rabi,1350,1150,1650
Maize,Haryana,2020,6,Kharif,1500,1300,1750
Maize,Haryana,2020,7,Kharif,1350,1200,1550
Maize,Haryana,2020,8,Kharif,1400,1200,1550
Maize,Haryana,2020,9,Kharif,1450,1300,1650
Maize,Haryana,2021,1,Rabi,1400,1250,1600
Maize,Haryana,2021,2,Rabi,1600,1450,1850
Maize,Haryana,2021,3,Rabi,1550,1400,1800
Maize,Haryana,2021,6,Kharif,1550,1350,1850
Maize,Haryana,2021,7,Kharif,1450,1250,1650
Maize,Haryana,2021,8,Kharif,1500,1350,1800
Maize,Haryana,2021,9,Kharif,1400,1250,1550
Maize,Haryana,2022,1,Rabi,1500,1350,1700
Maize,Haryana,2022,2,Rabi,1550,1400,1850
Maize,Haryana,2022,3,Rabi,1600,1400,1900
Maize,Haryana,2022,6,Kharif,1500,1400,1750
Maize,Haryana,2022,7,Kharif,1600,1400,1800
Maize,Haryana,2022,8,Kharif,1550,1350,1900
Maize,Haryana,2022,9,Kharif,1700,1550,2050
Maize,Haryana,2023,1,Rabi,1600,1500,1950
Maize,Haryana,2023,2,Rabi,1600,1400,1950
Maize,Haryana,2023,3,Rabi,1650,1500,1900
Maize,Haryana,2023,6,Kharif,1700,1500,1900
Maize,Haryana,2023,7,Kharif,1700,1550,1900
Maize,Haryana,2023,8,Kharif,1700,1500,2000
Maize,Haryana,2023,9,Kharif,1700,1450,2050
Maize,Himachal Pradesh,2020,1,Rabi,1550,1300,1750
Maize,Himachal Pradesh,2020,2,Rabi,1450,1300,1600
Maize,Himachal Pradesh,2020,3,Rabi,1500,1300,1800
Maize,Himachal Pradesh,2020,6,Kharif,1550,1400,1900
Maize,Himachal Pradesh,2020,7,Kharif,1450,1350,1600
Maize,Himachal Pradesh,2020,8,Kharif,1400,1200,1650
Maize,Himachal Pradesh,2020,9,Kharif,1550,1350,1750
Maize,Himachal Pradesh,2021,1,Rabi,1550,1300,1850
Maize,Himachal Pradesh,2021,2,Rabi,1650,1450,1950
Maize,Himachal Pradesh,2021,3,Rabi,1550,1350,1850
Maize,Himachal Pradesh,2021,6,Kharif,1600,1450,1850
Maize,Himachal Pradesh,2021,7,Kharif,1500,1300,1750
Maize,Himachal Pradesh,2021,8,Kharif,1550,1400,1800
Maize,Himachal Pradesh,2021,9,Kharif,1450,1300,1700
Maize,Himachal Pradesh,2022,1,Rabi,1500,1300,1800
Maize,Himachal Pradesh,2022,2,Rabi,1550,1350,1750
Maize,Himachal Pradesh,2022,3,Rabi,1600,1400,1800
Maize,Himachal Pradesh,2022,6,Kharif,1500,1350,1700
Maize,Himachal Pradesh,2022,7,Kharif,1600,1450,1900
Maize,Himachal Pradesh,2022,8,Kharif,1550,1350,1800
Maize,Himachal Pradesh,2022,9,Kharif,1600,1450,1800
Maize,Himachal Pradesh,2023,1,Rabi,1650,1450,2000
Maize,Himachal Pradesh,2023,2,Rabi,1800,1600,2150
Maize,Himachal Pradesh,2023,3,Rabi,1650,1500,1900
Maize,Himachal Pradesh,2023,6,Kharif,1700,1550,2000
Maize,Himachal Pradesh,2023,7,Kharif,1600,1450,1950
Maize,Himachal Pradesh,2023,8,Kharif,1700,1500,1950
Maize,Himachal Pradesh,2023,9,Kharif,1800,1600,2150
Maize,Jammu & Kashmir,2020,1,Rabi,1450,1300,1750
Maize,Jammu & Kashmir,2020,2,Rabi,1450,1350,1600
Maize,Jammu & Kashmir,2020,3,Rabi,1450,1300,1750
Maize,Jammu & Kashmir,2020,6,Kharif,1450,1300,1650
Maize,Jammu & Kashmir,2020,7,Kharif,1400,1200,1600
Maize,Jammu & Kashmir,2020,8,Kharif,1550,1350,1900
Maize,Jammu & Kashmir,2020,9,Kharif,1400,1300,1550
Maize,Jammu & Kashmir,2021,1,Rabi,1600,1450,1850
Maize,Jammu & Kashmir,2021,2,Rabi,1550,1350,1800
Maize,Jammu & Kashmir,2021,3,Rabi,1550,1400,1800
Maize,Jammu & Kashmir,2021,6,Kharif,1600,1400,1950
Maize,Jammu & Kashmir,2021,7,Kharif,1500,1350,1800
Maize,Jammu & Kashmir,2021,8,Kharif,1600,1450,1900
Maize,Jammu & Kashmir,2021,9,Kharif,1700,1450,2050
Maize,Jammu & Kashmir,2022,1,Rabi,1600,1350,1800
Maize,Jammu & Kashmir,2022,2,Rabi,1550,1450,1750
Maize,Jammu & Kashmir,2022,3,Rabi,1800,1600,2200
Maize,Jammu & Kashmir,2022,6,Kharif,1700,1550,2000
Maize,Jammu & Kashmir,2022,7,Kharif,1600,1400,1800
Maize,Jammu & Kashmir,2022,8,Kharif,1600,1400,1900
Maize,Jammu & Kashmir,2022,9,Kharif,1550,1400,1800
Maize,Jammu & Kashmir,2023,1,Rabi,1800,1550,2150
Maize,Jammu & Kashmir,2023,2,Rabi,1800,1550,2150
Maize,Jammu & Kashmir,2023,3,Rabi,1900,1650,2100
Maize,Jammu & Kashmir,2023,6,Kharif,1850,1600,2150
Maize,Jammu & Kashmir,2023,7,Kharif,1700,1450,1950
Maize,Jammu & Kashmir,2023,8,Kharif,1700,1550,2050
Maize,Jammu & Kashmir,2023,9,Kharif,1650,1400,2000
Maize,Jharkhand,2020,1,Rabi,1300,1150,1500
Maize,Jharkhand,2020,2,Rabi,1300,1100,1550
Maize,Jharkhand,2020,3,Rabi,1250,1100,1500
Maize,Jharkhand,2020,6,Kharif,1200,1100,1450
Maize,Jharkhand,2020,7,Kharif,1250,1100,1450
Maize,Jharkhand,2020,8,Kharif,1250,1100,1450
Maize,Jharkhand,2020,9,Kharif,1350,1200,1600
Maize,Jharkhand,2021,1,Rabi,1250,1100,1400
Maize,Jharkhand,2021,2,Rabi,1200,1000,1400
Maize,Jharkhand,2021,3,Rabi,1300,1100,1550
Maize,Jharkhand,2021,6,Kharif,1350,1250,1600
Maize,Jharkhand,2021,7,Kharif,1200,1100,1350
Maize,Jharkhand,2021,8,Kharif,1400,1200,1700
Maize,Jharkhand,2021,9,Kharif,1300,1100,1500
Maize,Jharkhand,2022,1,Rabi,1450,1300,1650
Maize,Jharkhand,2022,2,Rabi,1350,1250,1550
Maize,Jharkhand,2022,3,Rabi,1300,1100,1450
Maize,Jharkhand,2022,6,Kharif,1500,1350,1750
Maize,Jharkhand,2022,7,Kharif,1350,1200,1600
Maize,Jharkhand,2022,8,Kharif,1300,1150,1600
Maize,Jharkhand,2022,9,Kharif,1300,1150,1500
Maize,Jharkhand,2023,1,Rabi,1450,1300,1700
Maize,Jharkhand,2023,2,Rabi,1350,1200,1600
Maize,Jharkhand,2023,3,Rabi,1350,1150,1550
Maize,Jharkhand,2023,6,Kharif,1350,1200,1600
Maize,Jharkhand,2023,7,Kharif,1550,1350,1750
Maize,Jharkhand,2023,8,Kharif,1450,1350,1650
Maize,Jharkhand,2023,9,Kharif,1500,1300,1650
Maize,Karnataka,2020,1,Rabi,1250,1150,1500
Maize,Karnataka,2020,2,Rabi,1350,1250,1500
Maize,Karnataka,2020,3,Rabi,1350,1250,1550
Maize,Karnataka,2020,6,Kharif,1250,1150,1450
Maize,Karnataka,2020,7,Kharif,1300,1150,1500
Maize,Karnataka,2020,8,Kharif,1250,1100,1500
Maize,Karnataka,2020,9,Kharif,1300,1100,1500
Maize,Karnataka,2021,1,Rabi,1550,1400,1900
Maize,Karnataka,2021,2,Rabi,1500,1300,1850
Maize,Karnataka,2021,3,Rabi,1350,1250,1550
Maize,Karnataka,2021,6,Kharif,1400,1200,1700
Maize,Karnataka,2021,7,Kharif,1450,1250,1650
Maize,Karnataka,2021,8,Kharif,1400,1250,1550
Maize,Karnataka,2021,9,Kharif,1500,1300,1750
Maize,Karnataka,2022,1,Rabi,1600,1400,1800
Maize,Karnataka,2022,2,Rabi,1450,1350,1700
Maize,Karnataka,2022,3,Rabi,1400,1200,1650
Maize,Karnataka,2022,6,Kharif,1550,1450,1800
Maize,Karnataka,2022,7,Kharif,1450,1350,1650
Maize,Karnataka,2022,8,Kharif,1550,1350,1850
Maize,Karnataka,2022,9,Kharif,1600,1450,1950
Maize,Karnataka,2023,1,Rabi,1600,1450,1800
Maize,Karnataka,2023,2,Rabi,1650,1500,1900
Maize,Karnataka,2023,3,Rabi,1650,1450,1950
Maize,Karnataka,2023,6,Kharif,1600,1400,1850
Maize,Karnataka,2023,7,Kharif,1450,1300,1600
Maize,Karnataka,2023,8,Kharif,1700,1550,2000
Maize,Karnataka,2023,9,Kharif,1650,1450,2000
Maize,Kerala,2020,1,Rabi,1450,1250,1650
Maize,Kerala,2020,2,Rabi,1400,1300,1600
Maize,Kerala,2020,3,Rabi,1500,1300,1750
Maize,Kerala,2020,6,Kharif,1550,1350,1800
Maize,Kerala,2020,7,Kharif,1550,1400,1750
Maize,Kerala,2020,8,Kharif,1500,1350,1700
Maize,Kerala,2020,9,Kharif,1500,1350,1800
Maize,Kerala,2021,1,Rabi,1550,1350,1850
Maize,Kerala,2021,2,Rabi,1650,1400,2000
Maize,Kerala,2021,3,Rabi,1400,1300,1650
Maize,Kerala,2021,6,Kharif,1500,1350,1750
Maize,Kerala,2021,7,Kharif,1500,1300,1750
Maize,Kerala,2021,8,Kharif,1500,1350,1800
Maize,Kerala,2021,9,Kharif,1400,1250,1600
Maize,Kerala,2022,1,Rabi,1600,1400,1950
Maize,Kerala,2022,2,Rabi,1700,1500,1900
Maize,Kerala,2022,3,Rabi,1500,1350,1850
Maize,Kerala,2022,6,Kharif,1550,1400,1750
Maize,Kerala,2022,7,Kharif,1700,1500,2050
Maize,Kerala,2022,8,Kharif,1600,1400,1850
Maize,Kerala,2022,9,Kharif,1650,1450,1950
Maize,Kerala,2023,1,Rabi,1600,1400,1850
Maize,Kerala,2023,2,Rabi,1600,1450,1850
Maize,Kerala,2023,3,Rabi,1750,1500,2000
Maize,Kerala,2023,6,Kharif,1600,1450,1800
Maize,Kerala,2023,7,Kharif,1650,1500,1900
Maize,Kerala,2023,8,Kharif,1650,1500,1950
Maize,Kerala,2023,9,Kharif,1650,1450,1950
Maize,Madhya Pradesh,2020,1,Rabi,1450,1250,1650
Maize,Madhya Pradesh,2020,2,Rabi,1450,1250,1650
Maize,Madhya Pradesh,2020,3,Rabi,1300,1200,1550
Maize,Madhya Pradesh,2020,6,Kharif,1450,1300,1700
Maize,Madhya Pradesh,2020,7,Kharif,1300,1150,1550
Maize,Madhya Pradesh,2020,8,Kharif,1450,1250,1750
Maize,Madhya Pradesh,2020,9,Kharif,1400,1250,1600
Maize,Madhya Pradesh,2021,1,Rabi,1500,1300,1750
Maize,Madhya Pradesh,2021,2,Rabi,1450,1350,1600
Maize,Madhya Pradesh,2021,3,Rabi,1350,1150,1500
Maize,Madhya Pradesh,2021,6,Kharif,1450,1250,1650
Maize,Madhya Pradesh,2021,7,Kharif,1400,1250,1550
Maize,Madhya Pradesh,2021,8,Kharif,1400,1300,1600
Maize,Madhya Pradesh,2021,9,Kharif,1350,1200,1550
Maize,Madhya Pradesh,2022,1,Rabi,1550,1400,1800
Maize,Madhya Pradesh,2022,2,Rabi,1600,1400,1850
Maize,Madhya Pradesh,2022,3,Rabi,1450,1250,1650
Maize,Madhya Pradesh,2022,6,Kharif,1450,1250,1700
Maize,Madhya Pradesh,2022,7,Kharif,1600,1350,1850
Maize,Madhya Pradesh,2022,8,Kharif,1600,1450,1850
Maize,Madhya Pradesh,2022,9,Kharif,1450,1250,1600
Maize,Madhya Pradesh,2023,1,Rabi,1550,1350,1900
Maize,Madhya Pradesh,2023,2,Rabi,1650,1500,1950
Maize,Madhya Pradesh,2023,3,Rabi,1600,1400,1850
Maize,Madhya Pradesh,2023,6,Kharif,1600,1450,1900
Maize,Madhya Pradesh,2023,7,Kharif,1600,1450,1900
Maize,Madhya Pradesh,2023,8,Kharif,1500,1350,1700
Maize,Madhya Pradesh,2023,9,Kharif,1550,1400,1850
Maize,Maharashtra,2020,1,Rabi,1500,1350,1800
Maize,Maharashtra,2020,2,Rabi,1400,1250,1650
Maize,Maharashtra,2020,3,Rabi,1500,1350,1850
Maize,Maharashtra,2020,6,Kharif,1400,1250,1650
Maize,Maharashtra,2020,7,Kharif,1350,1200,1650
Maize,Maharashtra,2020,8,Kharif,1500,1300,1800
Maize,Maharashtra,2020,9,Kharif,1450,1300,1700
Maize,Maharashtra,2021,1,Rabi,1450,1350,1600
Maize,Maharashtra,2021,2,Rabi,1550,1400,1800
Maize,Maharashtra,2021,3,Rabi,1450,1250,1750
Maize,Maharashtra,2021,6,Kharif,1400,1200,1600
Maize,Maharashtra,2021,7,Kharif,1550,1400,1850
Maize,Maharashtra,2021,8,Kharif,1400,1200,1700
Maize,Maharashtra,2021,9,Kharif,1600,1400,1950
Maize,Maharashtra,2022,1,Rabi,1450,1250,1600
Maize,Maharashtra,2022,2,Rabi,1550,1400,1800
Maize,Maharashtra,2022,3,Rabi,1650,1500,1950
Maize,Maharashtra,2022,6,Kharif,1700,1550,2000
Maize,Maharashtra,2022,7,Kharif,1600,1400,1800
Maize,Maharashtra,2022,8,Kharif,1650,1450,1900
Maize,Maharashtra,2022,9,Kharif,1500,1300,1750
Maize,Maharashtra,2023,1,Rabi,1800,1650,2050
Maize,Maharashtra,2023,2,Rabi,1600,1400,1800
Maize,Maharashtra,2023,3,Rabi,1600,1400,1800
Maize,Maharashtra,2023,6,Kharif,1700,1500,1950
Maize,Maharashtra,2023,7,Kharif,1750,1500,2050
Maize,Maharashtra,2023,8,Kharif,1750,1600,1950
Maize,Maharashtra,2023,9,Kharif,1550,1450,1750
Maize,Manipur,2020,1,Rabi,1400,1250,1650
Maize,Manipur,2020,2,Rabi,1400,1300,1600
Maize,Manipur,2020,3,Rabi,1450,1250,1750
Maize,Manipur,2020,6,Kharif,1350,1250,1500
Maize,Manipur,2020,7,Kharif,1350,1150,1500
Maize,Manipur,2020,8,Kharif,1300,1150,1500
Maize,Manipur,2020,9,Kharif,1400,1250,1700
Maize,Manipur,2021,1,Rabi,1350,1200,1550
Maize,Manipur,2021,2,Rabi,1400,1200,1600
Maize,Manipur,2021,3,Rabi,1500,1300,1800
Maize,Manipur,2021,6,Kharif,1500,1400,1650
Maize,Manipur,2021,7,Kharif,1550,1350,1800
Maize,Manipur,2021,8,Kharif,1400,1300,1650
Maize,Manipur,2021,9,Kharif,1400,1200,1600
Maize,Manipur,2022,1,Rabi,1600,1400,1950
Maize,Manipur,2022,2,Rabi,1450,1250,1750
Maize,Manipur,2022,3,Rabi,1600,1400,1900
Maize,Manipur,2022,6,Kharif,1500,1300,1700
Maize,Manipur,2022,7,Kharif,1450,1300,1650
Maize,Manipur,2022,8,Kharif,1550,1300,1750
Maize,Manipur,2022,9,Kharif,1400,1200,1550
Maize,Manipur,2023,1,Rabi,1550,1300,1750
Maize,Manipur,2023,2,Rabi,1600,1400,1850
Maize,Manipur,2023,3,Rabi,1600,1350,1900
Maize,Manipur,2023,6,Kharif,1550,1400,1800
Maize,Manipur,2023,7,Kharif,1550,1300,1750
Maize,Manipur,2023,8,Kharif,1650,1450,1900
Maize,Manipur,2023,9,Kharif,1700,1500,2000
Maize,Meghalaya,2020,1,Rabi,1350,1250,1550
Maize,Meghalaya,2020,2,Rabi,1250,1150,1500
Maize,Meghalaya,2020,3,Rabi,1300,1200,1550
Maize,Meghalaya,2020,6,Kharif,1350,1200,1600
Maize,Meghalaya,2020,7,Kharif,1450,1300,1650
Maize,Meghalaya,2020,8,Kharif,1350,1250,1650
Maize,Meghalaya,2020,9,Kharif,1400,1200,1550
Maize,Meghalaya,2021,1,Rabi,1450,1300,1750
Maize,Meghalaya,2021,2,Rabi,1400,1250,1650
Maize,Meghalaya,2021,3,Rabi,1500,1400,1700
Maize,Meghalaya,2021,6,Kharif,1350,1200,1600
Maize,Meghalaya,2021,7,Kharif,1500,1300,1750
Maize,Meghalaya,2021,8,Kharif,1350,1200,1600
Maize,Meghalaya,2021,9,Kharif,1500,1300,1700
Maize,Meghalaya,2022,1,Rabi,1450,1250,1700
Maize,Meghalaya,2022,2,Rabi,1550,1400,1900
Maize,Meghalaya,2022,3,Rabi,1550,1350,1750
Maize,Meghalaya,2022,6,Kharif,1550,1350,1750
Maize,Meghalaya,2022,7,Kharif,1550,1400,1750
Maize,Meghalaya,2022,8,Kharif,1500,1350,1700
Maize,Meghalaya,2022,9,Kharif,1400,1300,1600
Maize,Meghalaya,2023,1,Rabi,1450,1250,1650
Maize,Meghalaya,2023,2,Rabi,1600,1400,1850
Maize,Meghalaya,2023,3,Rabi,1600,1450,1950
Maize,Meghalaya,2023,6,Kharif,1500,1300,1700
Maize,Meghalaya,2023,7,Kharif,1650,1500,2000
Maize,Meghalaya,2023,8,Kharif,1600,1400,1800
Maize,Meghalaya,2023,9,Kharif,1550,1350,1800
Maize,Odisha,2020,1,Rabi,1350,1250,1550
Maize,Odisha,2020,2,Rabi,1350,1200,1550
Maize,Odisha,2020,3,Rabi,1300,1150,1500
Maize,Odisha,2020,6,Kharif,1250,1100,1500
Maize,Odisha,2020,7,Kharif,1300,1150,1600
Maize,Odisha,2020,8,Kharif,1300,1100,1500
Maize,Odisha,2020,9,Kharif,1200,1100,1450
Maize,Odisha,2021,1,Rabi,1450,1250,1650
Maize,Odisha,2021,2,Rabi,1300,1150,1500
Maize,Odisha,2021,3,Rabi,1300,1200,1550
Maize,Odisha,2021,6,Kharif,1350,1200,1650
Maize,Odisha,2021,7,Kharif,1400,1300,1650
Maize,Odisha,2021,8,Kharif,1450,1250,1750
Maize,Odisha,2021,9,Kharif,1350,1200,1600
Maize,Odisha,2022,1,Rabi,1500,1300,1800
Maize,Odisha,2022,2,Rabi,1350,1200,1500
Maize,Odisha,2022,3,Rabi,1550,1400,1750
Maize,Odisha,2022,6,Kharif,1400,1300,1600
Maize,Odisha,2022,7,Kharif,1350,1200,1650
Maize,Odisha,2022,8,Kharif,1400,1250,1650
Maize,Odisha,2022,9,Kharif,1500,1350,1650
Maize,Odisha,2023,1,Rabi,1600,1400,1950
Maize,Odisha,2023,2,Rabi,1450,1300,1650
Maize,Odisha,2023,3,Rabi,1400,1250,1700
Maize,Odisha,2023,6,Kharif,1600,1400,1900
Maize,Odisha,2023,7,Kharif,1500,1300,1800
Maize,Odisha,2023,8,Kharif,1450,1350,1700
Maize,Odisha,2023,9,Kharif,1600,1400,1900
Maize,Punjab,2020,1,Rabi,1600,1350,1850
Maize,Punjab,2020,2,Rabi,1550,1400,1800
Maize,Punjab,2020,3,Rabi,1450,1300,1750
Maize,Punjab,2020,6,Kharif,1350,1250,1500
Maize,Punjab,2020,7,Kharif,1550,1400,1900
Maize,Punjab,2020,8,Kharif,1550,1400,1800
Maize,Punjab,2020,9,Kharif,1400,1300,1700
Maize,Punjab,2021,1,Rabi,1400,1200,1650
Maize,Punjab,2021,2,Rabi,1500,1300,1800
Maize,Punjab,2021,3,Rabi,1500,1300,1750
Maize,Punjab,2021,6,Kharif,1500,1300,1750
Maize,Punjab,2021,7,Kharif,1550,1400,1700
Maize,Punjab,2021,8,Kharif,1600,1450,1800
Maize,Punjab,2021,9,Kharif,1650,1450,1950
Maize,Punjab,2022,1,Rabi,1600,1400,1950
Maize,Punjab,2022,2,Rabi,1550,1400,1750
Maize,Punjab,2022,3,Rabi,1750,1550,2100
Maize,Punjab,2022,6,Kharif,1650,1400,1850
Maize,Punjab,2022,7,Kharif,1700,1450,1900
Maize,Punjab,2022,8,Kharif,1700,1550,1950
Maize,Punjab,2022,9,Kharif,1700,1550,1950
Maize,Punjab,2023,1,Rabi,1600,1400,1900
Maize,Punjab,2023,2,Rabi,1800,1550,2100
Maize,Punjab,2023,3,Rabi,1800,1650,2200
Maize,Punjab,2023,6,Kharif,1850,1700,2100
Maize,Punjab,2023,7,Kharif,1800,1600,2050
Maize,Punjab,2023,8,Kharif,1600,1400,1800
Maize,Punjab,2023,9,Kharif,1800,1650,2150
Maize,Rajasthan,2020,1,Rabi,1450,1250,1700
Maize,Rajasthan,2020,2,Rabi,1300,1200,1550
Maize,Rajasthan,2020,3,Rabi,1350,1250,1500
Maize,Rajasthan,2020,6,Kharif,1400,1250,1650
Maize,Rajasthan,2020,7,Kharif,1350,1150,1600
Maize,Rajasthan,2020,8,Kharif,1350,1250,1550
Maize,Rajasthan,2020,9,Kharif,1400,1200,1650
Maize,Rajasthan,2021,1,Rabi,1550,1350,1800
Maize,Rajasthan,2021,2,Rabi,1400,1300,1650
Maize,Rajasthan,2021,3,Rabi,1400,1250,1650
Maize,Rajasthan,2021,6,Kharif,1500,1350,1800
Maize,Rajasthan,2021,7,Kharif,1550,1450,1900
Maize,Rajasthan,2021,8,Kharif,1450,1250,1700
Maize,Rajasthan,2021,9,Kharif,1400,1200,1650
Maize,Rajasthan,2022,1,Rabi,1450,1300,1750
Maize,Rajasthan,2022,2,Rabi,1400,1250,1600
Maize,Rajasthan,2022,3,Rabi,1500,1400,1700
Maize,Rajasthan,2022,6,Kharif,1500,1300,1800
Maize,Rajasthan,2022,7,Kharif,1600,1450,1900
Maize,Rajasthan,2022,8,Kharif,1600,1400,1800
Maize,Rajasthan,2022,9,Kharif,1600,1450,1900
Maize,Rajasthan,2023,1,Rabi,1650,1500,1950
Maize,Rajasthan,2023,2,Rabi,1700,1450,2000
Maize,Rajasthan,2023,3,Rabi,1500,1400,1700
Maize,Rajasthan,2023,6,Kharif,1600,1400,1850
Maize,Rajasthan,2023,7,Kharif,1650,1500,1950
Maize,Rajasthan,2023,8,Kharif,1550,1400,1800
Maize,Rajasthan,2023,9,Kharif,1650,1500,2000
Maize,Tamil Nadu,2020,1,Rabi,1500,1350,1750
Maize,Tamil Nadu,2020,2,Rabi,1450,1350,1600
Maize,Tamil Nadu,2020,3,Rabi,1450,1350,1650
Maize,Tamil Nadu,2020,6,Kharif,1500,1350,1750
Maize,Tamil Nadu,2020,7,Kharif,1450,1300,1700
Maize,Tamil Nadu,2020,8,Kharif,1500,1300,1850
Maize,Tamil Nadu,2020,9,Kharif,1450,1250,1650
Maize,Tamil Nadu,2021,1,Rabi,1450,1350,1700
Maize,Tamil Nadu,2021,2,Rabi,1550,1350,1850
Maize,Tamil Nadu,2021,3,Rabi,1600,1400,1800
Maize,Tamil Nadu,2021,6,Kharif,1500,1300,1750
Maize,Tamil Nadu,2021,7,Kharif,1450,1350,1650
Maize,Tamil Nadu,2021,8,Kharif,1600,1450,1900
Maize,Tamil Nadu,2021,9,Kharif,1450,1300,1700
Maize,Tamil Nadu,2022,1,Rabi,1700,1550,1900
Maize,Tamil Nadu,2022,2,Rabi,1700,1550,1900
Maize,Tamil Nadu,2022,3,Rabi,1650,1500,1950
Maize,Tamil Nadu,2022,6,Kharif,1700,1550,2050
Maize,Tamil Nadu,2022,7,Kharif,1550,1400,1750
Maize,Tamil Nadu,2022,8,Kharif,1550,1350,1800
Maize,Tamil Nadu,2022,9,Kharif,1500,1300,1800
Maize,Tamil Nadu,2023,1,Rabi,1750,1550,2000
Maize,Tamil Nadu,2023,2,Rabi,1800,1600,2100
Maize,Tamil Nadu,2023,3,Rabi,1700,1550,2050
Maize,Tamil Nadu,2023,6,Kharif,1600,1400,1850
Maize,Tamil Nadu,2023,7,Kharif,1650,1450,1950
Maize,Tamil Nadu,2023,8,Kharif,1550,1350,1750
Maize,Tamil Nadu,2023,9,Kharif,1650,1500,1950
Maize,Telangana,2020,1,Rabi,1300,1150,1550
Maize,Telangana,2020,2,Rabi,1350,1200,1500
Maize,Telangana,2020,3,Rabi,1350,1200,1550
Maize,Telangana,2020,6,Kharif,1450,1300,1650
Maize,Telangana,2020,7,Kharif,1300,1100,1600
Maize,Telangana,2020,8,Kharif,1450,1250,1750
Maize,Telangana,2020,9,Kharif,1400,1250,1700
Maize,Telangana,2021,1,Rabi,1450,1250,1750
Maize,Telangana,2021,2,Rabi,1450,1350,1750
Maize,Telangana,2021,3,Rabi,1500,1350,1700
Maize,Telangana,2021,6,Kharif,1450,1300,1750
Maize,Telangana,2021,7,Kharif,1400,1250,1700
Maize,Telangana,2021,8,Kharif,1500,1400,1700
Maize,Telangana,2021,9,Kharif,1450,1300,1700
Maize,Telangana,2022,1,Rabi,1600,1400,1850
Maize,Telangana,2022,2,Rabi,1600,1400,1800
Maize,Telangana,2022,3,Rabi,1600,1500,1800
Maize,Telangana,2022,6,Kharif,1550,1350,1800
Maize,Telangana,2022,7,Kharif,1500,1300,1700
Maize,Telangana,2022,8,Kharif,1550,1400,1800
Maize,Telangana,2022,9,Kharif,1600,1400,1800
Maize,Telangana,2023,1,Rabi,1700,1450,2000
Maize,Telangana,2023,2,Rabi,1550,1350,1900
Maize,Telangana,2023,3,Rabi,1500,1300,1700
Maize,Telangana,2023,6,Kharif,1650,1500,1850
Maize,Telangana,2023,7,Kharif,1550,1400,1750
Maize,Telangana,2023,8,Kharif,1650,1400,1900
Maize,Telangana,2023,9,Kharif,1700,1450,1950
Maize,Tripura,2020,1,Rabi,1200,1100,1400
Maize,Tripura,2020,2,Rabi,1200,1100,1350
Maize,Tripura,2020,3,Rabi,1200,1050,1400
Maize,Tripura,2020,6,Kharif,1250,1100,1450
Maize,Tripura,2020,7,Kharif,1350,1200,1550
Maize,Tripura,2020,8,Kharif,1200,1100,1350
Maize,Tripura,2020,9,Kharif,1350,1150,1600
Maize,Tripura,2021,1,Rabi,1300,1200,1500
Maize,Tripura,2021,2,Rabi,1300,1150,1450
Maize,Tripura,2021,3,Rabi,1250,1100,1450
Maize,Tripura,2021,6,Kharif,1300,1200,1450
Maize,Tripura,2021,7,Kharif,1400,1250,1700
Maize,Tripura,2021,8,Kharif,1400,1250,1700
Maize,Tripura,2021,9,Kharif,1300,1150,1450
Maize,Tripura,2022,1,Rabi,1350,1250,1600
Maize,Tripura,2022,2,Rabi,1350,1250,1550
Maize,Tripura,2022,3,Rabi,1350,1150,1650
Maize,Tripura,2022,6,Kharif,1400,1250,1550
Maize,Tripura,2022,7,Kharif,1350,1200,1600
Maize,Tripura,2022,8,Kharif,1450,1300,1650
Maize,Tripura,2022,9,Kharif,1350,1200,1600
Maize,Tripura,2023,1,Rabi,1400,1250,1700
Maize,Tripura,2023,2,Rabi,1400,1300,1600
Maize,Tripura,2023,3,Rabi,1600,1400,1950
Maize,Tripura,2023,6,Kharif,1500,1400,1700
Maize,Tripura,2023,7,Kharif,1450,1300,1700
Maize,Tripura,2023,8,Kharif,1550,1400,1750
Maize,Tripura,2023,9,Kharif,1500,1300,1700
Maize,Uttar Pradesh,2020,1,Rabi,1200,1050,1450
Maize,Uttar Pradesh,2020,2,Rabi,1400,1250,1700
Maize,Uttar Pradesh,2020,3,Rabi,1350,1250,1600
Maize,Uttar Pradesh,2020,6,Kharif,1300,1150,1550
Maize,Uttar Pradesh,2020,7,Kharif,1350,1150,1600
Maize,Uttar Pradesh,2020,8,Kharif,1300,1150,1450
Maize,Uttar Pradesh,2020,9,Kharif,1350,1150,1550
Maize,Uttar Pradesh,2021,1,Rabi,1350,1200,1550
Maize,Uttar Pradesh,2021,2,Rabi,1350,1200,1500
Maize,Uttar Pradesh,2021,3,Rabi,1400,1250,1550
Maize,Uttar Pradesh,2021,6,Kharif,1300,1150,1450
Maize,Uttar Pradesh,2021,7,Kharif,1450,1300,1650
Maize,Uttar Pradesh,2021,8,Kharif,1350,1250,1600
Maize,Uttar Pradesh,2021,9,Kharif,1400,1250,1650
Maize,Uttar Pradesh,2022,1,Rabi,1400,1250,1650
Maize,Uttar Pradesh,2022,2,Rabi,1550,1400,1800
Maize,Uttar Pradesh,2022,3,Rabi,1500,1350,1650
Maize,Uttar Pradesh,2022,6,Kharif,1500,1300,1700
Maize,Uttar Pradesh,2022,7,Kharif,1550,1400,1750
Maize,Uttar Pradesh,2022,8,Kharif,1450,1350,1650
Maize,Uttar Pradesh,2022,9,Kharif,1350,1200,1600
Maize,Uttar Pradesh,2023,1,Rabi,1500,1300,1750
Maize,Uttar Pradesh,2023,2,Rabi,1450,1250,1650
Maize,Uttar Pradesh,2023,3,Rabi,1650,1450,1900
Maize,Uttar Pradesh,2023,6,Kharif,1450,1250,1600
Maize,Uttar Pradesh,2023,7,Kharif,1500,1350,1700
Maize,Uttar Pradesh,2023,8,Kharif,1450,1250,1750
Maize,Uttar Pradesh,2023,9,Kharif,1450,1250,1650
Maize,Uttarakhand,2020,1,Rabi,1300,1200,1500
Maize,Uttarakhand,2020,2,Rabi,1450,1300,1750
Maize,Uttarakhand,2020,3,Rabi,1250,1050,1450
Maize,Uttarakhand,2020,6,Kharif,1350,1150,1500
Maize,Uttarakhand,2020,7,Kharif,1300,1100,1450
Maize,Uttarakhand,2020,8,Kharif,1400,1250,1700
Maize,Uttarakhand,2020,9,Kharif,1450,1350,1650
Maize,Uttarakhand,2021,1,Rabi,1450,1250,1750
Maize,Uttarakhand,2021,2,Rabi,1550,1300,1850
Maize,Uttarakhand,2021,3,Rabi,1450,1300,1700
Maize,Uttarakhand,2021,6,Kharif,1450,1250,1700
Maize,Uttarakhand,2021,7,Kharif,1450,1250,1700
Maize,Uttarakhand,2021,8,Kharif,1350,1200,1500
Maize,Uttarakhand,2021,9,Kharif,1350,1200,1600
Maize,Uttarakhand,2022,1,Rabi,1500,1300,1800
Maize,Uttarakhand,2022,2,Rabi,1550,1400,1800
Maize,Uttarakhand,2022,3,Rabi,1500,1400,1700
Maize,Uttarakhand,2022,6,Kharif,1600,1450,1900
Maize,Uttarakhand,2022,7,Kharif,1650,1450,1850
Maize,Uttarakhand,2022,8,Kharif,1600,1400,1950
Maize,Uttarakhand,2022,9,Kharif,1600,1450,1950
Maize,Uttarakhand,2023,1,Rabi,1550,1350,1850
Maize,Uttarakhand,2023,2,Rabi,1550,1400,1750
Maize,Uttarakhand,2023,3,Rabi,1700,1450,2050
Maize,Uttarakhand,2023,6,Kharif,1700,1550,2050
Maize,Uttarakhand,2023,7,Kharif,1550,1400,1750
Maize,Uttarakhand,2023,8,Kharif,1600,1400,1850
Maize,Uttarakhand,2023,9,Kharif,1650,1500,1850
Maize,West Bengal,2020,1,Rabi,1450,1250,1700
Maize,West Bengal,2020,2,Rabi,1350,1200,1600
Maize,West Bengal,2020,3,Rabi,1300,1150,1500
Maize,West Bengal,2020,6,Kharif,1250,1150,1450
Maize,West Bengal,2020,7,Kharif,1400,1250,1700
Maize,West Bengal,2020,8,Kharif,1300,1100,1600
Maize,West Bengal,2020,9,Kharif,1400,1200,1650
Maize,West Bengal,2021,1,Rabi,1400,1250,1650
Maize,West Bengal,2021,2,Rabi,1300,1100,1550
Maize,West Bengal,2021,3,Rabi,1500,1350,1800
Maize,West Bengal,2021,6,Kharif,1350,1150,1600
Maize,West Bengal,2021,7,Kharif,1300,1150,1500
Maize,West Bengal,2021,8,Kharif,1300,1150,1500
Maize,West Bengal,2021,9,Kharif,1450,1300,1650
Maize,West Bengal,2022,1,Rabi,1550,1400,1800
Maize,West Bengal,2022,2,Rabi,1550,1400,1800
Maize,West Bengal,2022,3,Rabi,1550,1350,1750
Maize,West Bengal,2022,6,Kharif,1550,1400,1850
Maize,West Bengal,2022,7,Kharif,1350,1150,1550
Maize,West Bengal,2022,8,Kharif,1400,1250,1700
Maize,West Bengal,2022,9,Kharif,1500,1300,1700
Maize,West Bengal,2023,1,Rabi,1600,1450,1850
Maize,West Bengal,2023,2,Rabi,1500,1350,1700
Maize,West Bengal,2023,3,Rabi,1600,1450,1800
Maize,West Bengal,2023,6,Kharif,1600,1400,1850
Maize,West Bengal,2023,7,Kharif,1500,1300,1800
Maize,West Bengal,2023,8,Kharif,1650,1500,1950
Maize,West Bengal,2023,9,Kharif,1650,1500,1850
Moong Dal,Andhra Pradesh,2020,4,Zaid,7100,6700,7550
Moong Dal,Andhra Pradesh,2020,5,Zaid,7150,6900,7600
Moong Dal,Andhra Pradesh,2020,6,Zaid,7100,6700,7700
Moong Dal,Andhra Pradesh,2020,8,Kharif,7100,6750,7750
Moong Dal,Andhra Pradesh,2020,9,Kharif,6250,5900,6650
Moong Dal,Andhra Pradesh,2020,10,Kharif,6300,5950,6800
Moong Dal,Andhra Pradesh,2021,4,Zaid,7200,6950,7900
Moong Dal,Andhra Pradesh,2021,5,Zaid,7450,7050,8000
Moong Dal,Andhra Pradesh,2021,6,Zaid,6800,6450,7350
Moong Dal,Andhra Pradesh,2021,8,Kharif,7150,6850,7500
Moong Dal,Andhra Pradesh,2021,9,Kharif,6550,6150,6950
Moong Dal,Andhra Pradesh,2021,10,Kharif,7200,6850,7750
Moong Dal,Andhra Pradesh,2022,4,Zaid,7650,7300,8250
Moong Dal,Andhra Pradesh,2022,5,Zaid,7700,7250,8400
Moong Dal,Andhra Pradesh,2022,6,Zaid,7650,7250,8050
Moong Dal,Andhra Pradesh,2022,8,Kharif,6850,6550,7250
Moong Dal,Andhra Pradesh,2022,9,Kharif,6950,6700,7400
Moong Dal,Andhra Pradesh,2022,10,Kharif,7150,6900,7750
Moong Dal,Andhra Pradesh,2023,4,Zaid,7450,7000,8100
Moong Dal,Andhra Pradesh,2023,5,Zaid,8000,7650,8650
Moong Dal,Andhra Pradesh,2023,6,Zaid,7900,7450,8350
Moong Dal,Andhra Pradesh,2023,8,Kharif,8050,7650,8600
Moong Dal,Andhra Pradesh,2023,9,Kharif,7650,7400,8100
Moong Dal,Andhra Pradesh,2023,10,Kharif,7900,7500,8550
Moong Dal,Assam,2020,4,Zaid,6100,5800,6700
Moong Dal,Assam,2020,5,Zaid,6150,5950,6650
Moong Dal,Assam,2020,6,Zaid,6400,6150,6800
Moong Dal,Assam,2020,8,Kharif,6250,5950,6700
Moong Dal,Assam,2020,9,Kharif,5950,5500,6400
Moong Dal,Assam,2020,10,Kharif,6450,6200,6950
Moong Dal,Assam,2021,4,Zaid,7100,6700,7700
Moong Dal,Assam,2021,5,Zaid,7200,7000,7800
Moong Dal,Assam,2021,6,Zaid,6600,6300,7150
Moong Dal,Assam,2021,8,Kharif,7250,6850,7900
Moong Dal,Assam,2021,9,Kharif,6700,6450,7350
Moong Dal,Assam,2021,10,Kharif,6350,6150,6750
Moong Dal,Assam,2022,4,Zaid,6650,6350,7200
Moong Dal,Assam,2022,5,Zaid,7500,7150,8000
Moong Dal,Assam,2022,6,Zaid,6900,6700,7250
Moong Dal,Assam,2022,8,Kharif,7300,7050,7700
Moong Dal,Assam,2022,9,Kharif,7100,6750,7800
Moong Dal,Assam,2022,10,Kharif,6750,6500,7200
Moong Dal,Assam,2023,4,Zaid,7900,7450,8450
Moong Dal,Assam,2023,5,Zaid,7250,6950,7700
Moong Dal,Assam,2023,6,Zaid,7700,7300,8250
Moong Dal,Assam,2023,8,Kharif,7500,7050,8200
Moong Dal,Assam,2023,9,Kharif,7500,7250,7900
Moong Dal,Assam,2023,10,Kharif,6950,6550,7600
Moong Dal,Bihar,2020,4,Zaid,6450,6100,6800
Moong Dal,Bihar,2020,5,Zaid,6100,5750,6500
Moong Dal,Bihar,2020,6,Zaid,6200,6000,6700
Moong Dal,Bihar,2020,8,Kharif,6200,5950,6650
Moong Dal,Bihar,2020,9,Kharif,6550,6250,7050
Moong Dal,Bihar,2020,10,Kharif,6300,5950,6650
Moong Dal,Bihar,2021,4,Zaid,7050,6650,7450
Moong Dal,Bihar,2021,5,Zaid,6350,6100,6950
Moong Dal,Bihar,2021,6,Zaid,6150,5900,6550
Moong Dal,Bihar,2021,8,Kharif,6200,5900,6600
Moong Dal,Bihar,2021,9,Kharif,7150,6750,7750
Moong Dal,Bihar,2021,10,Kharif,6800,6400,7150
Moong Dal,Bihar,2022,4,Zaid,7550,7200,8050
Moong Dal,Bihar,2022,5,Zaid,7000,6700,7500
Moong Dal,Bihar,2022,6,Zaid,7350,6950,7800
Moong Dal,Bihar,2022,8,Kharif,6850,6500,7400
Moong Dal,Bihar,2022,9,Kharif,7500,7100,8100
Moong Dal,Bihar,2022,10,Kharif,7450,7200,8050
Moong Dal,Bihar,2023,4,Zaid,7800,7550,8450
Moong Dal,Bihar,2023,5,Zaid,7400,7050,7850
Moong Dal,Bihar,2023,6,Zaid,6950,6550,7500
Moong Dal,Bihar,2023,8,Kharif,7000,6650,7400
Moong Dal,Bihar,2023,9,Kharif,7450,7200,7950
Moong Dal,Bihar,2023,10,Kharif,7600,7250,8250
Moong Dal,Chhattisgarh,2020,4,Zaid,6250,6050,6750
Moong Dal,Chhattisgarh,2020,5,Zaid,6700,6450,7300
Moong Dal,Chhattisgarh,2020,6,Zaid,5950,5500,6700
Moong Dal,Chhattisgarh,2020,8,Kharif,6550,6350,7200
Moong Dal,Chhattisgarh,2020,9,Kharif,6500,6150,6850
Moong Dal,Chhattisgarh,2020,10,Kharif,5950,5500,6750
Moong Dal,Chhattisgarh,2021,4,Zaid,6600,6250,7150
Moong Dal,Chhattisgarh,2021,5,Zaid,6350,6100,6850
Moong Dal,Chhattisgarh,2021,6,Zaid,6300,6000,6900
Moong Dal,Chhattisgarh,2021,8,Kharif,6850,6500,7350
Moong Dal,Chhattisgarh,2021,9,Kharif,6150,5950,6450
Moong Dal,Chhattisgarh,2021,10,Kharif,6300,5950,6900
Moong Dal,Chhattisgarh,2022,4,Zaid,6450,6100,7000
Moong Dal,Chhattisgarh,2022,5,Zaid,6400,6050,6850
Moong Dal,Chhattisgarh,2022,6,Zaid,6850,6550,7200
Moong Dal,Chhattisgarh,2022,8,Kharif,7500,7200,8100
Moong Dal,Chhattisgarh,2022,9,Kharif,6900,6600,7400
Moong Dal,Chhattisgarh,2022,10,Kharif,6400,6150,6950
Moong Dal,Chhattisgarh,2023,4,Zaid,7350,6950,7800
Moong Dal,Chhattisgarh,2023,5,Zaid,7450,7050,7900
Moong Dal,Chhattisgarh,2023,6,Zaid,7050,6650,7450
Moong Dal,Chhattisgarh,2023,8,Kharif,7400,7150,7750
Moong Dal,Chhattisgarh,2023,9,Kharif,7250,6850,7750
Moong Dal,Chhattisgarh,2023,10,Kharif,6850,6500,7450
Moong Dal,Goa,2020,4,Zaid,7050,6800,7550
Moong Dal,Goa,2020,5,Zaid,7650,7200,8250
Moong Dal,Goa,2020,6,Zaid,7050,6750,7500
Moong Dal,Goa,2020,8,Kharif,7750,7450,8350
Moong Dal,Goa,2020,9,Kharif,7100,6750,7550
Moong Dal,Goa,2020,10,Kharif,8000,7600,8750
Moong Dal,Goa,2021,4,Zaid,7950,7550,8450
Moong Dal,Goa,2021,5,Zaid,7450,7050,8150
Moong Dal,Goa,2021,6,Zaid,8450,8200,8900
Moong Dal,Goa,2021,8,Kharif,7850,7400,8650
Moong Dal,Goa,2021,9,Kharif,7450,7050,7900
Moong Dal,Goa,2021,10,Kharif,8500,8100,9200
Moong Dal,Goa,2022,4,Zaid,8500,8000,9300
Moong Dal,Goa,2022,5,Zaid,7850,7550,8300
Moong Dal,Goa,2022,6,Zaid,8750,8300,9350
Moong Dal,Goa,2022,8,Kharif,7850,7450,8300
Moong Dal,Goa,2022,9,Kharif,7750,7300,8200
Moong Dal,Goa,2022,10,Kharif,8700,8200,9500
Moong Dal,Goa,2023,4,Zaid,9450,9150,10150
Moong Dal,Goa,2023,5,Zaid,8850,8350,9750
Moong Dal,Goa,2023,6,Zaid,8400,8150,8900
Moong Dal,Goa,2023,8,Kharif,8600,8100,9400
Moong Dal,Goa,2023,9,Kharif,8100,7850,8600
Moong Dal,Goa,2023,10,Kharif,9200,8750,9650
Moong Dal,Gujarat,2020,4,Zaid,6600,6300,7000
Moong Dal,Gujarat,2020,5,Zaid,6600,6300,7100
Moong Dal,Gujarat,2020,6,Zaid,6700,6450,7350
Moong Dal,Gujarat,2020,8,Kharif,6650,6300,7050
Moong Dal,Gujarat,2020,9,Kharif,6550,6300,6900
Moong Dal,Gujarat,2020,10,Kharif,6700,6350,7250
Moong Dal,Gujarat,2021,4,Zaid,7150,6900,7750
Moong Dal,Gujarat,2021,5,Zaid,7400,7000,8000
Moong Dal,Gujarat,2021,6,Zaid,6750,6450,7350
Moong Dal,Gujarat,2021,8,Kharif,7450,7100,8050
Moong Dal,Gujarat,2021,9,Kharif,6650,6400,7300
Moong Dal,Gujarat,2021,10,Kharif,7400,6950,8050
Moong Dal,Gujarat,2022,4,Zaid,7350,6950,7950
Moong Dal,Gujarat,2022,5,Zaid,7950,7700,8450
Moong Dal,Gujarat,2022,6,Zaid,7500,7100,8050
Moong Dal,Gujarat,2022,8,Kharif,7500,7150,8150
Moong Dal,Gujarat,2022,9,Kharif,6950,6600,7550
Moong Dal,Gujarat,2022,10,Kharif,7150,6800,7800
Moong Dal,Gujarat,2023,4,Zaid,7900,7600,8500
Moong Dal,Gujarat,2023,5,Zaid,8400,8050,9200
Moong Dal,Gujarat,2023,6,Zaid,8300,7900,8750
Moong Dal,Gujarat,2023,8,Kharif,7850,7500,8400
Moong Dal,Gujarat,2023,9,Kharif,7500,7100,8250
Moong Dal,Gujarat,2023,10,Kharif,8200,7850,8800
Moong Dal,Haryana,2020,4,Zaid,7050,6850,7450
Moong Dal,Haryana,2020,5,Zaid,7100,6750,7750
Moong Dal,Haryana,2020,6,Zaid,6800,6500,7350
Moong Dal,Haryana,2020,8,Kharif,6800,6450,7150
Moong Dal,Haryana,2020,9,Kharif,6800,6600,7400
Moong Dal,Haryana,2020,10,Kharif,7500,7250,7950
Moong Dal,Haryana,2021,4,Zaid,7450,7200,8150
Moong Dal,Haryana,2021,5,Zaid,7600,7250,8000
Moong Dal,Haryana,2021,6,Zaid,6950,6550,7550
Moong Dal,Haryana,2021,8,Kharif,6950,6600,7600
Moong Dal,Haryana,2021,9,Kharif,7550,7200,8000
Moong Dal,Haryana,2021,10,Kharif,7400,6950,7800
Moong Dal,Haryana,2022,4,Zaid,8300,7800,8900
Moong Dal,Haryana,2022,5,Zaid,7350,6950,8000
Moong Dal,Haryana,2022,6,Zaid,7550,7100,8000
Moong Dal,Haryana,2022,8,Kharif,7900,7450,8300
Moong Dal,Haryana,2022,9,Kharif,7500,7200,8150
Moong Dal,Haryana,2022,10,Kharif,8300,7950,8950
Moong Dal,Haryana,2023,4,Zaid,8750,8450,9450
Moong Dal,Haryana,2023,5,Zaid,8050,7650,8700
Moong Dal,Haryana,2023,6,Zaid,8450,8050,9150
Moong Dal,Haryana,2023,8,Kharif,8500,8150,9300
Moong Dal,Haryana,2023,9,Kharif,8700,8200,9500
Moong Dal,Haryana,2023,10,Kharif,8550,8250,9050
Moong Dal,Himachal Pradesh,2020,4,Zaid,7300,7000,7900
Moong Dal,Himachal Pradesh,2020,5,Zaid,6950,6700,7450
Moong Dal,Himachal Pradesh,2020,6,Zaid,7250,6950,7700
Moong Dal,Himachal Pradesh,2020,8,Kharif,6700,6500,7350
Moong Dal,Himachal Pradesh,2020,9,Kharif,6900,6500,7350
Moong Dal,Himachal Pradesh,2020,10,Kharif,6900,6600,7550
Moong Dal,Himachal Pradesh,2021,4,Zaid,6850,6600,7350
Moong Dal,Himachal Pradesh,2021,5,Zaid,7800,7450,8250
Moong Dal,Himachal Pradesh,2021,6,Zaid,7950,7600,8550
Moong Dal,Himachal Pradesh,2021,8,Kharif,7600,7350,8150
Moong Dal,Himachal Pradesh,2021,9,Kharif,7750,7450,8150
Moong Dal,Himachal Pradesh,2021,10,Kharif,6900,6500,7300
Moong Dal,Himachal Pradesh,2022,4,Zaid,8050,7600,8450
Moong Dal,Himachal Pradesh,2022,5,Zaid,7750,7500,8250
Moong Dal,Himachal Pradesh,2022,6,Zaid,8100,7750,8650
Moong Dal,Himachal Pradesh,2022,8,Kharif,7500,7200,8000
Moong Dal,Himachal Pradesh,2022,9,Kharif,7200,6950,7600
Moong Dal,Himachal Pradesh,2022,10,Kharif,7550,7300,8250
Moong Dal,Himachal Pradesh,2023,4,Zaid,8750,8350,9200
Moong Dal,Himachal Pradesh,2023,5,Zaid,8850,8550,9550
Moong Dal,Himachal Pradesh,2023,6,Zaid,8350,7900,9050
Moong Dal,Himachal Pradesh,2023,8,Kharif,7650,7250,8100
Moong Dal,Himachal Pradesh,2023,9,Kharif,7600,7250,8000
Moong Dal,Himachal Pradesh,2023,10,Kharif,8800,8350,9350
Moong Dal,Jammu & Kashmir,2020,4,Zaid,7650,7200,8350
Moong Dal,Jammu & Kashmir,2020,5,Zaid,6800,6550,7200
Moong Dal,Jammu & Kashmir,2020,6,Zaid,7650,7350,8400
Moong Dal,Jammu & Kashmir,2020,8,Kharif,6650,6300,7250
Moong Dal,Jammu & Kashmir,2020,9,Kharif,7000,6650,7500
Moong Dal,Jammu & Kashmir,2020,10,Kharif,7150,6800,7850
Moong Dal,Jammu & Kashmir,2021,4,Zaid,7700,7350,8100
Moong Dal,Jammu & Kashmir,2021,5,Zaid,7000,6600,7400
Moong Dal,Jammu & Kashmir,2021,6,Zaid,7300,6950,7750
Moong Dal,Jammu & Kashmir,2021,8,Kharif,7900,7450,8650
Moong Dal,Jammu & Kashmir,2021,9,Kharif,7350,7100,7900
Moong Dal,Jammu & Kashmir,2021,10,Kharif,7450,7100,7900
Moong Dal,Jammu & Kashmir,2022,4,Zaid,7350,6950,7800
Moong Dal,Jammu & Kashmir,2022,5,Zaid,8550,8100,9300
Moong Dal,Jammu & Kashmir,2022,6,Zaid,8000,7550,8750
Moong Dal,Jammu & Kashmir,2022,8,Kharif,8550,8250,9150
Moong Dal,Jammu & Kashmir,2022,9,Kharif,7750,7400,8250
Moong Dal,Jammu & Kashmir,2022,10,Kharif,7700,7350,8450
Moong Dal,Jammu & Kashmir,2023,4,Zaid,7700,7300,8300
Moong Dal,Jammu & Kashmir,2023,5,Zaid,8700,8300,9400
Moong Dal,Jammu & Kashmir,2023,6,Zaid,8750,8300,9250
Moong Dal,Jammu & Kashmir,2023,8,Kharif,8650,8400,9350
Moong Dal,Jammu & Kashmir,2023,9,Kharif,8450,8150,8900
Moong Dal,Jammu & Kashmir,2023,10,Kharif,8000,7700,8750
Moong Dal,Jharkhand,2020,4,Zaid,6350,6000,6950
Moong Dal,Jharkhand,2020,5,Zaid,6500,6200,6900
Moong Dal,Jharkhand,2020,6,Zaid,6250,5900,6600
Moong Dal,Jharkhand,2020,8,Kharif,6400,6100,6700
Moong Dal,Jharkhand,2020,9,Kharif,6350,6000,6700
Moong Dal,Jharkhand,2020,10,Kharif,6300,6100,6850
Moong Dal,Jharkhand,2021,4,Zaid,6650,6300,7150
Moong Dal,Jharkhand,2021,5,Zaid,6500,6100,6850
Moong Dal,Jharkhand,2021,6,Zaid,7200,6950,7800
Moong Dal,Jharkhand,2021,8,Kharif,7250,7000,7900
Moong Dal,Jharkhand,2021,9,Kharif,7100,6700,7650
Moong Dal,Jharkhand,2021,10,Kharif,7100,6850,7750
Moong Dal,Jharkhand,2022,4,Zaid,6750,6450,7300
Moong Dal,Jharkhand,2022,5,Zaid,6800,6450,7400
Moong Dal,Jharkhand,2022,6,Zaid,7600,7300,8350
Moong Dal,Jharkhand,2022,8,Kharif,7450,7000,7850
Moong Dal,Jharkhand,2022,9,Kharif,6650,6350,7300
Moong Dal,Jharkhand,2022,10,Kharif,6750,6550,7400
Moong Dal,Jharkhand,2023,4,Zaid,7450,7150,7900
Moong Dal,Jharkhand,2023,5,Zaid,7550,7150,8000
Moong Dal,Jharkhand,2023,6,Zaid,7950,7600,8750
Moong Dal,Jharkhand,2023,8,Kharif,7400,7000,7750
Moong Dal,Jharkhand,2023,9,Kharif,7550,7250,8200
Moong Dal,Jharkhand,2023,10,Kharif,7350,7000,7800
Moong Dal,Karnataka,2020,4,Zaid,6450,6100,6800
Moong Dal,Karnataka,2020,5,Zaid,6550,6350,6950
Moong Dal,Karnataka,2020,6,Zaid,6200,5850,6550
Moong Dal,Karnataka,2020,8,Kharif,6600,6250,7000
Moong Dal,Karnataka,2020,9,Kharif,6400,6050,6850
Moong Dal,Karnataka,2020,10,Kharif,6850,6600,7500
Moong Dal,Karnataka,2021,4,Zaid,6550,6250,6900
Moong Dal,Karnataka,2021,5,Zaid,6750,6450,7100
Moong Dal,Karnataka,2021,6,Zaid,6750,6450,7150
Moong Dal,Karnataka,2021,8,Kharif,7500,7200,8050
Moong Dal,Karnataka,2021,9,Kharif,6900,6500,7400
Moong Dal,Karnataka,2021,10,Kharif,6700,6350,7150
Moong Dal,Karnataka,2022,4,Zaid,6900,6700,7450
Moong Dal,Karnataka,2022,5,Zaid,7750,7350,8250
Moong Dal,Karnataka,2022,6,Zaid,7450,7050,8050
Moong Dal,Karnataka,2022,8,Kharif,7650,7200,8100
Moong Dal,Karnataka,2022,9,Kharif,7000,6650,7600
Moong Dal,Karnataka,2022,10,Kharif,7800,7400,8350
Moong Dal,Karnataka,2023,4,Zaid,7900,7450,8450
Moong Dal,Karnataka,2023,5,Zaid,7600,7200,8300
Moong Dal,Karnataka,2023,6,Zaid,7700,7250,8450
Moong Dal,Karnataka,2023,8,Kharif,7650,7200,8100
Moong Dal,Karnataka,2023,9,Kharif,7500,7250,8250
Moong Dal,Karnataka,2023,10,Kharif,7850,7400,8250
Moong Dal,Kerala,2020,4,Zaid,6900,6550,7350
Moong Dal,Kerala,2020,5,Zaid,6950,6600,7300
Moong Dal,Kerala,2020,6,Zaid,7700,7350,8400
Moong Dal,Kerala,2020,8,Kharif,7200,6900,7900
Moong Dal,Kerala,2020,9,Kharif,7100,6800,7550
Moong Dal,Kerala,2020,10,Kharif,7600,7150,8150
Moong Dal,Kerala,2021,4,Zaid,7200,6950,7550
Moong Dal,Kerala,2021,5,Zaid,8050,7800,8550
Moong Dal,Kerala,2021,6,Zaid,7750,7500,8450
Moong Dal,Kerala,2021,8,Kharif,7200,6950,7700
Moong Dal,Kerala,2021,9,Kharif,7400,7050,8050
Moong Dal,Kerala,2021,10,Kharif,7600,7150,8000
Moong Dal,Kerala,2022,4,Zaid,7800,7500,8550
Moong Dal,Kerala,2022,5,Zaid,8450,8150,8950
Moong Dal,Kerala,2022,6,Zaid,7550,7200,8000
Moong Dal,Kerala,2022,8,Kharif,8200,7900,8750
Moong Dal,Kerala,2022,9,Kharif,7900,7450,8300
Moong Dal,Kerala,2022,10,Kharif,7900,7550,8600
Moong Dal,Kerala,2023,4,Zaid,9000,8500,9650
Moong Dal,Kerala,2023,5,Zaid,8450,8000,9150
Moong Dal,Kerala,2023,6,Zaid,9000,8700,9900
Moong Dal,Kerala,2023,8,Kharif,8600,8150,9050
Moong Dal,Kerala,2023,9,Kharif,8050,7600,8700
Moong Dal,Kerala,2023,10,Kharif,8950,8500,9450
Moong Dal,Madhya Pradesh,2020,4,Zaid,6350,6000,6900
Moong Dal,Madhya Pradesh,2020,5,Zaid,6600,6350,7150
Moong Dal,Madhya Pradesh,2020,6,Zaid,6750,6500,7350
Moong Dal,Madhya Pradesh,2020,8,Kharif,6750,6400,7350
Moong Dal,Madhya Pradesh,2020,9,Kharif,6500,6200,6950
Moong Dal,Madhya Pradesh,2020,10,Kharif,6500,6250,6900
Moong Dal,Madhya Pradesh,2021,4,Zaid,6900,6550,7450
Moong Dal,Madhya Pradesh,2021,5,Zaid,6750,6450,7100
Moong Dal,Madhya Pradesh,2021,6,Zaid,6800,6500,7400
Moong Dal,Madhya Pradesh,2021,8,Kharif,7050,6850,7700
Moong Dal,Madhya Pradesh,2021,9,Kharif,6450,6200,6850
Moong Dal,Madhya Pradesh,2021,10,Kharif,6550,6150,6900
Moong Dal,Madhya Pradesh,2022,4,Zaid,6950,6700,7500
Moong Dal,Madhya Pradesh,2022,5,Zaid,7300,7050,7900
Moong Dal,Madhya Pradesh,2022,6,Zaid,7650,7350,8150
Moong Dal,Madhya Pradesh,2022,8,Kharif,6800,6550,7400
Moong Dal,Madhya Pradesh,2022,9,Kharif,6900,6550,7350
Moong Dal,Madhya Pradesh,2022,10,Kharif,7450,7200,7850
Moong Dal,Madhya Pradesh,2023,4,Zaid,7950,7700,8600
Moong Dal,Madhya Pradesh,2023,5,Zaid,7250,7000,7950
Moong Dal,Madhya Pradesh,2023,6,Zaid,7150,6900,7700
Moong Dal,Madhya Pradesh,2023,8,Kharif,6950,6550,7350
Moong Dal,Madhya Pradesh,2023,9,Kharif,7650,7300,8150
Moong Dal,Madhya Pradesh,2023,10,Kharif,7350,7000,7900
Moong Dal,Maharashtra,2020,4,Zaid,6900,6650,7400
Moong Dal,Maharashtra,2020,5,Zaid,6550,6350,7000
Moong Dal,Maharashtra,2020,6,Zaid,6700,6400,7250
Moong Dal,Maharashtra,2020,8,Kharif,6700,6450,7350
Moong Dal,Maharashtra,2020,9,Kharif,6950,6700,7300
Moong Dal,Maharashtra,2020,10,Kharif,7300,6950,7800
Moong Dal,Maharashtra,2021,4,Zaid,6700,6350,7250
Moong Dal,Maharashtra,2021,5,Zaid,7050,6700,7500
Moong Dal,Maharashtra,2021,6,Zaid,7650,7300,8350
Moong Dal,Maharashtra,2021,8,Kharif,7600,7300,8100
Moong Dal,Maharashtra,2021,9,Kharif,6850,6600,7450
Moong Dal,Maharashtra,2021,10,Kharif,7250,6850,7950
Moong Dal,Maharashtra,2022,4,Zaid,7300,6950,8000
Moong Dal,Maharashtra,2022,5,Zaid,8100,7800,8850
Moong Dal,Maharashtra,2022,6,Zaid,8050,7650,8600
Moong Dal,Maharashtra,2022,8,Kharif,7050,6750,7400
Moong Dal,Maharashtra,2022,9,Kharif,7200,6800,7750
Moong Dal,Maharashtra,2022,10,Kharif,7950,7550,8550
Moong Dal,Maharashtra,2023,4,Zaid,7400,6950,7850
Moong Dal,Maharashtra,2023,5,Zaid,8000,7550,8600
Moong Dal,Maharashtra,2023,6,Zaid,7900,7450,8350
Moong Dal,Maharashtra,2023,8,Kharif,7600,7250,8300
Moong Dal,Maharashtra,2023,9,Kharif,7700,7300,8300
Moong Dal,Maharashtra,2023,10,Kharif,8150,7650,8850
Moong Dal,Manipur,2020,4,Zaid,6700,6400,7050
Moong Dal,Manipur,2020,5,Zaid,5950,5700,6550
Moong Dal,Manipur,2020,6,Zaid,6500,6300,6850
Moong Dal,Manipur,2020,8,Kharif,6000,5650,6600
Moong Dal,Manipur,2020,9,Kharif,6150,5800,6650
Moong Dal,Manipur,2020,10,Kharif,6250,6050,6800
Moong Dal,Manipur,2021,4,Zaid,6550,6150,7050
Moong Dal,Manipur,2021,5,Zaid,7100,6750,7550
Moong Dal,Manipur,2021,6,Zaid,7350,7000,7800
Moong Dal,Manipur,2021,8,Kharif,7200,6850,7700
Moong Dal,Manipur,2021,9,Kharif,7200,7000,7600
Moong Dal,Manipur,2021,10,Kharif,7200,6850,7850
Moong Dal,Manipur,2022,4,Zaid,7350,7000,8050
Moong Dal,Manipur,2022,5,Zaid,7650,7350,8150
Moong Dal,Manipur,2022,6,Zaid,7700,7400,8400
Moong Dal,Manipur,2022,8,Kharif,7450,7100,8100
Moong Dal,Manipur,2022,9,Kharif,6700,6400,7150
Moong Dal,Manipur,2022,10,Kharif,7250,6850,7850
Moong Dal,Manipur,2023,4,Zaid,7900,7450,8650
Moong Dal,Manipur,2023,5,Zaid,7000,6750,7450
Moong Dal,Manipur,2023,6,Zaid,7400,7000,8000
Moong Dal,Manipur,2023,8,Kharif,7200,6900,7750
Moong Dal,Manipur,2023,9,Kharif,7600,7350,8350
Moong Dal,Manipur,2023,10,Kharif,7150,6800,7800
Moong Dal,Meghalaya,2020,4,Zaid,6100,5800,6400
Moong Dal,Meghalaya,2020,5,Zaid,6200,5900,6550
Moong Dal,Meghalaya,2020,6,Zaid,7050,6650,7500
Moong Dal,Meghalaya,2020,8,Kharif,7050,6850,7550
Moong Dal,Meghalaya,2020,9,Kharif,6950,6550,7600
Moong Dal,Meghalaya,2020,10,Kharif,6700,6350,7050
Moong Dal,Meghalaya,2021,4,Zaid,7350,7100,7850
Moong Dal,Meghalaya,2021,5,Zaid,7350,7050,8100
Moong Dal,Meghalaya,2021,6,Zaid,6700,6450,7200
Moong Dal,Meghalaya,2021,8,Kharif,6500,6150,7050
Moong Dal,Meghalaya,2021,9,Kharif,7150,6750,7650
Moong Dal,Meghalaya,2021,10,Kharif,7400,7150,7950
Moong Dal,Meghalaya,2022,4,Zaid,7250,7000,7750
Moong Dal,Meghalaya,2022,5,Zaid,6750,6400,7400
Moong Dal,Meghalaya,2022,6,Zaid,7350,6950,8000
Moong Dal,Meghalaya,2022,8,Kharif,7300,7000,7950
Moong Dal,Meghalaya,2022,9,Kharif,7350,7100,7850
Moong Dal,Meghalaya,2022,10,Kharif,6700,6450,7050
Moong Dal,Meghalaya,2023,4,Zaid,8200,7900,8700
Moong Dal,Meghalaya,2023,5,Zaid,7050,6650,7600
Moong Dal,Meghalaya,2023,6,Zaid,7900,7450,8550
Moong Dal,Meghalaya,2023,8,Kharif,7850,7600,8350
Moong Dal,Meghalaya,2023,9,Kharif,7600,7300,8350
Moong Dal,Meghalaya,2023,10,Kharif,7450,7150,8050
Moong Dal,Odisha,2020,4,Zaid,6200,5900,6550
Moong Dal,Odisha,2020,5,Zaid,6150,5950,6550
Moong Dal,Odisha,2020,6,Zaid,5900,5600,6350
Moong Dal,Odisha,2020,8,Kharif,5650,5350,6150
Moong Dal,Odisha,2020,9,Kharif,6550,6300,6950
Moong Dal,Odisha,2020,10,Kharif,6500,6150,6900
Moong Dal,Odisha,2021,4,Zaid,6200,5900,6500
Moong Dal,Odisha,2021,5,Zaid,6750,6350,7400
Moong Dal,Odisha,2021,6,Zaid,5950,5600,6500
Moong Dal,Odisha,2021,8,Kharif,6800,6600,7400
Moong Dal,Odisha,2021,9,Kharif,6400,6050,6900
Moong Dal,Odisha,2021,10,Kharif,5950,5500,6650
Moong Dal,Odisha,2022,4,Zaid,6900,6500,7500
Moong Dal,Odisha,2022,5,Zaid,6300,6000,6900
Moong Dal,Odisha,2022,6,Zaid,6800,6600,7250
Moong Dal,Odisha,2022,8,Kharif,6350,6000,6800
Moong Dal,Odisha,2022,9,Kharif,6950,6700,7400
Moong Dal,Odisha,2022,10,Kharif,6750,6500,7300
Moong Dal,Odisha,2023,4,Zaid,7600,7350,8250
Moong Dal,Odisha,2023,5,Zaid,7350,6900,7950
Moong Dal,Odisha,2023,6,Zaid,6700,6300,7250
Moong Dal,Odisha,2023,8,Kharif,7200,6950,7750
Moong Dal,Odisha,2023,9,Kharif,6850,6600,7400
Moong Dal,Odisha,2023,10,Kharif,7350,7100,7850
Moong Dal,Punjab,2020,4,Zaid,7200,6950,7650
Moong Dal,Punjab,2020,5,Zaid,7250,6850,7950
Moong Dal,Punjab,2020,6,Zaid,7250,6800,7650
Moong Dal,Punjab,2020,8,Kharif,6700,6300,7300
Moong Dal,Punjab,2020,9,Kharif,7700,7300,8200
Moong Dal,Punjab,2020,10,Kharif,7300,7000,8050
Moong Dal,Punjab,2021,4,Zaid,7750,7400,8150
Moong Dal,Punjab,2021,5,Zaid,7150,6950,7800
Moong Dal,Punjab,2021,6,Zaid,8150,7700,8700
Moong Dal,Punjab,2021,8,Kharif,8000,7750,8800
Moong Dal,Punjab,2021,9,Kharif,7900,7500,8700
Moong Dal,Punjab,2021,10,Kharif,8150,7800,8950
Moong Dal,Punjab,2022,4,Zaid,7600,7200,8000
Moong Dal,Punjab,2022,5,Zaid,7750,7400,8400
Moong Dal,Punjab,2022,6,Zaid,7900,7600,8300
Moong Dal,Punjab,2022,8,Kharif,8050,7750,8650
Moong Dal,Punjab,2022,9,Kharif,7750,7500,8450
Moong Dal,Punjab,2022,10,Kharif,8300,8000,9000
Moong Dal,Punjab,2023,4,Zaid,7900,7600,8300
Moong Dal,Punjab,2023,5,Zaid,8650,8250,9350
Moong Dal,Punjab,2023,6,Zaid,7900,7600,8450
Moong Dal,Punjab,2023,8,Kharif,9050,8650,9850
Moong Dal,Punjab,2023,9,Kharif,9000,8600,9800
Moong Dal,Punjab,2023,10,Kharif,7800,7550,8500
Moong Dal,Rajasthan,2020,4,Zaid,6650,6350,7050
Moong Dal,Rajasthan,2020,5,Zaid,6750,6550,7350
Moong Dal,Rajasthan,2020,6,Zaid,5900,5550,6450
Moong Dal,Rajasthan,2020,8,Kharif,6350,6000,6700
Moong Dal,Rajasthan,2020,9,Kharif,6500,6300,7150
Moong Dal,Rajasthan,2020,10,Kharif,6800,6500,7400
Moong Dal,Rajasthan,2021,4,Zaid,6750,6500,7300
Moong Dal,Rajasthan,2021,5,Zaid,6950,6550,7450
Moong Dal,Rajasthan,2021,6,Zaid,6750,6500,7100
Moong Dal,Rajasthan,2021,8,Kharif,6600,6200,7000
Moong Dal,Rajasthan,2021,9,Kharif,6300,5950,6800
Moong Dal,Rajasthan,2021,10,Kharif,6950,6650,7500
Moong Dal,Rajasthan,2022,4,Zaid,7600,7250,8300
Moong Dal,Rajasthan,2022,5,Zaid,7450,7050,8150
Moong Dal,Rajasthan,2022,6,Zaid,7200,6950,7600
Moong Dal,Rajasthan,2022,8,Kharif,6900,6700,7500
Moong Dal,Rajasthan,2022,9,Kharif,6950,6700,7400
Moong Dal,Rajasthan,2022,10,Kharif,7500,7050,8250
Moong Dal,Rajasthan,2023,4,Zaid,8000,7650,8450
Moong Dal,Rajasthan,2023,5,Zaid,7850,7550,8400
Moong Dal,Rajasthan,2023,6,Zaid,8050,7750,8500
Moong Dal,Rajasthan,2023,8,Kharif,7300,6950,7800
Moong Dal,Rajasthan,2023,9,Kharif,7650,7200,8100
Moong Dal,Rajasthan,2023,10,Kharif,7000,6700,7400
Moong Dal,Tamil Nadu,2020,4,Zaid,6650,6350,7150
Moong Dal,Tamil Nadu,2020,5,Zaid,6900,6650,7400
Moong Dal,Tamil Nadu,2020,6,Zaid,6450,6050,6900
Moong Dal,Tamil Nadu,2020,8,Kharif,7150,6900,7850
Moong Dal,Tamil Nadu,2020,9,Kharif,6900,6500,7450
Moong Dal,Tamil Nadu,2020,10,Kharif,7050,6750,7600
Moong Dal,Tamil Nadu,2021,4,Zaid,7050,6700,7500
Moong Dal,Tamil Nadu,2021,5,Zaid,7550,7250,8250
Moong Dal,Tamil Nadu,2021,6,Zaid,7100,6800,7550
Moong Dal,Tamil Nadu,2021,8,Kharif,7600,7200,8100
Moong Dal,Tamil Nadu,2021,9,Kharif,6700,6450,7200
Moong Dal,Tamil Nadu,2021,10,Kharif,7200,6800,7850
Moong Dal,Tamil Nadu,2022,4,Zaid,6850,6600,7500
Moong Dal,Tamil Nadu,2022,5,Zaid,7100,6700,7550
Moong Dal,Tamil Nadu,2022,6,Zaid,7050,6650,7650
Moong Dal,Tamil Nadu,2022,8,Kharif,7550,7250,8300
Moong Dal,Tamil Nadu,2022,9,Kharif,7450,7100,8100
Moong Dal,Tamil Nadu,2022,10,Kharif,7000,6650,7600
Moong Dal,Tamil Nadu,2023,4,Zaid,7400,7000,8050
Moong Dal,Tamil Nadu,2023,5,Zaid,8300,7850,8700
Moong Dal,Tamil Nadu,2023,6,Zaid,8350,8000,9050
Moong Dal,Tamil Nadu,2023,8,Kharif,8000,7700,8500
Moong Dal,Tamil Nadu,2023,9,Kharif,7200,6800,7700
Moong Dal,Tamil Nadu,2023,10,Kharif,7700,7400,8250
Moong Dal,Telangana,2020,4,Zaid,6700,6500,7100
Moong Dal,Telangana,2020,5,Zaid,6950,6550,7450
Moong Dal,Telangana,2020,6,Zaid,6750,6500,7350
Moong Dal,Telangana,2020,8,Kharif,6350,6050,6850
Moong Dal,Telangana,2020,9,Kharif,7050,6800,7600
Moong Dal,Telangana,2020,10,Kharif,6450,6200,6950
Moong Dal,Telangana,2021,4,Zaid,7000,6650,7550
Moong Dal,Telangana,2021,5,Zaid,7400,7000,7850
Moong Dal,Telangana,2021,6,Zaid,7200,6900,7800
Moong Dal,Telangana,2021,8,Kharif,7350,7050,7950
Moong Dal,Telangana,2021,9,Kharif,7450,7050,8000
Moong Dal,Telangana,2021,10,Kharif,7250,7000,7750
Moong Dal,Telangana,2022,4,Zaid,7300,7050,7800
Moong Dal,Telangana,2022,5,Zaid,7500,7200,7950
Moong Dal,Telangana,2022,6,Zaid,6850,6500,7500
Moong Dal,Telangana,2022,8,Kharif,6950,6700,7300
Moong Dal,Telangana,2022,9,Kharif,7350,7100,7850
Moong Dal,Telangana,2022,10,Kharif,7150,6750,7800
Moong Dal,Telangana,2023,4,Zaid,7550,7300,8100
Moong Dal,Telangana,2023,5,Zaid,7950,7650,8700
Moong Dal,Telangana,2023,6,Zaid,8150,7700,8800
Moong Dal,Telangana,2023,8,Kharif,7650,7350,8100
Moong Dal,Telangana,2023,9,Kharif,8200,7900,9000
Moong Dal,Telangana,2023,10,Kharif,8150,7850,8750
Moong Dal,Tripura,2020,4,Zaid,6400,6150,6800
Moong Dal,Tripura,2020,5,Zaid,6150,5900,6650
Moong Dal,Tripura,2020,6,Zaid,6400,6150,6950
Moong Dal,Tripura,2020,8,Kharif,6250,6000,6650
Moong Dal,Tripura,2020,9,Kharif,6500,6250,6900
Moong Dal,Tripura,2020,10,Kharif,6700,6350,7100
Moong Dal,Tripura,2021,4,Zaid,6900,6600,7500
Moong Dal,Tripura,2021,5,Zaid,6650,6400,7300
Moong Dal,Tripura,2021,6,Zaid,6950,6550,7450
Moong Dal,Tripura,2021,8,Kharif,6300,6000,6650
Moong Dal,Tripura,2021,9,Kharif,7050,6800,7500
Moong Dal,Tripura,2021,10,Kharif,6450,6200,7100
Moong Dal,Tripura,2022,4,Zaid,7450,7050,7850
Moong Dal,Tripura,2022,5,Zaid,6700,6500,7100
Moong Dal,Tripura,2022,6,Zaid,7150,6700,7800
Moong Dal,Tripura,2022,8,Kharif,7150,6850,7650
Moong Dal,Tripura,2022,9,Kharif,6650,6350,7150
Moong Dal,Tripura,2022,10,Kharif,6650,6250,7250
Moong Dal,Tripura,2023,4,Zaid,7150,6900,7650
Moong Dal,Tripura,2023,5,Zaid,6750,6350,7350
Moong Dal,Tripura,2023,6,Zaid,6750,6350,7300
Moong Dal,Tripura,2023,8,Kharif,7800,7450,8250
Moong Dal,Tripura,2023,9,Kharif,6700,6450,7050
Moong Dal,Tripura,2023,10,Kharif,7650,7400,8050
Moong Dal,Uttar Pradesh,2020,4,Zaid,6600,6200,7000
Moong Dal,Uttar Pradesh,2020,5,Zaid,6700,6400,7200
Moong Dal,Uttar Pradesh,2020,6,Zaid,6800,6500,7300
Moong Dal,Uttar Pradesh,2020,8,Kharif,6650,6400,7000
Moong Dal,Uttar Pradesh,2020,9,Kharif,6550,6300,7050
Moong Dal,Uttar Pradesh,2020,10,Kharif,6800,6500,7300
Moong Dal,Uttar Pradesh,2021,4,Zaid,7650,7250,8200
Moong Dal,Uttar Pradesh,2021,5,Zaid,7250,7050,7800
Moong Dal,Uttar Pradesh,2021,6,Zaid,7350,7000,7750
Moong Dal,Uttar Pradesh,2021,8,Kharif,7300,7000,7850
Moong Dal,Uttar Pradesh,2021,9,Kharif,7100,6850,7550
Moong Dal,Uttar Pradesh,2021,10,Kharif,6900,6500,7300
Moong Dal,Uttar Pradesh,2022,4,Zaid,7000,6650,7650
Moong Dal,Uttar Pradesh,2022,5,Zaid,7850,7600,8250
Moong Dal,Uttar Pradesh,2022,6,Zaid,7550,7300,8050
Moong Dal,Uttar Pradesh,2022,8,Kharif,7250,6900,7850
Moong Dal,Uttar Pradesh,2022,9,Kharif,7900,7550,8300
Moong Dal,Uttar Pradesh,2022,10,Kharif,8150,7700,8850
Moong Dal,Uttar Pradesh,2023,4,Zaid,8150,7750,8800
Moong Dal,Uttar Pradesh,2023,5,Zaid,7350,7100,7800
Moong Dal,Uttar Pradesh,2023,6,Zaid,7700,7400,8300
Moong Dal,Uttar Pradesh,2023,8,Kharif,7550,7300,8250
Moong Dal,Uttar Pradesh,2023,9,Kharif,8350,7950,8950
Moong Dal,Uttar Pradesh,2023,10,Kharif,8000,7600,8450
Moong Dal,Uttarakhand,2020,4,Zaid,6800,6500,7250
Moong Dal,Uttarakhand,2020,5,Zaid,7000,6750,7500
Moong Dal,Uttarakhand,2020,6,Zaid,6600,6350,7200
Moong Dal,Uttarakhand,2020,8,Kharif,6800,6600,7250
Moong Dal,Uttarakhand,2020,9,Kharif,6800,6400,7300
Moong Dal,Uttarakhand,2020,10,Kharif,6250,6050,6700
Moong Dal,Uttarakhand,2021,4,Zaid,7200,6950,7600
Moong Dal,Uttarakhand,2021,5,Zaid,6950,6700,7400
Moong Dal,Uttarakhand,2021,6,Zaid,6750,6350,7150
Moong Dal,Uttarakhand,2021,8,Kharif,6550,6300,7150
Moong Dal,Uttarakhand,2021,9,Kharif,6850,6600,7400
Moong Dal,Uttarakhand,2021,10,Kharif,6600,6400,7250
Moong Dal,Uttarakhand,2022,4,Zaid,6900,6650,7350
Moong Dal,Uttarakhand,2022,5,Zaid,7550,7200,8050
Moong Dal,Uttarakhand,2022,6,Zaid,7200,6850,7600
Moong Dal,Uttarakhand,2022,8,Kharif,7700,7300,8450
Moong Dal,Uttarakhand,2022,9,Kharif,7700,7400,8450
Moong Dal,Uttarakhand,2022,10,Kharif,7150,6800,7700
Moong Dal,Uttarakhand,2023,4,Zaid,7050,6650,7500
Moong Dal,Uttarakhand,2023,5,Zaid,7000,6600,7450
Moong Dal,Uttarakhand,2023,6,Zaid,7800,7500,8400
Moong Dal,Uttarakhand,2023,8,Kharif,7750,7500,8350
Moong Dal,Uttarakhand,2023,9,Kharif,8050,7750,8450
Moong Dal,Uttarakhand,2023,10,Kharif,7800,7450,8550
Moong Dal,West Bengal,2020,4,Zaid,6600,6400,7100
Moong Dal,West Bengal,2020,5,Zaid,7050,6700,7750
Moong Dal,West Bengal,2020,6,Zaid,6200,6000,6750
Moong Dal,West Bengal,2020,8,Kharif,6650,6400,7100
Moong Dal,West Bengal,2020,9,Kharif,6350,6050,6750
Moong Dal,West Bengal,2020,10,Kharif,6450,6050,6950
Moong Dal,West Bengal,2021,4,Zaid,7150,6750,7850
Moong Dal,West Bengal,2021,5,Zaid,7050,6650,7650
Moong Dal,West Bengal,2021,6,Zaid,7250,6850,7750
Moong Dal,West Bengal,2021,8,Kharif,7100,6900,7750
Moong Dal,West Bengal,2021,9,Kharif,6550,6150,7000
Moong Dal,West Bengal,2021,10,Kharif,6750,6550,7400
Moong Dal,West Bengal,2022,4,Zaid,7100,6900,7450
Moong Dal,West Bengal,2022,5,Zaid,7400,7100,8000
Moong Dal,West Bengal,2022,6,Zaid,6800,6400,7400
Moong Dal,West Bengal,2022,8,Kharif,7550,7300,7950
Moong Dal,West Bengal,2022,9,Kharif,6750,6350,7300
Moong Dal,West Bengal,2022,10,Kharif,7700,7250,8450
Moong Dal,West Bengal,2023,4,Zaid,7250,6800,7650
Moong Dal,West Bengal,2023,5,Zaid,7500,7150,8250
Moong Dal,West Bengal,2023,6,Zaid,8000,7650,8800
Moong Dal,West Bengal,2023,8,Kharif,8000,7600,8600
Moong Dal,West Bengal,2023,9,Kharif,7100,6800,7550
Moong Dal,West Bengal,2023,10,Kharif,7850,7400,8500
Mustard,Andhra Pradesh,2020,2,Rabi,5000,4750,5400
Mustard,Andhra Pradesh,2020,3,Rabi,5000,4600,5550
Mustard,Andhra Pradesh,2020,4,Rabi,4500,4250,4850
Mustard,Andhra Pradesh,2021,2,Rabi,4900,4550,5550
Mustard,Andhra Pradesh,2021,3,Rabi,5000,4700,5600
Mustard,Andhra Pradesh,2021,4,Rabi,4850,4600,5500
Mustard,Andhra Pradesh,2022,2,Rabi,5100,4900,5650
Mustard,Andhra Pradesh,2022,3,Rabi,5050,4650,5700
Mustard,Andhra Pradesh,2022,4,Rabi,5100,4700,5650
Mustard,Andhra Pradesh,2023,2,Rabi,5200,5000,5800
Mustard,Andhra Pradesh,2023,3,Rabi,5550,5200,6000
Mustard,Andhra Pradesh,2023,4,Rabi,5100,4750,5700
Mustard,Assam,2020,2,Rabi,4750,4400,5350
Mustard,Assam,2020,3,Rabi,4650,4300,5050
Mustard,Assam,2020,4,Rabi,4750,4400,5350
Mustard,Assam,2021,2,Rabi,4600,4250,5050
Mustard,Assam,2021,3,Rabi,4650,4300,5100
Mustard,Assam,2021,4,Rabi,4450,4250,5000
Mustard,Assam,2022,2,Rabi,4650,4300,5150
Mustard,Assam,2022,3,Rabi,4600,4350,5100
Mustard,Assam,2022,4,Rabi,5000,4750,5500
Mustard,Assam,2023,2,Rabi,4850,4550,5250
Mustard,Assam,2023,3,Rabi,5350,5100,5850
Mustard,Assam,2023,4,Rabi,5100,4800,5650
Mustard,Bihar,2020,2,Rabi,4950,4750,5400
Mustard,Bihar,2020,3,Rabi,4500,4300,5100
Mustard,Bihar,2020,4,Rabi,4550,4250,5100
Mustard,Bihar,2021,2,Rabi,5050,4700,5500
Mustard,Bihar,2021,3,Rabi,4800,4450,5450
Mustard,Bihar,2021,4,Rabi,5050,4800,5750
Mustard,Bihar,2022,2,Rabi,5450,5100,6150
Mustard,Bihar,2022,3,Rabi,5500,5050,6250
Mustard,Bihar,2022,4,Rabi,4800,4550,5300
Mustard,Bihar,2023,2,Rabi,5250,5000,5800
Mustard,Bihar,2023,3,Rabi,4950,4750,5400
Mustard,Bihar,2023,4,Rabi,5600,5250,6350
Mustard,Chhattisgarh,2020,2,Rabi,4850,4500,5250
Mustard,Chhattisgarh,2020,3,Rabi,4400,4100,4850
Mustard,Chhattisgarh,2020,4,Rabi,4700,4500,5150
Mustard,Chhattisgarh,2021,2,Rabi,4950,4600,5300
Mustard,Chhattisgarh,2021,3,Rabi,5000,4600,5600
Mustard,Chhattisgarh,2021,4,Rabi,4600,4300,5100
Mustard,Chhattisgarh,2022,2,Rabi,5350,5000,5750
Mustard,Chhattisgarh,2022,3,Rabi,5150,4900,5550
Mustard,Chhattisgarh,2022,4,Rabi,5300,4950,5850
Mustard,Chhattisgarh,2023,2,Rabi,5700,5450,6150
Mustard,Chhattisgarh,2023,3,Rabi,5700,5250,6150
Mustard,Chhattisgarh,2023,4,Rabi,5100,4700,5800
Mustard,Goa,2020,2,Rabi,5600,5350,6200
Mustard,Goa,2020,3,Rabi,5300,4900,5750
Mustard,Goa,2020,4,Rabi,5150,4950,5800
Mustard,Goa,2021,2,Rabi,5300,5000,5800
Mustard,Goa,2021,3,Rabi,5850,5400,6500
Mustard,Goa,2021,4,Rabi,5300,5050,5800
Mustard,Goa,2022,2,Rabi,5850,5550,6550
Mustard,Goa,2022,3,Rabi,5650,5400,6100
Mustard,Goa,2022,4,Rabi,6200,5950,6650
Mustard,Goa,2023,2,Rabi,5900,5500,6600
Mustard,Goa,2023,3,Rabi,6500,6200,7100
Mustard,Goa,2023,4,Rabi,6150,5800,6750
Mustard,Gujarat,2020,2,Rabi,4900,4650,5350
Mustard,Gujarat,2020,3,Rabi,4950,4650,5600
Mustard,Gujarat,2020,4,Rabi,5050,4800,5500
Mustard,Gujarat,2021,2,Rabi,5100,4800,5550
Mustard,Gujarat,2021,3,Rabi,5150,4750,5750
Mustard,Gujarat,2021,4,Rabi,5250,4850,5950
Mustard,Gujarat,2022,2,Rabi,5350,4950,5950
Mustard,Gujarat,2022,3,Rabi,5050,4750,5700
Mustard,Gujarat,2022,4,Rabi,5100,4850,5550
Mustard,Gujarat,2023,2,Rabi,6000,5700,6600
Mustard,Gujarat,2023,3,Rabi,5850,5450,6650
Mustard,Gujarat,2023,4,Rabi,5450,5150,6000
Mustard,Haryana,2020,2,Rabi,5050,4700,5700
Mustard,Haryana,2020,3,Rabi,4650,4400,5100
Mustard,Haryana,2020,4,Rabi,4900,4600,5400
Mustard,Haryana,2021,2,Rabi,5100,4900,5550
Mustard,Haryana,2021,3,Rabi,5000,4750,5450
Mustard,Haryana,2021,4,Rabi,5150,4850,5750
Mustard,Haryana,2022,2,Rabi,5800,5550,6250
Mustard,Haryana,2022,3,Rabi,5700,5300,6350
Mustard,Haryana,2022,4,Rabi,5800,5350,6350
Mustard,Haryana,2023,2,Rabi,5550,5250,6000
Mustard,Haryana,2023,3,Rabi,5750,5500,6150
Mustard,Haryana,2023,4,Rabi,5950,5600,6750
Mustard,Himachal Pradesh,2020,2,Rabi,5100,4850,5700
Mustard,Himachal Pradesh,2020,3,Rabi,5050,4750,5650
Mustard,Himachal Pradesh,2020,4,Rabi,5250,4850,5900
Mustard,Himachal Pradesh,2021,2,Rabi,5150,4950,5750
Mustard,Himachal Pradesh,2021,3,Rabi,5350,5050,6000
Mustard,Himachal Pradesh,2021,4,Rabi,5400,5000,6000
Mustard,Himachal Pradesh,2022,2,Rabi,5550,5300,6200
Mustard,Himachal Pradesh,2022,3,Rabi,5900,5450,6700
Mustard,Himachal Pradesh,2022,4,Rabi,6000,5750,6550
Mustard,Himachal Pradesh,2023,2,Rabi,6100,5850,6450
Mustard,Himachal Pradesh,2023,3,Rabi,6350,6150,6700
Mustard,Himachal Pradesh,2023,4,Rabi,6400,6150,6800
Mustard,Jammu & Kashmir,2020,2,Rabi,5250,4950,5800
Mustard,Jammu & Kashmir,2020,3,Rabi,5200,4900,5850
Mustard,Jammu & Kashmir,2020,4,Rabi,4750,4500,5250
Mustard,Jammu & Kashmir,2021,2,Rabi,5500,5100,5900
Mustard,Jammu & Kashmir,2021,3,Rabi,5150,4750,5650
Mustard,Jammu & Kashmir,2021,4,Rabi,4900,4700,5250
Mustard,Jammu & Kashmir,2022,2,Rabi,5550,5200,6050
Mustard,Jammu & Kashmir,2022,3,Rabi,5250,4900,5750
Mustard,Jammu & Kashmir,2022,4,Rabi,5700,5450,6250
Mustard,Jammu & Kashmir,2023,2,Rabi,6050,5750,6600
Mustard,Jammu & Kashmir,2023,3,Rabi,6000,5750,6500
Mustard,Jammu & Kashmir,2023,4,Rabi,6300,6050,6850
Mustard,Jharkhand,2020,2,Rabi,4600,4400,5150
Mustard,Jharkhand,2020,3,Rabi,4100,3800,4600
Mustard,Jharkhand,2020,4,Rabi,4000,3750,4450
Mustard,Jharkhand,2021,2,Rabi,4550,4300,5150
Mustard,Jharkhand,2021,3,Rabi,4200,3950,4700
Mustard,Jharkhand,2021,4,Rabi,4400,4150,4750
Mustard,Jharkhand,2022,2,Rabi,4750,4500,5100
Mustard,Jharkhand,2022,3,Rabi,4850,4500,5500
Mustard,Jharkhand,2022,4,Rabi,4450,4250,5000
Mustard,Jharkhand,2023,2,Rabi,4900,4650,5450
Mustard,Jharkhand,2023,3,Rabi,4850,4600,5300
Mustard,Jharkhand,2023,4,Rabi,4750,4550,5250
Mustard,Karnataka,2020,2,Rabi,4600,4400,5200
Mustard,Karnataka,2020,3,Rabi,4650,4300,5050
Mustard,Karnataka,2020,4,Rabi,5250,5050,5850
Mustard,Karnataka,2021,2,Rabi,4800,4500,5200
Mustard,Karnataka,2021,3,Rabi,5000,4700,5400
Mustard,Karnataka,2021,4,Rabi,5050,4700,5500
Mustard,Karnataka,2022,2,Rabi,5650,5250,6250
Mustard,Karnataka,2022,3,Rabi,5450,5150,6200
Mustard,Karnataka,2022,4,Rabi,5300,5050,5700
Mustard,Karnataka,2023,2,Rabi,5950,5550,6400
Mustard,Karnataka,2023,3,Rabi,5950,5500,6550
Mustard,Karnataka,2023,4,Rabi,6100,5800,6700
Mustard,Kerala,2020,2,Rabi,5200,4900,5650
Mustard,Kerala,2020,3,Rabi,5550,5150,6250
Mustard,Kerala,2020,4,Rabi,5500,5100,6250
Mustard,Kerala,2021,2,Rabi,5250,5000,5900
Mustard,Kerala,2021,3,Rabi,5400,4950,5850
Mustard,Kerala,2021,4,Rabi,5350,5050,5750
Mustard,Kerala,2022,2,Rabi,5850,5400,6350
Mustard,Kerala,2022,3,Rabi,5850,5500,6500
Mustard,Kerala,2022,4,Rabi,5650,5200,6100
Mustard,Kerala,2023,2,Rabi,5550,5300,6050
Mustard,Kerala,2023,3,Rabi,6050,5800,6600
Mustard,Kerala,2023,4,Rabi,6250,5900,6850
Mustard,Madhya Pradesh,2020,2,Rabi,4700,4400,5100
Mustard,Madhya Pradesh,2020,3,Rabi,4850,4650,5200
Mustard,Madhya Pradesh,2020,4,Rabi,4350,4050,4950
Mustard,Madhya Pradesh,2021,2,Rabi,4800,4450,5450
Mustard,Madhya Pradesh,2021,3,Rabi,4550,4250,5150
Mustard,Madhya Pradesh,2021,4,Rabi,4650,4300,5200
Mustard,Madhya Pradesh,2022,2,Rabi,5400,5050,6100
Mustard,Madhya Pradesh,2022,3,Rabi,5400,5100,5950
Mustard,Madhya Pradesh,2022,4,Rabi,5150,4750,5600
Mustard,Madhya Pradesh,2023,2,Rabi,5650,5300,6100
Mustard,Madhya Pradesh,2023,3,Rabi,4900,4550,5300
Mustard,Madhya Pradesh,2023,4,Rabi,5050,4850,5400
Mustard,Maharashtra,2020,2,Rabi,4650,4400,5100
Mustard,Maharashtra,2020,3,Rabi,5250,5050,5600
Mustard,Maharashtra,2020,4,Rabi,4750,4550,5150
Mustard,Maharashtra,2021,2,Rabi,5400,5000,5900
Mustard,Maharashtra,2021,3,Rabi,5150,4950,5750
Mustard,Maharashtra,2021,4,Rabi,5250,5000,5800
Mustard,Maharashtra,2022,2,Rabi,5250,5000,5700
Mustard,Maharashtra,2022,3,Rabi,5450,5250,6200
Mustard,Maharashtra,2022,4,Rabi,5900,5550,6600
Mustard,Maharashtra,2023,2,Rabi,6000,5700,6550
Mustard,Maharashtra,2023,3,Rabi,6050,5850,6400
Mustard,Maharashtra,2023,4,Rabi,6000,5800,6450
Mustard,Manipur,2020,2,Rabi,4400,4050,4700
Mustard,Manipur,2020,3,Rabi,4700,4450,5050
Mustard,Manipur,2020,4,Rabi,4700,4350,5250
Mustard,Manipur,2021,2,Rabi,4600,4350,5000
Mustard,Manipur,2021,3,Rabi,4850,4550,5350
Mustard,Manipur,2021,4,Rabi,5100,4750,5500
Mustard,Manipur,2022,2,Rabi,4750,4500,5300
Mustard,Manipur,2022,3,Rabi,5400,5100,6000
Mustard,Manipur,2022,4,Rabi,4650,4400,5000
Mustard,Manipur,2023,2,Rabi,5450,5250,6150
Mustard,Manipur,2023,3,Rabi,5600,5200,6250
Mustard,Manipur,2023,4,Rabi,5600,5300,6050
Mustard,Meghalaya,2020,2,Rabi,4400,4100,5000
Mustard,Meghalaya,2020,3,Rabi,4900,4600,5300
Mustard,Meghalaya,2020,4,Rabi,4500,4200,5100
Mustard,Meghalaya,2021,2,Rabi,4900,4650,5300
Mustard,Meghalaya,2021,3,Rabi,4700,4400,5050
Mustard,Meghalaya,2021,4,Rabi,4750,4400,5300
Mustard,Meghalaya,2022,2,Rabi,5150,4900,5850
Mustard,Meghalaya,2022,3,Rabi,5000,4700,5450
Mustard,Meghalaya,2022,4,Rabi,5100,4800,5800
Mustard,Meghalaya,2023,2,Rabi,5500,5250,5900
Mustard,Meghalaya,2023,3,Rabi,5300,5050,5900
Mustard,Meghalaya,2023,4,Rabi,5000,4800,5600
Mustard,Odisha,2020,2,Rabi,4150,3900,4600
Mustard,Odisha,2020,3,Rabi,4150,3950,4550
Mustard,Odisha,2020,4,Rabi,4700,4350,5150
Mustard,Odisha,2021,2,Rabi,4350,4150,4950
Mustard,Odisha,2021,3,Rabi,4450,4150,4900
Mustard,Odisha,2021,4,Rabi,5050,4700,5400
Mustard,Odisha,2022,2,Rabi,4950,4550,5350
Mustard,Odisha,2022,3,Rabi,5200,4800,5650
Mustard,Odisha,2022,4,Rabi,4750,4450,5300
Mustard,Odisha,2023,2,Rabi,5550,5150,6050
Mustard,Odisha,2023,3,Rabi,5500,5150,6000
Mustard,Odisha,2023,4,Rabi,5250,5050,5700
Mustard,Punjab,2020,2,Rabi,4700,4350,5150
Mustard,Punjab,2020,3,Rabi,4900,4550,5400
Mustard,Punjab,2020,4,Rabi,4750,4450,5150
Mustard,Punjab,2021,2,Rabi,5000,4650,5450
Mustard,Punjab,2021,3,Rabi,5550,5300,6200
Mustard,Punjab,2021,4,Rabi,4950,4600,5500
Mustard,Punjab,2022,2,Rabi,5350,5100,5900
Mustard,Punjab,2022,3,Rabi,5250,5000,5850
Mustard,Punjab,2022,4,Rabi,5800,5450,6350
Mustard,Punjab,2023,2,Rabi,5800,5550,6400
Mustard,Punjab,2023,3,Rabi,5500,5150,6200
Mustard,Punjab,2023,4,Rabi,5750,5450,6250
Mustard,Rajasthan,2020,2,Rabi,4400,4150,4750
Mustard,Rajasthan,2020,3,Rabi,4200,3950,4550
Mustard,Rajasthan,2020,4,Rabi,4600,4350,5050
Mustard,Rajasthan,2021,2,Rabi,4900,4600,5300
Mustard,Rajasthan,2021,3,Rabi,4650,4400,5300
Mustard,Rajasthan,2021,4,Rabi,5050,4850,5500
Mustard,Rajasthan,2022,2,Rabi,4900,4600,5450
Mustard,Rajasthan,2022,3,Rabi,5000,4700,5450
Mustard,Rajasthan,2022,4,Rabi,5100,4750,5550
Mustard,Rajasthan,2023,2,Rabi,4850,4550,5350
Mustard,Rajasthan,2023,3,Rabi,5250,5050,5750
Mustard,Rajasthan,2023,4,Rabi,5350,5100,6100
Mustard,Tamil Nadu,2020,2,Rabi,4750,4450,5200
Mustard,Tamil Nadu,2020,3,Rabi,4900,4500,5350
Mustard,Tamil Nadu,2020,4,Rabi,4850,4550,5350
Mustard,Tamil Nadu,2021,2,Rabi,4850,4500,5500
Mustard,Tamil Nadu,2021,3,Rabi,4950,4650,5350
Mustard,Tamil Nadu,2021,4,Rabi,5100,4700,5500
Mustard,Tamil Nadu,2022,2,Rabi,5500,5200,6000
Mustard,Tamil Nadu,2022,3,Rabi,5250,4950,5700
Mustard,Tamil Nadu,2022,4,Rabi,5000,4600,5550
Mustard,Tamil Nadu,2023,2,Rabi,5700,5400,6450
Mustard,Tamil Nadu,2023,3,Rabi,5550,5200,6200
Mustard,Tamil Nadu,2023,4,Rabi,5200,4800,5900
Mustard,Telangana,2020,2,Rabi,5000,4700,5400
Mustard,Telangana,2020,3,Rabi,4900,4600,5500
Mustard,Telangana,2020,4,Rabi,4400,4150,4850
Mustard,Telangana,2021,2,Rabi,5000,4750,5450
Mustard,Telangana,2021,3,Rabi,5400,5100,5850
Mustard,Telangana,2021,4,Rabi,5350,5000,5950
Mustard,Telangana,2022,2,Rabi,5000,4600,5650
Mustard,Telangana,2022,3,Rabi,4900,4600,5400
Mustard,Telangana,2022,4,Rabi,4950,4700,5650
Mustard,Telangana,2023,2,Rabi,5800,5550,6400
Mustard,Telangana,2023,3,Rabi,5900,5450,6650
Mustard,Telangana,2023,4,Rabi,5750,5300,6400
Mustard,Tripura,2020,2,Rabi,4700,4350,5300
Mustard,Tripura,2020,3,Rabi,4400,4200,4950
Mustard,Tripura,2020,4,Rabi,4350,4100,4800
Mustard,Tripura,2021,2,Rabi,4700,4400,5100
Mustard,Tripura,2021,3,Rabi,4950,4650,5500
Mustard,Tripura,2021,4,Rabi,4550,4350,4950
Mustard,Tripura,2022,2,Rabi,5200,4950,5700
Mustard,Tripura,2022,3,Rabi,5500,5100,6000
Mustard,Tripura,2022,4,Rabi,5000,4750,5650
Mustard,Tripura,2023,2,Rabi,5500,5100,6000
Mustard,Tripura,2023,3,Rabi,5550,5100,6300
Mustard,Tripura,2023,4,Rabi,5600,5350,6200
Mustard,Uttar Pradesh,2020,2,Rabi,4600,4250,5050
Mustard,Uttar Pradesh,2020,3,Rabi,4250,4000,4600
Mustard,Uttar Pradesh,2020,4,Rabi,4650,4350,5300
Mustard,Uttar Pradesh,2021,2,Rabi,4650,4400,5050
Mustard,Uttar Pradesh,2021,3,Rabi,4600,4300,5000
Mustard,Uttar Pradesh,2021,4,Rabi,5100,4850,5650
Mustard,Uttar Pradesh,2022,2,Rabi,4900,4600,5500
Mustard,Uttar Pradesh,2022,3,Rabi,4700,4450,5200
Mustard,Uttar Pradesh,2022,4,Rabi,5200,4850,5750
Mustard,Uttar Pradesh,2023,2,Rabi,5650,5250,6450
Mustard,Uttar Pradesh,2023,3,Rabi,5100,4900,5500
Mustard,Uttar Pradesh,2023,4,Rabi,5300,5050,5800
Mustard,Uttarakhand,2020,2,Rabi,4450,4200,4850
Mustard,Uttarakhand,2020,3,Rabi,4750,4450,5200
Mustard,Uttarakhand,2020,4,Rabi,4700,4400,5050
Mustard,Uttarakhand,2021,2,Rabi,5000,4600,5600
Mustard,Uttarakhand,2021,3,Rabi,5300,4900,6050
Mustard,Uttarakhand,2021,4,Rabi,5050,4750,5450
Mustard,Uttarakhand,2022,2,Rabi,5000,4800,5500
Mustard,Uttarakhand,2022,3,Rabi,5700,5300,6250
Mustard,Uttarakhand,2022,4,Rabi,5550,5150,6100
Mustard,Uttarakhand,2023,2,Rabi,5550,5150,6200
Mustard,Uttarakhand,2023,3,Rabi,5800,5350,6350
Mustard,Uttarakhand,2023,4,Rabi,5600,5200,6050
Mustard,West Bengal,2020,2,Rabi,4400,4150,4900
Mustard,West Bengal,2020,3,Rabi,4200,3900,4700
Mustard,West Bengal,2020,4,Rabi,4650,4350,5300
Mustard,West Bengal,2021,2,Rabi,4850,4600,5250
Mustard,West Bengal,2021,3,Rabi,5050,4700,5450
Mustard,West Bengal,2021,4,Rabi,5100,4700,5500
Mustard,West Bengal,2022,2,Rabi,5300,5050,6050
Mustard,West Bengal,2022,3,Rabi,4900,4600,5450
Mustard,West Bengal,2022,4,Rabi,5350,4950,6000
Mustard,West Bengal,2023,2,Rabi,5000,4650,5700
Mustard,West Bengal,2023,3,Rabi,5700,5350,6400
Mustard,West Bengal,2023,4,Rabi,5400,5150,5900
Onion,Andhra Pradesh,2020,1,Rabi,750,600,900
Onion,Andhra Pradesh,2020,2,Rabi,850,750,1000
Onion,Andhra Pradesh,2020,3,Rabi,700,600,850
Onion,Andhra Pradesh,2020,10,Kharif,650,500,850
Onion,Andhra Pradesh,2020,11,Kharif,900,750,1100
Onion,Andhra Pradesh,2021,1,Rabi,700,550,800
Onion,Andhra Pradesh,2021,2,Rabi,900,750,1100
Onion,Andhra Pradesh,2021,3,Rabi,800,650,950
Onion,Andhra Pradesh,2021,10,Kharif,950,800,1200
Onion,Andhra Pradesh,2021,11,Kharif,900,750,1100
Onion,Andhra Pradesh,2022,1,Rabi,950,800,1150
Onion,Andhra Pradesh,2022,2,Rabi,800,700,1000
Onion,Andhra Pradesh,2022,3,Rabi,750,600,950
Onion,Andhra Pradesh,2022,10,Kharif,1000,900,1200
Onion,Andhra Pradesh,2022,11,Kharif,850,650,1050
Onion,Andhra Pradesh,2023,1,Rabi,750,650,950
Onion,Andhra Pradesh,2023,2,Rabi,900,700,1050
Onion,Andhra Pradesh,2023,3,Rabi,950,850,1150
Onion,Andhra Pradesh,2023,10,Kharif,750,600,950
Onion,Andhra Pradesh,2023,11,Kharif,900,750,1050
Onion,Assam,2020,1,Rabi,700,550,900
Onion,Assam,2020,2,Rabi,700,550,900
Onion,Assam,2020,3,Rabi,650,550,850
Onion,Assam,2020,10,Kharif,850,700,1000
Onion,Assam,2020,11,Kharif,750,600,950
Onion,Assam,2021,1,Rabi,800,650,1000
Onion,Assam,2021,2,Rabi,700,550,900
Onion,Assam,2021,3,Rabi,900,750,1150
Onion,Assam,2021,10,Kharif,900,750,1050
Onion,Assam,2021,11,Kharif,650,550,800
Onion,Assam,2022,1,Rabi,900,700,1150
Onion,Assam,2022,2,Rabi,800,650,950
Onion,Assam,2022,3,Rabi,800,650,1050
Onion,Assam,2022,10,Kharif,900,750,1100
Onion,Assam,2022,11,Kharif,950,800,1100
Onion,Assam,2023,1,Rabi,850,700,1050
Onion,Assam,2023,2,Rabi,850,700,1000
Onion,Assam,2023,3,Rabi,900,800,1100
Onion,Assam,2023,10,Kharif,750,600,900
Onion,Assam,2023,11,Kharif,900,800,1150
Onion,Bihar,2020,1,Rabi,750,600,850
Onion,Bihar,2020,2,Rabi,850,700,1050
Onion,Bihar,2020,3,Rabi,750,650,900
Onion,Bihar,2020,10,Kharif,800,650,950
Onion,Bihar,2020,11,Kharif,800,700,1000
Onion,Bihar,2021,1,Rabi,700,600,900
Onion,Bihar,2021,2,Rabi,700,600,850
Onion,Bihar,2021,3,Rabi,700,550,900
Onion,Bihar,2021,10,Kharif,750,650,950
Onion,Bihar,2021,11,Kharif,700,600,850
Onion,Bihar,2022,1,Rabi,800,650,1000
Onion,Bihar,2022,2,Rabi,750,600,900
Onion,Bihar,2022,3,Rabi,700,550,800
Onion,Bihar,2022,10,Kharif,900,700,1100
Onion,Bihar,2022,11,Kharif,700,600,850
Onion,Bihar,2023,1,Rabi,900,750,1050
Onion,Bihar,2023,2,Rabi,850,750,1100
Onion,Bihar,2023,3,Rabi,700,600,800
Onion,Bihar,2023,10,Kharif,900,750,1050
Onion,Bihar,2023,11,Kharif,950,750,1200
Onion,Chhattisgarh,2020,1,Rabi,800,700,950
Onion,Chhattisgarh,2020,2,Rabi,700,550,850
Onion,Chhattisgarh,2020,3,Rabi,800,650,1000
Onion,Chhattisgarh,2020,10,Kharif,800,700,950
Onion,Chhattisgarh,2020,11,Kharif,700,550,900
Onion,Chhattisgarh,2021,1,Rabi,700,550,900
Onion,Chhattisgarh,2021,2,Rabi,800,650,1000
Onion,Chhattisgarh,2021,3,Rabi,900,700,1150
Onion,Chhattisgarh,2021,10,Kharif,900,750,1150
Onion,Chhattisgarh,2021,11,Kharif,650,550,800
Onion,Chhattisgarh,2022,1,Rabi,750,650,900
Onion,Chhattisgarh,2022,2,Rabi,800,700,1000
Onion,Chhattisgarh,2022,3,Rabi,800,650,950
Onion,Chhattisgarh,2022,10,Kharif,900,800,1150
Onion,Chhattisgarh,2022,11,Kharif,800,650,1000
Onion,Chhattisgarh,2023,1,Rabi,1000,900,1200
Onion,Chhattisgarh,2023,2,Rabi,900,750,1150
Onion,Chhattisgarh,2023,3,Rabi,950,850,1250
Onion,Chhattisgarh,2023,10,Kharif,850,650,1100
Onion,Chhattisgarh,2023,11,Kharif,800,650,950
Onion,Goa,2020,1,Rabi,1000,900,1100
Onion,Goa,2020,2,Rabi,900,800,1100
Onion,Goa,2020,3,Rabi,1000,900,1150
Onion,Goa,2020,10,Kharif,900,750,1050
Onion,Goa,2020,11,Kharif,900,700,1100
Onion,Goa,2021,1,Rabi,1000,900,1150
Onion,Goa,2021,2,Rabi,1050,950,1200
Onion,Goa,2021,3,Rabi,850,700,1050
Onion,Goa,2021,10,Kharif,900,750,1100
Onion,Goa,2021,11,Kharif,900,800,1050
Onion,Goa,2022,1,Rabi,1050,900,1250
Onion,Goa,2022,2,Rabi,950,750,1200
Onion,Goa,2022,3,Rabi,1000,850,1150
Onion,Goa,2022,10,Kharif,900,700,1050
Onion,Goa,2022,11,Kharif,1050,950,1200
Onion,Goa,2023,1,Rabi,900,750,1050
Onion,Goa,2023,2,Rabi,950,800,1150
Onion,Goa,2023,3,Rabi,1150,1050,1300
Onion,Goa,2023,10,Kharif,900,700,1100
Onion,Goa,2023,11,Kharif,1000,850,1200
Onion,Gujarat,2020,1,Rabi,700,600,850
Onion,Gujarat,2020,2,Rabi,800,650,1000
Onion,Gujarat,2020,3,Rabi,800,700,950
Onion,Gujarat,2020,10,Kharif,750,600,900
Onion,Gujarat,2020,11,Kharif,700,600,900
Onion,Gujarat,2021,1,Rabi,900,700,1050
Onion,Gujarat,2021,2,Rabi,800,650,950
Onion,Gujarat,2021,3,Rabi,750,600,950
Onion,Gujarat,2021,10,Kharif,850,650,1100
Onion,Gujarat,2021,11,Kharif,900,750,1050
Onion,Gujarat,2022,1,Rabi,800,650,1000
Onion,Gujarat,2022,2,Rabi,1000,900,1200
Onion,Gujarat,2022,3,Rabi,800,600,1050
Onion,Gujarat,2022,10,Kharif,1000,900,1200
Onion,Gujarat,2022,11,Kharif,950,800,1150
Onion,Gujarat,2023,1,Rabi,1100,1000,1250
Onion,Gujarat,2023,2,Rabi,800,650,1000
Onion,Gujarat,2023,3,Rabi,900,750,1050
Onion,Gujarat,2023,10,Kharif,1050,950,1150
Onion,Gujarat,2023,11,Kharif,900,750,1100
Onion,Haryana,2020,1,Rabi,800,650,950
Onion,Haryana,2020,2,Rabi,900,800,1100
Onion,Haryana,2020,3,Rabi,800,700,950
Onion,Haryana,2020,10,Kharif,950,800,1250
Onion,Haryana,2020,11,Kharif,800,700,950
Onion,Haryana,2021,1,Rabi,950,800,1150
Onion,Haryana,2021,2,Rabi,950,800,1100
Onion,Haryana,2021,3,Rabi,950,850,1150
Onion,Haryana,2021,10,Kharif,800,650,950
Onion,Haryana,2021,11,Kharif,900,700,1100
Onion,Haryana,2022,1,Rabi,1000,900,1200
Onion,Haryana,2022,2,Rabi,900,750,1100
Onion,Haryana,2022,3,Rabi,1050,950,1250
Onion,Haryana,2022,10,Kharif,800,650,950
Onion,Haryana,2022,11,Kharif,850,750,1000
Onion,Haryana,2023,1,Rabi,800,700,1050
Onion,Haryana,2023,2,Rabi,1000,900,1200
Onion,Haryana,2023,3,Rabi,900,750,1100
Onion,Haryana,2023,10,Kharif,950,800,1150
Onion,Haryana,2023,11,Kharif,800,650,1000
Onion,Himachal Pradesh,2020,1,Rabi,800,650,900
Onion,Himachal Pradesh,2020,2,Rabi,800,700,950
Onion,Himachal Pradesh,2020,3,Rabi,950,800,1100
Onion,Himachal Pradesh,2020,10,Kharif,750,600,950
Onion,Himachal Pradesh,2020,11,Kharif,750,600,900
Onion,Himachal Pradesh,2021,1,Rabi,750,650,900
Onion,Himachal Pradesh,2021,2,Rabi,950,750,1250
Onion,Himachal Pradesh,2021,3,Rabi,1000,900,1200
Onion,Himachal Pradesh,2021,10,Kharif,950,850,1100
Onion,Himachal Pradesh,2021,11,Kharif,950,800,1200
Onion,Himachal Pradesh,2022,1,Rabi,950,800,1200
Onion,Himachal Pradesh,2022,2,Rabi,850,700,1050
Onion,Himachal Pradesh,2022,3,Rabi,1000,850,1200
Onion,Himachal Pradesh,2022,10,Kharif,900,800,1100
Onion,Himachal Pradesh,2022,11,Kharif,1050,950,1200
Onion,Himachal Pradesh,2023,1,Rabi,1050,900,1250
Onion,Himachal Pradesh,2023,2,Rabi,950,750,1150
Onion,Himachal Pradesh,2023,3,Rabi,1100,950,1300
Onion,Himachal Pradesh,2023,10,Kharif,900,700,1100
Onion,Himachal Pradesh,2023,11,Kharif,1000,850,1150
Onion,Jammu & Kashmir,2020,1,Rabi,950,800,1150
Onion,Jammu & Kashmir,2020,2,Rabi,750,600,900
Onion,Jammu & Kashmir,2020,3,Rabi,800,700,950
Onion,Jammu & Kashmir,2020,10,Kharif,950,800,1150
Onion,Jammu & Kashmir,2020,11,Kharif,800,650,1050
Onion,Jammu & Kashmir,2021,1,Rabi,900,800,1150
Onion,Jammu & Kashmir,2021,2,Rabi,950,800,1150
Onion,Jammu & Kashmir,2021,3,Rabi,850,700,1000
Onion,Jammu & Kashmir,2021,10,Kharif,850,700,1100
Onion,Jammu & Kashmir,2021,11,Kharif,900,800,1100
Onion,Jammu & Kashmir,2022,1,Rabi,1100,950,1250
Onion,Jammu & Kashmir,2022,2,Rabi,1050,950,1200
Onion,Jammu & Kashmir,2022,3,Rabi,900,800,1050
Onion,Jammu & Kashmir,2022,10,Kharif,1100,950,1250
Onion,Jammu & Kashmir,2022,11,Kharif,1100,950,1300
Onion,Jammu & Kashmir,2023,1,Rabi,1050,900,1200
Onion,Jammu & Kashmir,2023,2,Rabi,1150,1000,1350
Onion,Jammu & Kashmir,2023,3,Rabi,950,800,1150
Onion,Jammu & Kashmir,2023,10,Kharif,1150,1000,1300
Onion,Jammu & Kashmir,2023,11,Kharif,1100,950,1250
Onion,Jharkhand,2020,1,Rabi,850,700,1000
Onion,Jharkhand,2020,2,Rabi,800,650,950
Onion,Jharkhand,2020,3,Rabi,700,600,900
Onion,Jharkhand,2020,10,Kharif,850,750,1100
Onion,Jharkhand,2020,11,Kharif,700,550,900
Onion,Jharkhand,2021,1,Rabi,800,700,950
Onion,Jharkhand,2021,2,Rabi,800,700,950
Onion,Jharkhand,2021,3,Rabi,750,650,900
Onion,Jharkhand,2021,10,Kharif,700,600,900
Onion,Jharkhand,2021,11,Kharif,700,600,850
Onion,Jharkhand,2022,1,Rabi,800,700,1000
Onion,Jharkhand,2022,2,Rabi,800,650,1050
Onion,Jharkhand,2022,3,Rabi,700,550,850
Onion,Jharkhand,2022,10,Kharif,850,750,1000
Onion,Jharkhand,2022,11,Kharif,900,700,1100
Onion,Jharkhand,2023,1,Rabi,900,800,1150
Onion,Jharkhand,2023,2,Rabi,850,650,1050
Onion,Jharkhand,2023,3,Rabi,850,750,1000
Onion,Jharkhand,2023,10,Kharif,750,600,950
Onion,Jharkhand,2023,11,Kharif,850,700,1000
Onion,Karnataka,2020,1,Rabi,700,600,900
Onion,Karnataka,2020,2,Rabi,750,650,850
Onion,Karnataka,2020,3,Rabi,750,600,850
Onion,Karnataka,2020,10,Kharif,800,700,950
Onion,Karnataka,2020,11,Kharif,700,600,850
Onion,Karnataka,2021,1,Rabi,900,800,1150
Onion,Karnataka,2021,2,Rabi,700,600,850
Onion,Karnataka,2021,3,Rabi,700,600,800
Onion,Karnataka,2021,10,Kharif,750,600,950
Onion,Karnataka,2021,11,Kharif,800,650,1000
Onion,Karnataka,2022,1,Rabi,900,750,1150
Onion,Karnataka,2022,2,Rabi,800,700,1000
Onion,Karnataka,2022,3,Rabi,750,600,950
Onion,Karnataka,2022,10,Kharif,1000,900,1150
Onion,Karnataka,2022,11,Kharif,950,800,1150
Onion,Karnataka,2023,1,Rabi,850,700,1000
Onion,Karnataka,2023,2,Rabi,1000,850,1100
Onion,Karnataka,2023,3,Rabi,950,750,1200
Onion,Karnataka,2023,10,Kharif,950,800,1150
Onion,Karnataka,2023,11,Kharif,950,800,1200
Onion,Kerala,2020,1,Rabi,1000,850,1150
Onion,Kerala,2020,2,Rabi,800,700,1000
Onion,Kerala,2020,3,Rabi,1000,850,1100
Onion,Kerala,2020,10,Kharif,750,650,950
Onion,Kerala,2020,11,Kharif,800,650,1000
Onion,Kerala,2021,1,Rabi,750,600,950
Onion,Kerala,2021,2,Rabi,950,750,1200
Onion,Kerala,2021,3,Rabi,950,750,1150
Onion,Kerala,2021,10,Kharif,950,800,1100
Onion,Kerala,2021,11,Kharif,900,800,1050
Onion,Kerala,2022,1,Rabi,900,800,1150
Onion,Kerala,2022,2,Rabi,900,700,1050
Onion,Kerala,2022,3,Rabi,850,700,1000
Onion,Kerala,2022,10,Kharif,1100,1000,1350
Onion,Kerala,2022,11,Kharif,900,700,1050
Onion,Kerala,2023,1,Rabi,1000,900,1200
Onion,Kerala,2023,2,Rabi,1150,1000,1400
Onion,Kerala,2023,3,Rabi,1000,900,1150
Onion,Kerala,2023,10,Kharif,950,850,1100
Onion,Kerala,2023,11,Kharif,950,750,1200
Onion,Madhya Pradesh,2020,1,Rabi,650,550,750
Onion,Madhya Pradesh,2020,2,Rabi,850,700,1100
Onion,Madhya Pradesh,2020,3,Rabi,850,750,1000
Onion,Madhya Pradesh,2020,10,Kharif,750,600,950
Onion,Madhya Pradesh,2020,11,Kharif,800,700,950
Onion,Madhya Pradesh,2021,1,Rabi,850,750,1050
Onion,Madhya Pradesh,2021,2,Rabi,800,650,950
Onion,Madhya Pradesh,2021,3,Rabi,850,700,1000
Onion,Madhya Pradesh,2021,10,Kharif,700,600,850
Onion,Madhya Pradesh,2021,11,Kharif,750,650,950
Onion,Madhya Pradesh,2022,1,Rabi,750,600,900
Onion,Madhya Pradesh,2022,2,Rabi,800,700,1000
Onion,Madhya Pradesh,2022,3,Rabi,950,800,1200
Onion,Madhya Pradesh,2022,10,Kharif,800,700,1050
Onion,Madhya Pradesh,2022,11,Kharif,700,600,800
Onion,Madhya Pradesh,2023,1,Rabi,950,800,1200
Onion,Madhya Pradesh,2023,2,Rabi,1000,900,1150
Onion,Madhya Pradesh,2023,3,Rabi,850,650,1000
Onion,Madhya Pradesh,2023,10,Kharif,900,750,1100
Onion,Madhya Pradesh,2023,11,Kharif,750,600,900
Onion,Maharashtra,2020,1,Rabi,800,700,1000
Onion,Maharashtra,2020,2,Rabi,700,600,900
Onion,Maharashtra,2020,3,Rabi,950,800,1150
Onion,Maharashtra,2020,10,Kharif,750,600,900
Onion,Maharashtra,2020,11,Kharif,800,700,950
Onion,Maharashtra,2021,1,Rabi,800,700,1050
Onion,Maharashtra,2021,2,Rabi,900,800,1150
Onion,Maharashtra,2021,3,Rabi,900,750,1100
Onion,Maharashtra,2021,10,Kharif,800,650,1050
Onion,Maharashtra,2021,11,Kharif,750,600,950
Onion,Maharashtra,2022,1,Rabi,850,750,1000
Onion,Maharashtra,2022,2,Rabi,850,700,1100
Onion,Maharashtra,2022,3,Rabi,800,650,1000
Onion,Maharashtra,2022,10,Kharif,1000,900,1150
Onion,Maharashtra,2022,11,Kharif,750,600,950
Onion,Maharashtra,2023,1,Rabi,800,650,1000
Onion,Maharashtra,2023,2,Rabi,1100,1000,1250
Onion,Maharashtra,2023,3,Rabi,950,850,1200
Onion,Maharashtra,2023,10,Kharif,1100,950,1250
Onion,Maharashtra,2023,11,Kharif,800,700,1000
Onion,Manipur,2020,1,Rabi,700,600,800
Onion,Manipur,2020,2,Rabi,650,500,750
Onion,Manipur,2020,3,Rabi,750,650,950
Onion,Manipur,2020,10,Kharif,700,600,850
Onion,Manipur,2020,11,Kharif,800,700,1000
Onion,Manipur,2021,1,Rabi,800,700,1000
Onion,Manipur,2021,2,Rabi,800,650,950
Onion,Manipur,2021,3,Rabi,750,650,900
Onion,Manipur,2021,10,Kharif,900,800,1100
Onion,Manipur,2021,11,Kharif,750,600,950
Onion,Manipur,2022,1,Rabi,750,600,950
Onion,Manipur,2022,2,Rabi,850,750,1000
Onion,Manipur,2022,3,Rabi,900,750,1150
Onion,Manipur,2022,10,Kharif,750,650,950
Onion,Manipur,2022,11,Kharif,800,700,1050
Onion,Manipur,2023,1,Rabi,750,600,900
Onion,Manipur,2023,2,Rabi,750,600,950
Onion,Manipur,2023,3,Rabi,950,800,1200
Onion,Manipur,2023,10,Kharif,1000,900,1150
Onion,Manipur,2023,11,Kharif,750,600,900
Onion,Meghalaya,2020,1,Rabi,750,650,900
Onion,Meghalaya,2020,2,Rabi,800,700,1000
Onion,Meghalaya,2020,3,Rabi,850,700,1000
Onion,Meghalaya,2020,10,Kharif,800,650,950
Onion,Meghalaya,2020,11,Kharif,700,550,900
Onion,Meghalaya,2021,1,Rabi,750,600,900
Onion,Meghalaya,2021,2,Rabi,750,650,950
Onion,Meghalaya,2021,3,Rabi,750,650,950
Onion,Meghalaya,2021,10,Kharif,700,600,800
Onion,Meghalaya,2021,11,Kharif,850,700,1100
Onion,Meghalaya,2022,1,Rabi,950,750,1100
Onion,Meghalaya,2022,2,Rabi,950,750,1150
Onion,Meghalaya,2022,3,Rabi,750,600,900
Onion,Meghalaya,2022,10,Kharif,750,600,900
Onion,Meghalaya,2022,11,Kharif,950,850,1150
Onion,Meghalaya,2023,1,Rabi,750,600,900
Onion,Meghalaya,2023,2,Rabi,900,700,1050
Onion,Meghalaya,2023,3,Rabi,1050,950,1250
Onion,Meghalaya,2023,10,Kharif,800,650,950
Onion,Meghalaya,2023,11,Kharif,800,650,900
Onion,Odisha,2020,1,Rabi,750,650,950
Onion,Odisha,2020,2,Rabi,800,650,1000
Onion,Odisha,2020,3,Rabi,800,650,1000
Onion,Odisha,2020,10,Kharif,650,550,850
Onion,Odisha,2020,11,Kharif,700,600,850
Onion,Odisha,2021,1,Rabi,800,700,950
Onion,Odisha,2021,2,Rabi,700,600,850
Onion,Odisha,2021,3,Rabi,800,650,950
Onion,Odisha,2021,10,Kharif,800,700,950
Onion,Odisha,2021,11,Kharif,800,650,1050
Onion,Odisha,2022,1,Rabi,800,700,950
Onion,Odisha,2022,2,Rabi,950,750,1200
Onion,Odisha,2022,3,Rabi,750,650,850
Onion,Odisha,2022,10,Kharif,850,700,1100
Onion,Odisha,2022,11,Kharif,750,650,950
Onion,Odisha,2023,1,Rabi,1000,850,1100
Onion,Odisha,2023,2,Rabi,850,750,1000
Onion,Odisha,2023,3,Rabi,750,650,900
Onion,Odisha,2023,10,Kharif,900,750,1100
Onion,Odisha,2023,11,Kharif,800,650,1000
Onion,Punjab,2020,1,Rabi,900,750,1100
Onion,Punjab,2020,2,Rabi,950,750,1200
Onion,Punjab,2020,3,Rabi,950,800,1150
Onion,Punjab,2020,10,Kharif,850,750,1100
Onion,Punjab,2020,11,Kharif,800,650,1000
Onion,Punjab,2021,1,Rabi,900,700,1150
Onion,Punjab,2021,2,Rabi,800,650,950
Onion,Punjab,2021,3,Rabi,800,650,1000
Onion,Punjab,2021,10,Kharif,900,800,1100
Onion,Punjab,2021,11,Kharif,800,650,950
Onion,Punjab,2022,1,Rabi,1100,950,1300
Onion,Punjab,2022,2,Rabi,850,700,1100
Onion,Punjab,2022,3,Rabi,850,750,1000
Onion,Punjab,2022,10,Kharif,1000,900,1150
Onion,Punjab,2022,11,Kharif,1050,900,1200
Onion,Punjab,2023,1,Rabi,1150,1050,1300
Onion,Punjab,2023,2,Rabi,850,700,1100
Onion,Punjab,2023,3,Rabi,850,700,1050
Onion,Punjab,2023,10,Kharif,1000,900,1150
Onion,Punjab,2023,11,Kharif,1100,950,1300
Onion,Rajasthan,2020,1,Rabi,850,750,1000
Onion,Rajasthan,2020,2,Rabi,750,650,900
Onion,Rajasthan,2020,3,Rabi,850,700,1050
Onion,Rajasthan,2020,10,Kharif,650,550,850
Onion,Rajasthan,2020,11,Kharif,750,600,850
Onion,Rajasthan,2021,1,Rabi,700,600,850
Onion,Rajasthan,2021,2,Rabi,900,750,1050
Onion,Rajasthan,2021,3,Rabi,700,600,850
Onion,Rajasthan,2021,10,Kharif,850,700,1050
Onion,Rajasthan,2021,11,Kharif,800,650,1000
Onion,Rajasthan,2022,1,Rabi,950,750,1200
Onion,Rajasthan,2022,2,Rabi,950,750,1200
Onion,Rajasthan,2022,3,Rabi,900,750,1050
Onion,Rajasthan,2022,10,Kharif,950,750,1150
Onion,Rajasthan,2022,11,Kharif,800,650,1000
Onion,Rajasthan,2023,1,Rabi,1000,900,1200
Onion,Rajasthan,2023,2,Rabi,1000,850,1150
Onion,Rajasthan,2023,3,Rabi,1000,900,1150
Onion,Rajasthan,2023,10,Kharif,800,650,1000
Onion,Rajasthan,2023,11,Kharif,1000,850,1150
Onion,Tamil Nadu,2020,1,Rabi,700,600,850
Onion,Tamil Nadu,2020,2,Rabi,700,600,900
Onion,Tamil Nadu,2020,3,Rabi,850,750,1050
Onion,Tamil Nadu,2020,10,Kharif,850,700,1050
Onion,Tamil Nadu,2020,11,Kharif,900,750,1100
Onion,Tamil Nadu,2021,1,Rabi,750,650,850
Onion,Tamil Nadu,2021,2,Rabi,950,750,1150
Onion,Tamil Nadu,2021,3,Rabi,950,800,1200
Onion,Tamil Nadu,2021,10,Kharif,800,650,950
Onion,Tamil Nadu,2021,11,Kharif,850,750,1050
Onion,Tamil Nadu,2022,1,Rabi,900,800,1150
Onion,Tamil Nadu,2022,2,Rabi,1050,950,1200
Onion,Tamil Nadu,2022,3,Rabi,850,700,1100
Onion,Tamil Nadu,2022,10,Kharif,850,700,1000
Onion,Tamil Nadu,2022,11,Kharif,800,700,1000
Onion,Tamil Nadu,2023,1,Rabi,800,700,1000
Onion,Tamil Nadu,2023,2,Rabi,1000,850,1100
Onion,Tamil Nadu,2023,3,Rabi,1000,900,1200
Onion,Tamil Nadu,2023,10,Kharif,950,750,1250
Onion,Tamil Nadu,2023,11,Kharif,800,650,950
Onion,Telangana,2020,1,Rabi,750,650,900
Onion,Telangana,2020,2,Rabi,700,600,900
Onion,Telangana,2020,3,Rabi,900,750,1050
Onion,Telangana,2020,10,Kharif,750,600,950
Onion,Telangana,2020,11,Kharif,750,650,950
Onion,Telangana,2021,1,Rabi,900,800,1150
Onion,Telangana,2021,2,Rabi,950,800,1200
Onion,Telangana,2021,3,Rabi,800,650,1000
Onion,Telangana,2021,10,Kharif,750,600,950
Onion,Telangana,2021,11,Kharif,800,700,1000
Onion,Telangana,2022,1,Rabi,1000,900,1200
Onion,Telangana,2022,2,Rabi,850,700,1000
Onion,Telangana,2022,3,Rabi,800,700,950
Onion,Telangana,2022,10,Kharif,800,650,1000
Onion,Telangana,2022,11,Kharif,800,650,950
Onion,Telangana,2023,1,Rabi,800,700,1000
Onion,Telangana,2023,2,Rabi,1000,900,1100
Onion,Telangana,2023,3,Rabi,950,800,1150
Onion,Telangana,2023,10,Kharif,950,850,1150
Onion,Telangana,2023,11,Kharif,1000,900,1200
Onion,Tripura,2020,1,Rabi,750,600,950
Onion,Tripura,2020,2,Rabi,650,500,800
Onion,Tripura,2020,3,Rabi,650,550,800
Onion,Tripura,2020,10,Kharif,800,700,1000
Onion,Tripura,2020,11,Kharif,800,700,1000
Onion,Tripura,2021,1,Rabi,850,700,1050
Onion,Tripura,2021,2,Rabi,700,600,850
Onion,Tripura,2021,3,Rabi,700,550,850
Onion,Tripura,2021,10,Kharif,650,550,850
Onion,Tripura,2021,11,Kharif,850,700,1050
Onion,Tripura,2022,1,Rabi,800,650,1000
Onion,Tripura,2022,2,Rabi,700,550,850
Onion,Tripura,2022,3,Rabi,750,650,900
Onion,Tripura,2022,10,Kharif,900,800,1100
Onion,Tripura,2022,11,Kharif,750,650,900
Onion,Tripura,2023,1,Rabi,850,700,1050
Onion,Tripura,2023,2,Rabi,750,600,950
Onion,Tripura,2023,3,Rabi,950,750,1200
Onion,Tripura,2023,10,Kharif,850,700,1000
Onion,Tripura,2023,11,Kharif,750,600,850
Onion,Uttar Pradesh,2020,1,Rabi,800,700,900
Onion,Uttar Pradesh,2020,2,Rabi,750,650,900
Onion,Uttar Pradesh,2020,3,Rabi,800,700,1000
Onion,Uttar Pradesh,2020,10,Kharif,700,600,850
Onion,Uttar Pradesh,2020,11,Kharif,700,550,900
Onion,Uttar Pradesh,2021,1,Rabi,800,650,1000
Onion,Uttar Pradesh,2021,2,Rabi,700,550,850
Onion,Uttar Pradesh,2021,3,Rabi,800,650,1000
Onion,Uttar Pradesh,2021,10,Kharif,700,600,850
Onion,Uttar Pradesh,2021,11,Kharif,900,750,1050
Onion,Uttar Pradesh,2022,1,Rabi,750,600,950
Onion,Uttar Pradesh,2022,2,Rabi,700,600,850
Onion,Uttar Pradesh,2022,3,Rabi,750,650,950
Onion,Uttar Pradesh,2022,10,Kharif,850,700,1050
Onion,Uttar Pradesh,2022,11,Kharif,1000,900,1150
Onion,Uttar Pradesh,2023,1,Rabi,950,800,1200
Onion,Uttar Pradesh,2023,2,Rabi,1050,900,1300
Onion,Uttar Pradesh,2023,3,Rabi,1000,900,1150
Onion,Uttar Pradesh,2023,10,Kharif,950,750,1150
Onion,Uttar Pradesh,2023,11,Kharif,850,750,1000
Onion,Uttarakhand,2020,1,Rabi,800,650,1000
Onion,Uttarakhand,2020,2,Rabi,800,650,950
Onion,Uttarakhand,2020,3,Rabi,850,700,1000
Onion,Uttarakhand,2020,10,Kharif,700,600,850
Onion,Uttarakhand,2020,11,Kharif,650,500,750
Onion,Uttarakhand,2021,1,Rabi,900,800,1150
Onion,Uttarakhand,2021,2,Rabi,800,700,950
Onion,Uttarakhand,2021,3,Rabi,850,700,1100
Onion,Uttarakhand,2021,10,Kharif,850,750,1050
Onion,Uttarakhand,2021,11,Kharif,750,650,900
Onion,Uttarakhand,2022,1,Rabi,850,700,1050
Onion,Uttarakhand,2022,2,Rabi,950,750,1250
Onion,Uttarakhand,2022,3,Rabi,800,650,1000
Onion,Uttarakhand,2022,10,Kharif,900,750,1150
Onion,Uttarakhand,2022,11,Kharif,850,700,1050
Onion,Uttarakhand,2023,1,Rabi,750,650,950
Onion,Uttarakhand,2023,2,Rabi,850,700,1050
Onion,Uttarakhand,2023,3,Rabi,1000,900,1200
Onion,Uttarakhand,2023,10,Kharif,800,650,950
Onion,Uttarakhand,2023,11,Kharif,950,800,1200
Onion,West Bengal,2020,1,Rabi,900,750,1150
Onion,West Bengal,2020,2,Rabi,700,600,850
Onion,West Bengal,2020,3,Rabi,800,650,950
Onion,West Bengal,2020,10,Kharif,700,600,900
Onion,West Bengal,2020,11,Kharif,700,600,850
Onion,West Bengal,2021,1,Rabi,750,600,900
Onion,West Bengal,2021,2,Rabi,700,550,850
Onion,West Bengal,2021,3,Rabi,850,750,1050
Onion,West Bengal,2021,10,Kharif,850,700,1000
Onion,West Bengal,2021,11,Kharif,950,750,1100
Onion,West Bengal,2022,1,Rabi,900,700,1050
Onion,West Bengal,2022,2,Rabi,750,650,950
Onion,West Bengal,2022,3,Rabi,850,650,1100
Onion,West Bengal,2022,10,Kharif,850,700,1100
Onion,West Bengal,2022,11,Kharif,750,600,950
Onion,West Bengal,2023,1,Rabi,1050,900,1250
Onion,West Bengal,2023,2,Rabi,950,750,1200
Onion,West Bengal,2023,3,Rabi,1000,900,1200
Onion,West Bengal,2023,10,Kharif,1000,900,1150
Onion,West Bengal,2023,11,Kharif,800,700,950
Potato,Andhra Pradesh,2020,1,Rabi,650,550,800
Potato,Andhra Pradesh,2020,2,Rabi,650,550,800
Potato,Andhra Pradesh,2020,3,Rabi,550,450,650
Potato,Andhra Pradesh,2020,12,Rabi,600,500,750
Potato,Andhra Pradesh,2021,1,Rabi,600,500,700
Potato,Andhra Pradesh,2021,2,Rabi,650,500,750
Potato,Andhra Pradesh,2021,3,Rabi,750,650,850
Potato,Andhra Pradesh,2021,12,Rabi,600,500,750
Potato,Andhra Pradesh,2022,1,Rabi,700,550,850
Potato,Andhra Pradesh,2022,2,Rabi,750,650,900
Potato,Andhra Pradesh,2022,3,Rabi,750,650,950
Potato,Andhra Pradesh,2022,12,Rabi,750,650,950
Potato,Andhra Pradesh,2023,1,Rabi,750,650,950
Potato,Andhra Pradesh,2023,2,Rabi,700,550,900
Potato,Andhra Pradesh,2023,3,Rabi,800,700,900
Potato,Andhra Pradesh,2023,12,Rabi,650,550,800
Potato,Assam,2020,1,Rabi,600,500,750
Potato,Assam,2020,2,Rabi,650,550,850
Potato,Assam,2020,3,Rabi,600,550,750
Potato,Assam,2020,12,Rabi,550,450,700
Potato,Assam,2021,1,Rabi,600,500,700
Potato,Assam,2021,2,Rabi,650,500,800
Potato,Assam,2021,3,Rabi,650,550,850
Potato,Assam,2021,12,Rabi,700,600,800
Potato,Assam,2022,1,Rabi,750,600,950
Potato,Assam,2022,2,Rabi,700,600,900
Potato,Assam,2022,3,Rabi,700,600,850
Potato,Assam,2022,12,Rabi,600,450,700
Potato,Assam,2023,1,Rabi,650,600,800
Potato,Assam,2023,2,Rabi,700,600,800
Potato,Assam,2023,3,Rabi,700,600,900
Potato,Assam,2023,12,Rabi,800,700,900
Potato,Bihar,2020,1,Rabi,600,500,750
Potato,Bihar,2020,2,Rabi,550,450,650
Potato,Bihar,2020,3,Rabi,650,550,800
Potato,Bihar,2020,12,Rabi,700,550,900
Potato,Bihar,2021,1,Rabi,700,600,900
Potato,Bihar,2021,2,Rabi,650,550,800
Potato,Bihar,2021,3,Rabi,600,500,700
Potato,Bihar,2021,12,Rabi,700,600,800
Potato,Bihar,2022,1,Rabi,750,600,950
Potato,Bihar,2022,2,Rabi,650,550,850
Potato,Bihar,2022,3,Rabi,600,500,750
Potato,Bihar,2022,12,Rabi,750,600,950
Potato,Bihar,2023,1,Rabi,650,550,800
Potato,Bihar,2023,2,Rabi,650,550,750
Potato,Bihar,2023,3,Rabi,650,600,800
Potato,Bihar,2023,12,Rabi,650,550,850
Potato,Chhattisgarh,2020,1,Rabi,600,500,750
Potato,Chhattisgarh,2020,2,Rabi,600,500,750
Potato,Chhattisgarh,2020,3,Rabi,650,550,850
Potato,Chhattisgarh,2020,12,Rabi,600,500,750
Potato,Chhattisgarh,2021,1,Rabi,700,550,800
Potato,Chhattisgarh,2021,2,Rabi,700,600,900
Potato,Chhattisgarh,2021,3,Rabi,650,550,800
Potato,Chhattisgarh,2021,12,Rabi,600,500,750
Potato,Chhattisgarh,2022,1,Rabi,700,600,850
Potato,Chhattisgarh,2022,2,Rabi,600,500,750
Potato,Chhattisgarh,2022,3,Rabi,600,500,750
Potato,Chhattisgarh,2022,12,Rabi,650,550,800
Potato,Chhattisgarh,2023,1,Rabi,750,650,900
Potato,Chhattisgarh,2023,2,Rabi,650,550,800
Potato,Chhattisgarh,2023,3,Rabi,700,600,900
Potato,Chhattisgarh,2023,12,Rabi,750,600,900
Potato,Goa,2020,1,Rabi,650,550,750
Potato,Goa,2020,2,Rabi,800,650,1000
Potato,Goa,2020,3,Rabi,750,600,950
Potato,Goa,2020,12,Rabi,650,550,800
Potato,Goa,2021,1,Rabi,700,550,850
Potato,Goa,2021,2,Rabi,750,650,950
Potato,Goa,2021,3,Rabi,700,600,850
Potato,Goa,2021,12,Rabi,750,600,950
Potato,Goa,2022,1,Rabi,900,800,1100
Potato,Goa,2022,2,Rabi,800,700,1000
Potato,Goa,2022,3,Rabi,900,700,1150
Potato,Goa,2022,12,Rabi,800,700,1050
Potato,Goa,2023,1,Rabi,850,750,1000
Potato,Goa,2023,2,Rabi,900,700,1050
Potato,Goa,2023,3,Rabi,850,750,1050
Potato,Goa,2023,12,Rabi,850,750,1000
Potato,Gujarat,2020,1,Rabi,700,550,900
Potato,Gujarat,2020,2,Rabi,650,550,800
Potato,Gujarat,2020,3,Rabi,600,500,800
Potato,Gujarat,2020,12,Rabi,650,550,750
Potato,Gujarat,2021,1,Rabi,650,550,850
Potato,Gujarat,2021,2,Rabi,650,550,750
Potato,Gujarat,2021,3,Rabi,750,600,950
Potato,Gujarat,2021,12,Rabi,750,650,950
Potato,Gujarat,2022,1,Rabi,800,650,1000
Potato,Gujarat,2022,2,Rabi,700,600,900
Potato,Gujarat,2022,3,Rabi,700,600,900
Potato,Gujarat,2022,12,Rabi,700,600,800
Potato,Gujarat,2023,1,Rabi,750,650,900
Potato,Gujarat,2023,2,Rabi,800,700,1050
Potato,Gujarat,2023,3,Rabi,700,600,850
Potato,Gujarat,2023,12,Rabi,750,650,950
Potato,Haryana,2020,1,Rabi,600,500,750
Potato,Haryana,2020,2,Rabi,750,600,900
Potato,Haryana,2020,3,Rabi,650,500,850
Potato,Haryana,2020,12,Rabi,650,500,800
Potato,Haryana,2021,1,Rabi,650,550,800
Potato,Haryana,2021,2,Rabi,750,650,950
Potato,Haryana,2021,3,Rabi,650,550,800
Potato,Haryana,2021,12,Rabi,700,600,850
Potato,Haryana,2022,1,Rabi,750,650,950
Potato,Haryana,2022,2,Rabi,800,700,1050
Potato,Haryana,2022,3,Rabi,800,700,950
Potato,Haryana,2022,12,Rabi,800,650,1050
Potato,Haryana,2023,1,Rabi,850,750,1050
Potato,Haryana,2023,2,Rabi,700,550,800
Potato,Haryana,2023,3,Rabi,800,700,900
Potato,Haryana,2023,12,Rabi,700,600,900
Potato,Himachal Pradesh,2020,1,Rabi,600,500,700
Potato,Himachal Pradesh,2020,2,Rabi,700,550,850
Potato,Himachal Pradesh,2020,3,Rabi,650,550,850
Potato,Himachal Pradesh,2020,12,Rabi,650,500,850
Potato,Himachal Pradesh,2021,1,Rabi,750,650,950
Potato,Himachal Pradesh,2021,2,Rabi,750,600,900
Potato,Himachal Pradesh,2021,3,Rabi,700,600,850
Potato,Himachal Pradesh,2021,12,Rabi,750,650,900
Potato,Himachal Pradesh,2022,1,Rabi,850,700,1050
Potato,Himachal Pradesh,2022,2,Rabi,850,700,1050
Potato,Himachal Pradesh,2022,3,Rabi,850,700,1000
Potato,Himachal Pradesh,2022,12,Rabi,700,600,850
Potato,Himachal Pradesh,2023,1,Rabi,750,600,950
Potato,Himachal Pradesh,2023,2,Rabi,850,700,1100
Potato,Himachal Pradesh,2023,3,Rabi,750,600,950
Potato,Himachal Pradesh,2023,12,Rabi,700,600,850
Potato,Jammu & Kashmir,2020,1,Rabi,750,600,950
Potato,Jammu & Kashmir,2020,2,Rabi,750,650,850
Potato,Jammu & Kashmir,2020,3,Rabi,700,600,900
Potato,Jammu & Kashmir,2020,12,Rabi,650,500,800
Potato,Jammu & Kashmir,2021,1,Rabi,700,550,850
Potato,Jammu & Kashmir,2021,2,Rabi,650,550,800
Potato,Jammu & Kashmir,2021,3,Rabi,800,650,950
Potato,Jammu & Kashmir,2021,12,Rabi,750,600,900
Potato,Jammu & Kashmir,2022,1,Rabi,750,600,900
Potato,Jammu & Kashmir,2022,2,Rabi,750,650,900
Potato,Jammu & Kashmir,2022,3,Rabi,700,550,850
Potato,Jammu & Kashmir,2022,12,Rabi,700,600,850
Potato,Jammu & Kashmir,2023,1,Rabi,900,750,1050
Potato,Jammu & Kashmir,2023,2,Rabi,800,650,950
Potato,Jammu & Kashmir,2023,3,Rabi,700,550,900
Potato,Jammu & Kashmir,2023,12,Rabi,900,750,1150
Potato,Jharkhand,2020,1,Rabi,650,550,800
Potato,Jharkhand,2020,2,Rabi,600,450,700
Potato,Jharkhand,2020,3,Rabi,600,500,750
Potato,Jharkhand,2020,12,Rabi,650,500,800
Potato,Jharkhand,2021,1,Rabi,700,550,800
Potato,Jharkhand,2021,2,Rabi,700,600,850
Potato,Jharkhand,2021,3,Rabi,700,600,800
Potato,Jharkhand,2021,12,Rabi,650,500,850
Potato,Jharkhand,2022,1,Rabi,700,550,800
Potato,Jharkhand,2022,2,Rabi,650,550,850
Potato,Jharkhand,2022,3,Rabi,700,550,850
Potato,Jharkhand,2022,12,Rabi,650,550,850
Potato,Jharkhand,2023,1,Rabi,750,650,950
Potato,Jharkhand,2023,2,Rabi,700,550,800
Potato,Jharkhand,2023,3,Rabi,750,600,850
Potato,Jharkhand,2023,12,Rabi,650,550,800
Potato,Karnataka,2020,1,Rabi,600,450,750
Potato,Karnataka,2020,2,Rabi,600,550,750
Potato,Karnataka,2020,3,Rabi,650,550,800
Potato,Karnataka,2020,12,Rabi,700,550,800
Potato,Karnataka,2021,1,Rabi,600,500,750
Potato,Karnataka,2021,2,Rabi,700,600,850
Potato,Karnataka,2021,3,Rabi,600,500,700
Potato,Karnataka,2021,12,Rabi,700,600,800
Potato,Karnataka,2022,1,Rabi,750,600,900
Potato,Karnataka,2022,2,Rabi,750,650,900
Potato,Karnataka,2022,3,Rabi,750,650,900
Potato,Karnataka,2022,12,Rabi,750,650,900
Potato,Karnataka,2023,1,Rabi,800,700,950
Potato,Karnataka,2023,2,Rabi,650,550,750
Potato,Karnataka,2023,3,Rabi,750,600,850
Potato,Karnataka,2023,12,Rabi,700,600,850
Potato,Kerala,2020,1,Rabi,650,550,800
Potato,Kerala,2020,2,Rabi,750,650,900
Potato,Kerala,2020,3,Rabi,650,550,800
Potato,Kerala,2020,12,Rabi,700,600,850
Potato,Kerala,2021,1,Rabi,800,700,1000
Potato,Kerala,2021,2,Rabi,750,650,900
Potato,Kerala,2021,3,Rabi,750,650,950
Potato,Kerala,2021,12,Rabi,750,600,900
Potato,Kerala,2022,1,Rabi,750,650,900
Potato,Kerala,2022,2,Rabi,750,600,900
Potato,Kerala,2022,3,Rabi,750,600,950
Potato,Kerala,2022,12,Rabi,800,700,1000
Potato,Kerala,2023,1,Rabi,850,700,1000
Potato,Kerala,2023,2,Rabi,800,700,1000
Potato,Kerala,2023,3,Rabi,900,750,1150
Potato,Kerala,2023,12,Rabi,850,700,1000
Potato,Madhya Pradesh,2020,1,Rabi,600,500,700
Potato,Madhya Pradesh,2020,2,Rabi,650,550,800
Potato,Madhya Pradesh,2020,3,Rabi,550,450,700
Potato,Madhya Pradesh,2020,12,Rabi,700,550,900
Potato,Madhya Pradesh,2021,1,Rabi,750,650,950
Potato,Madhya Pradesh,2021,2,Rabi,750,650,850
Potato,Madhya Pradesh,2021,3,Rabi,650,550,750
Potato,Madhya Pradesh,2021,12,Rabi,700,600,850
Potato,Madhya Pradesh,2022,1,Rabi,750,600,950
Potato,Madhya Pradesh,2022,2,Rabi,800,650,950
Potato,Madhya Pradesh,2022,3,Rabi,700,600,850
Potato,Madhya Pradesh,2022,12,Rabi,750,650,950
Potato,Madhya Pradesh,2023,1,Rabi,700,550,900
Potato,Madhya Pradesh,2023,2,Rabi,750,600,950
Potato,Madhya Pradesh,2023,3,Rabi,650,550,800
Potato,Madhya Pradesh,2023,12,Rabi,700,550,850
Potato,Maharashtra,2020,1,Rabi,700,600,850
Potato,Maharashtra,2020,2,Rabi,650,550,800
Potato,Maharashtra,2020,3,Rabi,750,600,950
Potato,Maharashtra,2020,12,Rabi,700,550,850
Potato,Maharashtra,2021,1,Rabi,700,600,850
Potato,Maharashtra,2021,2,Rabi,750,600,900
Potato,Maharashtra,2021,3,Rabi,800,650,1000
Potato,Maharashtra,2021,12,Rabi,650,550,800
Potato,Maharashtra,2022,1,Rabi,750,600,950
Potato,Maharashtra,2022,2,Rabi,700,600,850
Potato,Maharashtra,2022,3,Rabi,850,700,1050
Potato,Maharashtra,2022,12,Rabi,700,550,900
Potato,Maharashtra,2023,1,Rabi,800,700,950
Potato,Maharashtra,2023,2,Rabi,750,600,900
Potato,Maharashtra,2023,3,Rabi,750,650,950
Potato,Maharashtra,2023,12,Rabi,850,650,1000
Potato,Manipur,2020,1,Rabi,600,550,800
Potato,Manipur,2020,2,Rabi,600,500,700
Potato,Manipur,2020,3,Rabi,650,550,750
Potato,Manipur,2020,12,Rabi,600,500,700
Potato,Manipur,2021,1,Rabi,700,550,850
Potato,Manipur,2021,2,Rabi,650,500,750
Potato,Manipur,2021,3,Rabi,600,450,750
Potato,Manipur,2021,12,Rabi,700,550,900
Potato,Manipur,2022,1,Rabi,750,650,900
Potato,Manipur,2022,2,Rabi,700,600,900
Potato,Manipur,2022,3,Rabi,750,650,950
Potato,Manipur,2022,12,Rabi,750,650,950
Potato,Manipur,2023,1,Rabi,650,550,800
Potato,Manipur,2023,2,Rabi,750,600,950
Potato,Manipur,2023,3,Rabi,750,650,900
Potato,Manipur,2023,12,Rabi,750,600,900
Potato,Meghalaya,2020,1,Rabi,600,500,700
Potato,Meghalaya,2020,2,Rabi,550,450,700
Potato,Meghalaya,2020,3,Rabi,600,500,700
Potato,Meghalaya,2020,12,Rabi,550,450,650
Potato,Meghalaya,2021,1,Rabi,650,500,850
Potato,Meghalaya,2021,2,Rabi,700,600,900
Potato,Meghalaya,2021,3,Rabi,700,550,850
Potato,Meghalaya,2021,12,Rabi,650,600,850
Potato,Meghalaya,2022,1,Rabi,600,500,750
Potato,Meghalaya,2022,2,Rabi,650,600,800
Potato,Meghalaya,2022,3,Rabi,700,600,800
Potato,Meghalaya,2022,12,Rabi,650,550,800
Potato,Meghalaya,2023,1,Rabi,700,550,850
Potato,Meghalaya,2023,2,Rabi,700,600,850
Potato,Meghalaya,2023,3,Rabi,700,550,850
Potato,Meghalaya,2023,12,Rabi,650,500,800
Potato,Odisha,2020,1,Rabi,600,500,700
Potato,Odisha,2020,2,Rabi,600,500,750
Potato,Odisha,2020,3,Rabi,600,500,750
Potato,Odisha,2020,12,Rabi,550,450,650
Potato,Odisha,2021,1,Rabi,600,500,750
Potato,Odisha,2021,2,Rabi,600,500,700
Potato,Odisha,2021,3,Rabi,650,500,800
Potato,Odisha,2021,12,Rabi,600,500,750
Potato,Odisha,2022,1,Rabi,650,550,800
Potato,Odisha,2022,2,Rabi,600,500,700
Potato,Odisha,2022,3,Rabi,600,500,750
Potato,Odisha,2022,12,Rabi,650,550,800
Potato,Odisha,2023,1,Rabi,750,650,950
Potato,Odisha,2023,2,Rabi,650,550,800
Potato,Odisha,2023,3,Rabi,750,650,950
Potato,Odisha,2023,12,Rabi,650,500,750
Potato,Punjab,2020,1,Rabi,700,550,850
Potato,Punjab,2020,2,Rabi,700,600,850
Potato,Punjab,2020,3,Rabi,750,650,850
Potato,Punjab,2020,12,Rabi,700,600,850
Potato,Punjab,2021,1,Rabi,750,650,950
Potato,Punjab,2021,2,Rabi,700,600,800
Potato,Punjab,2021,3,Rabi,700,550,850
Potato,Punjab,2021,12,Rabi,700,600,850
Potato,Punjab,2022,1,Rabi,700,600,850
Potato,Punjab,2022,2,Rabi,700,600,900
Potato,Punjab,2022,3,Rabi,650,600,800
Potato,Punjab,2022,12,Rabi,800,650,1000
Potato,Punjab,2023,1,Rabi,750,650,850
Potato,Punjab,2023,2,Rabi,800,700,1000
Potato,Punjab,2023,3,Rabi,850,750,1000
Potato,Punjab,2023,12,Rabi,850,650,1050
Potato,Rajasthan,2020,1,Rabi,650,500,800
Potato,Rajasthan,2020,2,Rabi,600,500,750
Potato,Rajasthan,2020,3,Rabi,650,550,850
Potato,Rajasthan,2020,12,Rabi,650,500,800
Potato,Rajasthan,2021,1,Rabi,600,500,750
Potato,Rajasthan,2021,2,Rabi,700,600,850
Potato,Rajasthan,2021,3,Rabi,600,500,700
Potato,Rajasthan,2021,12,Rabi,650,550,750
Potato,Rajasthan,2022,1,Rabi,650,500,800
Potato,Rajasthan,2022,2,Rabi,650,550,800
Potato,Rajasthan,2022,3,Rabi,650,550,750
Potato,Rajasthan,2022,12,Rabi,700,600,850
Potato,Rajasthan,2023,1,Rabi,800,650,950
Potato,Rajasthan,2023,2,Rabi,750,600,900
Potato,Rajasthan,2023,3,Rabi,650,550,800
Potato,Rajasthan,2023,12,Rabi,650,550,750
Potato,Tamil Nadu,2020,1,Rabi,600,500,750
Potato,Tamil Nadu,2020,2,Rabi,650,550,800
Potato,Tamil Nadu,2020,3,Rabi,650,550,800
Potato,Tamil Nadu,2020,12,Rabi,650,550,800
Potato,Tamil Nadu,2021,1,Rabi,650,500,750
Potato,Tamil Nadu,2021,2,Rabi,700,600,850
Potato,Tamil Nadu,2021,3,Rabi,700,600,850
Potato,Tamil Nadu,2021,12,Rabi,750,600,950
Potato,Tamil Nadu,2022,1,Rabi,700,600,850
Potato,Tamil Nadu,2022,2,Rabi,800,650,1000
Potato,Tamil Nadu,2022,3,Rabi,800,700,950
Potato,Tamil Nadu,2022,12,Rabi,750,600,900
Potato,Tamil Nadu,2023,1,Rabi,700,600,850
Potato,Tamil Nadu,2023,2,Rabi,750,600,850
Potato,Tamil Nadu,2023,3,Rabi,750,650,900
Potato,Tamil Nadu,2023,12,Rabi,750,600,950
Potato,Telangana,2020,1,Rabi,700,550,800
Potato,Telangana,2020,2,Rabi,650,500,750
Potato,Telangana,2020,3,Rabi,550,450,700
Potato,Telangana,2020,12,Rabi,650,500,850
Potato,Telangana,2021,1,Rabi,600,500,700
Potato,Telangana,2021,2,Rabi,650,550,800
Potato,Telangana,2021,3,Rabi,650,550,750
Potato,Telangana,2021,12,Rabi,700,600,900
Potato,Telangana,2022,1,Rabi,750,650,900
Potato,Telangana,2022,2,Rabi,750,650,950
Potato,Telangana,2022,3,Rabi,650,550,800
Potato,Telangana,2022,12,Rabi,650,550,800
Potato,Telangana,2023,1,Rabi,750,650,850
Potato,Telangana,2023,2,Rabi,650,550,750
Potato,Telangana,2023,3,Rabi,800,650,950
Potato,Telangana,2023,12,Rabi,800,700,950
Potato,Tripura,2020,1,Rabi,600,500,750
Potato,Tripura,2020,2,Rabi,550,500,650
Potato,Tripura,2020,3,Rabi,550,450,700
Potato,Tripura,2020,12,Rabi,550,450,700
Potato,Tripura,2021,1,Rabi,700,550,900
Potato,Tripura,2021,2,Rabi,600,500,750
Potato,Tripura,2021,3,Rabi,600,550,750
Potato,Tripura,2021,12,Rabi,650,550,750
Potato,Tripura,2022,1,Rabi,650,550,750
Potato,Tripura,2022,2,Rabi,650,500,800
Potato,Tripura,2022,3,Rabi,650,600,850
Potato,Tripura,2022,12,Rabi,650,550,850
Potato,Tripura,2023,1,Rabi,750,600,950
Potato,Tripura,2023,2,Rabi,650,550,750
Potato,Tripura,2023,3,Rabi,700,550,850
Potato,Tripura,2023,12,Rabi,750,650,950
Potato,Uttar Pradesh,2020,1,Rabi,650,550,800
Potato,Uttar Pradesh,2020,2,Rabi,550,450,700
Potato,Uttar Pradesh,2020,3,Rabi,650,550,850
Potato,Uttar Pradesh,2020,12,Rabi,600,500,700
Potato,Uttar Pradesh,2021,1,Rabi,700,600,900
Potato,Uttar Pradesh,2021,2,Rabi,600,500,700
Potato,Uttar Pradesh,2021,3,Rabi,650,550,850
Potato,Uttar Pradesh,2021,12,Rabi,700,600,900
Potato,Uttar Pradesh,2022,1,Rabi,750,650,950
Potato,Uttar Pradesh,2022,2,Rabi,650,550,850
Potato,Uttar Pradesh,2022,3,Rabi,600,500,700
Potato,Uttar Pradesh,2022,12,Rabi,650,500,750
Potato,Uttar Pradesh,2023,1,Rabi,750,600,950
Potato,Uttar Pradesh,2023,2,Rabi,750,600,950
Potato,Uttar Pradesh,2023,3,Rabi,800,700,950
Potato,Uttar Pradesh,2023,12,Rabi,800,650,950
Potato,Uttarakhand,2020,1,Rabi,600,500,700
Potato,Uttarakhand,2020,2,Rabi,700,600,900
Potato,Uttarakhand,2020,3,Rabi,650,500,850
Potato,Uttarakhand,2020,12,Rabi,600,500,700
Potato,Uttarakhand,2021,1,Rabi,750,650,950
Potato,Uttarakhand,2021,2,Rabi,750,650,950
Potato,Uttarakhand,2021,3,Rabi,650,500,750
Potato,Uttarakhand,2021,12,Rabi,700,550,850
Potato,Uttarakhand,2022,1,Rabi,750,600,950
Potato,Uttarakhand,2022,2,Rabi,700,550,800
Potato,Uttarakhand,2022,3,Rabi,700,600,900
Potato,Uttarakhand,2022,12,Rabi,750,600,950
Potato,Uttarakhand,2023,1,Rabi,750,650,950
Potato,Uttarakhand,2023,2,Rabi,700,600,850
Potato,Uttarakhand,2023,3,Rabi,750,650,950
Potato,Uttarakhand,2023,12,Rabi,750,650,950
Potato,West Bengal,2020,1,Rabi,650,550,800
Potato,West Bengal,2020,2,Rabi,550,450,650
Potato,West Bengal,2020,3,Rabi,550,500,700
Potato,West Bengal,2020,12,Rabi,650,550,800
Potato,West Bengal,2021,1,Rabi,650,500,800
Potato,West Bengal,2021,2,Rabi,650,500,850
Potato,West Bengal,2021,3,Rabi,600,500,700
Potato,West Bengal,2021,12,Rabi,650,550,750
Potato,West Bengal,2022,1,Rabi,650,500,850
Potato,West Bengal,2022,2,Rabi,700,550,850
Potato,West Bengal,2022,3,Rabi,600,500,700
Potato,West Bengal,2022,12,Rabi,700,600,900
Potato,West Bengal,2023,1,Rabi,650,550,800
Potato,West Bengal,2023,2,Rabi,700,600,900
Potato,West Bengal,2023,3,Rabi,800,700,1050
Potato,West Bengal,2023,12,Rabi,700,600,850
Rice,Andhra Pradesh,2020,6,Kharif,1700,1500,1950
Rice,Andhra Pradesh,2020,7,Kharif,1650,1500,1850
Rice,Andhra Pradesh,2020,8,Kharif,1850,1600,2200
Rice,Andhra Pradesh,2020,9,Kharif,1600,1350,1850
Rice,Andhra Pradesh,2020,10,Kharif,1700,1500,2050
Rice,Andhra Pradesh,2021,6,Kharif,1750,1500,2000
Rice,Andhra Pradesh,2021,7,Kharif,1950,1650,2300
Rice,Andhra Pradesh,2021,8,Kharif,1800,1600,2100
Rice,Andhra Pradesh,2021,9,Kharif,1750,1600,2050
Rice,Andhra Pradesh,2021,10,Kharif,1850,1650,2150
Rice,Andhra Pradesh,2022,6,Kharif,1950,1700,2300
Rice,Andhra Pradesh,2022,7,Kharif,2050,1850,2300
Rice,Andhra Pradesh,2022,8,Kharif,2000,1800,2350
Rice,Andhra Pradesh,2022,9,Kharif,1900,1650,2300
Rice,Andhra Pradesh,2022,10,Kharif,1850,1650,2100
Rice,Andhra Pradesh,2023,6,Kharif,1850,1650,2100
Rice,Andhra Pradesh,2023,7,Kharif,1950,1700,2200
Rice,Andhra Pradesh,2023,8,Kharif,1850,1650,2150
Rice,Andhra Pradesh,2023,9,Kharif,1850,1600,2200
Rice,Andhra Pradesh,2023,10,Kharif,2000,1850,2300
Rice,Assam,2020,6,Kharif,1650,1450,1850
Rice,Assam,2020,7,Kharif,1650,1500,2000
Rice,Assam,2020,8,Kharif,1800,1550,2050
Rice,Assam,2020,9,Kharif,1650,1400,1900
Rice,Assam,2020,10,Kharif,1650,1450,1850
Rice,Assam,2021,6,Kharif,1950,1700,2200
Rice,Assam,2021,7,Kharif,1850,1650,2250
Rice,Assam,2021,8,Kharif,1850,1600,2100
Rice,Assam,2021,9,Kharif,1700,1450,1950
Rice,Assam,2021,10,Kharif,1900,1700,2300
Rice,Assam,2022,6,Kharif,1950,1800,2200
Rice,Assam,2022,7,Kharif,1900,1700,2100
Rice,Assam,2022,8,Kharif,1900,1650,2300
Rice,Assam,2022,9,Kharif,1850,1650,2150
Rice,Assam,2022,10,Kharif,1900,1700,2150
Rice,Assam,2023,6,Kharif,1950,1750,2300
Rice,Assam,2023,7,Kharif,1900,1700,2300
Rice,Assam,2023,8,Kharif,2150,1850,2600
Rice,Assam,2023,9,Kharif,1900,1700,2100
Rice,Assam,2023,10,Kharif,2000,1800,2400
Rice,Bihar,2020,6,Kharif,1550,1350,1850
Rice,Bihar,2020,7,Kharif,1550,1350,1800
Rice,Bihar,2020,8,Kharif,1750,1600,2050
Rice,Bihar,2020,9,Kharif,1700,1500,2000
Rice,Bihar,2020,10,Kharif,1550,1400,1900
Rice,Bihar,2021,6,Kharif,1750,1550,2000
Rice,Bihar,2021,7,Kharif,1900,1700,2150
Rice,Bihar,2021,8,Kharif,1900,1650,2300
Rice,Bihar,2021,9,Kharif,1900,1750,2300
Rice,Bihar,2021,10,Kharif,1750,1550,1950
Rice,Bihar,2022,6,Kharif,1800,1650,2100
Rice,Bihar,2022,7,Kharif,1900,1750,2250
Rice,Bihar,2022,8,Kharif,1950,1800,2250
Rice,Bihar,2022,9,Kharif,2000,1750,2400
Rice,Bihar,2022,10,Kharif,1750,1500,1950
Rice,Bihar,2023,6,Kharif,1850,1600,2200
Rice,Bihar,2023,7,Kharif,1900,1750,2200
Rice,Bihar,2023,8,Kharif,2100,1800,2500
Rice,Bihar,2023,9,Kharif,1950,1650,2200
Rice,Bihar,2023,10,Kharif,1800,1550,2100
Rice,Chhattisgarh,2020,6,Kharif,1700,1550,2050
Rice,Chhattisgarh,2020,7,Kharif,1600,1450,1900
Rice,Chhattisgarh,2020,8,Kharif,1550,1350,1800
Rice,Chhattisgarh,2020,9,Kharif,1550,1450,1850
Rice,Chhattisgarh,2020,10,Kharif,1650,1400,2000
Rice,Chhattisgarh,2021,6,Kharif,1700,1500,1950
Rice,Chhattisgarh,2021,7,Kharif,1850,1650,2150
Rice,Chhattisgarh,2021,8,Kharif,1850,1600,2200
Rice,Chhattisgarh,2021,9,Kharif,1650,1500,1850
Rice,Chhattisgarh,2021,10,Kharif,1850,1650,2100
Rice,Chhattisgarh,2022,6,Kharif,1950,1800,2250
Rice,Chhattisgarh,2022,7,Kharif,1950,1750,2200
Rice,Chhattisgarh,2022,8,Kharif,1950,1800,2250
Rice,Chhattisgarh,2022,9,Kharif,1900,1700,2250
Rice,Chhattisgarh,2022,10,Kharif,1800,1600,2100
Rice,Chhattisgarh,2023,6,Kharif,2000,1800,2250
Rice,Chhattisgarh,2023,7,Kharif,2000,1800,2400
Rice,Chhattisgarh,2023,8,Kharif,2000,1750,2250
Rice,Chhattisgarh,2023,9,Kharif,1950,1650,2350
Rice,Chhattisgarh,2023,10,Kharif,1950,1700,2250
Rice,Goa,2020,6,Kharif,2150,1950,2600
Rice,Goa,2020,7,Kharif,1900,1700,2300
Rice,Goa,2020,8,Kharif,2050,1750,2400
Rice,Goa,2020,9,Kharif,2000,1850,2450
Rice,Goa,2020,10,Kharif,1850,1650,2050
Rice,Goa,2021,6,Kharif,2250,2050,2700
Rice,Goa,2021,7,Kharif,2200,1900,2650
Rice,Goa,2021,8,Kharif,1950,1650,2200
Rice,Goa,2021,9,Kharif,2050,1800,2450
Rice,Goa,2021,10,Kharif,2200,2000,2650
Rice,Goa,2022,6,Kharif,2200,2000,2450
Rice,Goa,2022,7,Kharif,2200,1900,2650
Rice,Goa,2022,8,Kharif,2100,1800,2350
Rice,Goa,2022,9,Kharif,2300,2000,2600
Rice,Goa,2022,10,Kharif,2050,1800,2300
Rice,Goa,2023,6,Kharif,2200,1950,2550
Rice,Goa,2023,7,Kharif,2200,1950,2650
Rice,Goa,2023,8,Kharif,2500,2200,2850
Rice,Goa,2023,9,Kharif,2300,2000,2800
Rice,Goa,2023,10,Kharif,2300,2000,2700
Rice,Gujarat,2020,6,Kharif,1850,1650,2050
Rice,Gujarat,2020,7,Kharif,1700,1450,2050
Rice,Gujarat,2020,8,Kharif,1950,1650,2350
Rice,Gujarat,2020,9,Kharif,1850,1700,2200
Rice,Gujarat,2020,10,Kharif,1900,1650,2100
Rice,Gujarat,2021,6,Kharif,1900,1700,2150
Rice,Gujarat,2021,7,Kharif,1850,1700,2150
Rice,Gujarat,2021,8,Kharif,1900,1700,2200
Rice,Gujarat,2021,9,Kharif,1950,1700,2300
Rice,Gujarat,2021,10,Kharif,2000,1750,2300
Rice,Gujarat,2022,6,Kharif,2000,1800,2350
Rice,Gujarat,2022,7,Kharif,2050,1800,2450
Rice,Gujarat,2022,8,Kharif,2000,1700,2300
Rice,Gujarat,2022,9,Kharif,2100,1850,2350
Rice,Gujarat,2022,10,Kharif,2000,1750,2350
Rice,Gujarat,2023,6,Kharif,2250,2050,2500
Rice,Gujarat,2023,7,Kharif,2100,1950,2350
Rice,Gujarat,2023,8,Kharif,2200,1950,2450
Rice,Gujarat,2023,9,Kharif,2250,2000,2600
Rice,Gujarat,2023,10,Kharif,2250,2000,2650
Rice,Haryana,2020,6,Kharif,1850,1650,2050
Rice,Haryana,2020,7,Kharif,1850,1600,2100
Rice,Haryana,2020,8,Kharif,1900,1650,2250
Rice,Haryana,2020,9,Kharif,1900,1650,2250
Rice,Haryana,2020,10,Kharif,1850,1600,2100
Rice,Haryana,2021,6,Kharif,2100,1900,2350
Rice,Haryana,2021,7,Kharif,1850,1650,2250
Rice,Haryana,2021,8,Kharif,1850,1600,2200
Rice,Haryana,2021,9,Kharif,2100,1850,2500
Rice,Haryana,2021,10,Kharif,2150,2000,2450
Rice,Haryana,2022,6,Kharif,2200,1900,2650
Rice,Haryana,2022,7,Kharif,1950,1650,2350
Rice,Haryana,2022,8,Kharif,1950,1800,2300
Rice,Haryana,2022,9,Kharif,2000,1800,2400
Rice,Haryana,2022,10,Kharif,2000,1700,2350
Rice,Haryana,2023,6,Kharif,2150,1850,2450
Rice,Haryana,2023,7,Kharif,2400,2100,2750
Rice,Haryana,2023,8,Kharif,2300,2100,2750
Rice,Haryana,2023,9,Kharif,2150,1900,2600
Rice,Haryana,2023,10,Kharif,2350,2150,2750
Rice,Himachal Pradesh,2020,6,Kharif,1750,1550,2000
Rice,Himachal Pradesh,2020,7,Kharif,2000,1700,2350
Rice,Himachal Pradesh,2020,8,Kharif,1950,1750,2350
Rice,Himachal Pradesh,2020,9,Kharif,1750,1550,1950
Rice,Himachal Pradesh,2020,10,Kharif,1800,1550,2200
Rice,Himachal Pradesh,2021,6,Kharif,2050,1850,2450
Rice,Himachal Pradesh,2021,7,Kharif,1850,1700,2200
Rice,Himachal Pradesh,2021,8,Kharif,1950,1800,2150
Rice,Himachal Pradesh,2021,9,Kharif,2050,1800,2400
Rice,Himachal Pradesh,2021,10,Kharif,1950,1750,2300
Rice,Himachal Pradesh,2022,6,Kharif,1950,1750,2250
Rice,Himachal Pradesh,2022,7,Kharif,2150,2000,2600
Rice,Himachal Pradesh,2022,8,Kharif,2150,1850,2600
Rice,Himachal Pradesh,2022,9,Kharif,1900,1750,2300
Rice,Himachal Pradesh,2022,10,Kharif,2150,2000,2450
Rice,Himachal Pradesh,2023,6,Kharif,2150,1900,2600
Rice,Himachal Pradesh,2023,7,Kharif,2050,1850,2350
Rice,Himachal Pradesh,2023,8,Kharif,2100,1900,2400
Rice,Himachal Pradesh,2023,9,Kharif,2200,2050,2600
Rice,Himachal Pradesh,2023,10,Kharif,2250,2000,2550
Rice,Jammu & Kashmir,2020,6,Kharif,1950,1750,2300
Rice,Jammu & Kashmir,2020,7,Kharif,1800,1550,2150
Rice,Jammu & Kashmir,2020,8,Kharif,2100,1850,2450
Rice,Jammu & Kashmir,2020,9,Kharif,1850,1600,2100
Rice,Jammu & Kashmir,2020,10,Kharif,2050,1850,2450
Rice,Jammu & Kashmir,2021,6,Kharif,2150,1950,2450
Rice,Jammu & Kashmir,2021,7,Kharif,2050,1900,2350
Rice,Jammu & Kashmir,2021,8,Kharif,2200,1950,2450
Rice,Jammu & Kashmir,2021,9,Kharif,2100,1850,2550
Rice,Jammu & Kashmir,2021,10,Kharif,2150,1950,2600
Rice,Jammu & Kashmir,2022,6,Kharif,2150,1850,2450
Rice,Jammu & Kashmir,2022,7,Kharif,2350,2050,2650
Rice,Jammu & Kashmir,2022,8,Kharif,2000,1850,2250
Rice,Jammu & Kashmir,2022,9,Kharif,2300,2000,2600
Rice,Jammu & Kashmir,2022,10,Kharif,2200,1900,2450
Rice,Jammu & Kashmir,2023,6,Kharif,2150,2000,2500
Rice,Jammu & Kashmir,2023,7,Kharif,2150,1900,2450
Rice,Jammu & Kashmir,2023,8,Kharif,2450,2200,2950
Rice,Jammu & Kashmir,2023,9,Kharif,2400,2050,2750
Rice,Jammu & Kashmir,2023,10,Kharif,2100,1800,2550
Rice,Jharkhand,2020,6,Kharif,1550,1450,1800
Rice,Jharkhand,2020,7,Kharif,1700,1500,1950
Rice,Jharkhand,2020,8,Kharif,1550,1400,1850
Rice,Jharkhand,2020,9,Kharif,1700,1450,2050
Rice,Jharkhand,2020,10,Kharif,1750,1600,2150
Rice,Jharkhand,2021,6,Kharif,1700,1450,2050
Rice,Jharkhand,2021,7,Kharif,1800,1600,2050
Rice,Jharkhand,2021,8,Kharif,1800,1550,2050
Rice,Jharkhand,2021,9,Kharif,1700,1550,2050
Rice,Jharkhand,2021,10,Kharif,1650,1450,1950
Rice,Jharkhand,2022,6,Kharif,1700,1500,1900
Rice,Jharkhand,2022,7,Kharif,1900,1750,2250
Rice,Jharkhand,2022,8,Kharif,1750,1550,2100
Rice,Jharkhand,2022,9,Kharif,1900,1650,2200
Rice,Jharkhand,2022,10,Kharif,1900,1700,2150
Rice,Jharkhand,2023,6,Kharif,1850,1650,2200
Rice,Jharkhand,2023,7,Kharif,1800,1600,2100
Rice,Jharkhand,2023,8,Kharif,1950,1800,2200
Rice,Jharkhand,2023,9,Kharif,1850,1600,2200
Rice,Jharkhand,2023,10,Kharif,2050,1800,2450
Rice,Karnataka,2020,6,Kharif,1800,1600,2200
Rice,Karnataka,2020,7,Kharif,1900,1650,2250
Rice,Karnataka,2020,8,Kharif,1850,1700,2100
Rice,Karnataka,2020,9,Kharif,1850,1550,2200
Rice,Karnataka,2020,10,Kharif,1900,1650,2300
Rice,Karnataka,2021,6,Kharif,1800,1550,2000
Rice,Karnataka,2021,7,Kharif,1950,1700,2350
Rice,Karnataka,2021,8,Kharif,2000,1700,2300
Rice,Karnataka,2021,9,Kharif,1800,1550,2050
Rice,Karnataka,2021,10,Kharif,2050,1750,2300
Rice,Karnataka,2022,6,Kharif,1950,1750,2250
Rice,Karnataka,2022,7,Kharif,1900,1650,2200
Rice,Karnataka,2022,8,Kharif,2000,1800,2350
Rice,Karnataka,2022,9,Kharif,1900,1700,2250
Rice,Karnataka,2022,10,Kharif,2000,1850,2300
Rice,Karnataka,2023,6,Kharif,2150,1850,2550
Rice,Karnataka,2023,7,Kharif,2250,1950,2650
Rice,Karnataka,2023,8,Kharif,2150,1900,2500
Rice,Karnataka,2023,9,Kharif,2000,1750,2300
Rice,Karnataka,2023,10,Kharif,2150,1900,2600
Rice,Kerala,2020,6,Kharif,2000,1700,2400
Rice,Kerala,2020,7,Kharif,2050,1750,2500
Rice,Kerala,2020,8,Kharif,1850,1700,2150
Rice,Kerala,2020,9,Kharif,1800,1600,2150
Rice,Kerala,2020,10,Kharif,1800,1650,2050
Rice,Kerala,2021,6,Kharif,2000,1850,2350
Rice,Kerala,2021,7,Kharif,2150,1850,2400
Rice,Kerala,2021,8,Kharif,1950,1700,2350
Rice,Kerala,2021,9,Kharif,2050,1750,2300
Rice,Kerala,2021,10,Kharif,2050,1750,2500
Rice,Kerala,2022,6,Kharif,2250,2000,2750
Rice,Kerala,2022,7,Kharif,2300,2000,2600
Rice,Kerala,2022,8,Kharif,2000,1750,2300
Rice,Kerala,2022,9,Kharif,2250,1950,2700
Rice,Kerala,2022,10,Kharif,2100,1850,2550
Rice,Kerala,2023,6,Kharif,2150,1950,2600
Rice,Kerala,2023,7,Kharif,2300,2050,2750
Rice,Kerala,2023,8,Kharif,2100,1950,2500
Rice,Kerala,2023,9,Kharif,2250,1950,2600
Rice,Kerala,2023,10,Kharif,2150,1900,2450
Rice,Madhya Pradesh,2020,6,Kharif,1600,1350,1850
Rice,Madhya Pradesh,2020,7,Kharif,1700,1550,2050
Rice,Madhya Pradesh,2020,8,Kharif,1650,1450,1850
Rice,Madhya Pradesh,2020,9,Kharif,1750,1550,2100
Rice,Madhya Pradesh,2020,10,Kharif,1700,1550,2000
Rice,Madhya Pradesh,2021,6,Kharif,1900,1650,2150
Rice,Madhya Pradesh,2021,7,Kharif,1850,1600,2150
Rice,Madhya Pradesh,2021,8,Kharif,1750,1600,2050
Rice,Madhya Pradesh,2021,9,Kharif,1800,1650,2000
Rice,Madhya Pradesh,2021,10,Kharif,1800,1650,2050
Rice,Madhya Pradesh,2022,6,Kharif,1950,1700,2350
Rice,Madhya Pradesh,2022,7,Kharif,2050,1850,2300
Rice,Madhya Pradesh,2022,8,Kharif,1850,1700,2250
Rice,Madhya Pradesh,2022,9,Kharif,1950,1800,2350
Rice,Madhya Pradesh,2022,10,Kharif,2050,1850,2400
Rice,Madhya Pradesh,2023,6,Kharif,2150,1850,2600
Rice,Madhya Pradesh,2023,7,Kharif,2150,1900,2450
Rice,Madhya Pradesh,2023,8,Kharif,2150,1900,2550
Rice,Madhya Pradesh,2023,9,Kharif,2150,1850,2600
Rice,Madhya Pradesh,2023,10,Kharif,1950,1750,2300
Rice,Maharashtra,2020,6,Kharif,1750,1600,2000
Rice,Maharashtra,2020,7,Kharif,2000,1800,2400
Rice,Maharashtra,2020,8,Kharif,1900,1750,2150
Rice,Maharashtra,2020,9,Kharif,1900,1700,2300
Rice,Maharashtra,2020,10,Kharif,1750,1600,1950
Rice,Maharashtra,2021,6,Kharif,1850,1650,2100
Rice,Maharashtra,2021,7,Kharif,2100,1800,2400
Rice,Maharashtra,2021,8,Kharif,1900,1650,2250
Rice,Maharashtra,2021,9,Kharif,2000,1750,2350
Rice,Maharashtra,2021,10,Kharif,1900,1750,2200
Rice,Maharashtra,2022,6,Kharif,1950,1650,2200
Rice,Maharashtra,2022,7,Kharif,1950,1750,2350
Rice,Maharashtra,2022,8,Kharif,2000,1800,2350
Rice,Maharashtra,2022,9,Kharif,1950,1700,2200
Rice,Maharashtra,2022,10,Kharif,2200,2000,2450
Rice,Maharashtra,2023,6,Kharif,2100,1800,2450
Rice,Maharashtra,2023,7,Kharif,2100,1850,2500
Rice,Maharashtra,2023,8,Kharif,2000,1750,2200
Rice,Maharashtra,2023,9,Kharif,2150,1950,2450
Rice,Maharashtra,2023,10,Kharif,2100,1800,2500
Rice,Manipur,2020,6,Kharif,1700,1550,1900
Rice,Manipur,2020,7,Kharif,1700,1500,2050
Rice,Manipur,2020,8,Kharif,1700,1550,1900
Rice,Manipur,2020,9,Kharif,1800,1650,2100
Rice,Manipur,2020,10,Kharif,1750,1600,2100
Rice,Manipur,2021,6,Kharif,1900,1700,2300
Rice,Manipur,2021,7,Kharif,1950,1800,2300
Rice,Manipur,2021,8,Kharif,1800,1550,2100
Rice,Manipur,2021,9,Kharif,1950,1800,2350
Rice,Manipur,2021,10,Kharif,1700,1500,2050
Rice,Manipur,2022,6,Kharif,1950,1700,2150
Rice,Manipur,2022,7,Kharif,1800,1550,2100
Rice,Manipur,2022,8,Kharif,2000,1850,2400
Rice,Manipur,2022,9,Kharif,1850,1650,2200
Rice,Manipur,2022,10,Kharif,1800,1600,2150
Rice,Manipur,2023,6,Kharif,1950,1700,2350
Rice,Manipur,2023,7,Kharif,1900,1700,2150
Rice,Manipur,2023,8,Kharif,1900,1650,2300
Rice,Manipur,2023,9,Kharif,2150,1950,2450
Rice,Manipur,2023,10,Kharif,2050,1850,2350
Rice,Meghalaya,2020,6,Kharif,1650,1500,1900
Rice,Meghalaya,2020,7,Kharif,1800,1600,2050
Rice,Meghalaya,2020,8,Kharif,1850,1650,2150
Rice,Meghalaya,2020,9,Kharif,1900,1750,2100
Rice,Meghalaya,2020,10,Kharif,1800,1600,2150
Rice,Meghalaya,2021,6,Kharif,1800,1600,2050
Rice,Meghalaya,2021,7,Kharif,1750,1600,2050
Rice,Meghalaya,2021,8,Kharif,1800,1550,2200
Rice,Meghalaya,2021,9,Kharif,1950,1800,2300
Rice,Meghalaya,2021,10,Kharif,2000,1800,2250
Rice,Meghalaya,2022,6,Kharif,2100,1800,2500
Rice,Meghalaya,2022,7,Kharif,1900,1700,2250
Rice,Meghalaya,2022,8,Kharif,1800,1650,2050
Rice,Meghalaya,2022,9,Kharif,2000,1800,2400
Rice,Meghalaya,2022,10,Kharif,1900,1700,2250
Rice,Meghalaya,2023,6,Kharif,2250,2050,2600
Rice,Meghalaya,2023,7,Kharif,2000,1750,2350
Rice,Meghalaya,2023,8,Kharif,2150,1900,2600
Rice,Meghalaya,2023,9,Kharif,2150,1900,2600
Rice,Meghalaya,2023,10,Kharif,2250,2000,2650
Rice,Odisha,2020,6,Kharif,1600,1450,1800
Rice,Odisha,2020,7,Kharif,1650,1450,1900
Rice,Odisha,2020,8,Kharif,1750,1500,1950
Rice,Odisha,2020,9,Kharif,1500,1350,1750
Rice,Odisha,2020,10,Kharif,1600,1500,1850
Rice,Odisha,2021,6,Kharif,1650,1450,1900
Rice,Odisha,2021,7,Kharif,1650,1450,1950
Rice,Odisha,2021,8,Kharif,1600,1350,1800
Rice,Odisha,2021,9,Kharif,1700,1550,2050
Rice,Odisha,2021,10,Kharif,1650,1450,1900
Rice,Odisha,2022,6,Kharif,1950,1650,2300
Rice,Odisha,2022,7,Kharif,1750,1550,2150
Rice,Odisha,2022,8,Kharif,1900,1600,2150
Rice,Odisha,2022,9,Kharif,1750,1600,2050
Rice,Odisha,2022,10,Kharif,1750,1500,2000
Rice,Odisha,2023,6,Kharif,1900,1750,2200
Rice,Odisha,2023,7,Kharif,1900,1750,2200
Rice,Odisha,2023,8,Kharif,2000,1800,2250
Rice,Odisha,2023,9,Kharif,1900,1650,2200
Rice,Odisha,2023,10,Kharif,1950,1650,2350
Rice,Punjab,2020,6,Kharif,2000,1750,2300
Rice,Punjab,2020,7,Kharif,1900,1650,2250
Rice,Punjab,2020,8,Kharif,1750,1550,2050
Rice,Punjab,2020,9,Kharif,1850,1600,2200
Rice,Punjab,2020,10,Kharif,1900,1700,2100
Rice,Punjab,2021,6,Kharif,2050,1850,2400
Rice,Punjab,2021,7,Kharif,1900,1750,2250
Rice,Punjab,2021,8,Kharif,1900,1750,2200
Rice,Punjab,2021,9,Kharif,1900,1700,2300
Rice,Punjab,2021,10,Kharif,1850,1700,2250
Rice,Punjab,2022,6,Kharif,1950,1750,2250
Rice,Punjab,2022,7,Kharif,2100,1900,2450
Rice,Punjab,2022,8,Kharif,2200,1900,2450
Rice,Punjab,2022,9,Kharif,2050,1900,2400
Rice,Punjab,2022,10,Kharif,2250,2050,2750
Rice,Punjab,2023,6,Kharif,2150,1900,2450
Rice,Punjab,2023,7,Kharif,2100,1850,2450
Rice,Punjab,2023,8,Kharif,2250,2100,2650
Rice,Punjab,2023,9,Kharif,2050,1800,2450
Rice,Punjab,2023,10,Kharif,2050,1750,2300
Rice,Rajasthan,2020,6,Kharif,1700,1500,1950
Rice,Rajasthan,2020,7,Kharif,1850,1700,2150
Rice,Rajasthan,2020,8,Kharif,1750,1550,2100
Rice,Rajasthan,2020,9,Kharif,1600,1450,1900
Rice,Rajasthan,2020,10,Kharif,1650,1400,2000
Rice,Rajasthan,2021,6,Kharif,1700,1450,2050
Rice,Rajasthan,2021,7,Kharif,1800,1650,2100
Rice,Rajasthan,2021,8,Kharif,1750,1600,2000
Rice,Rajasthan,2021,9,Kharif,1800,1600,2050
Rice,Rajasthan,2021,10,Kharif,1900,1700,2100
Rice,Rajasthan,2022,6,Kharif,1950,1650,2300
Rice,Rajasthan,2022,7,Kharif,2000,1700,2300
Rice,Rajasthan,2022,8,Kharif,1950,1750,2400
Rice,Rajasthan,2022,9,Kharif,1950,1750,2300
Rice,Rajasthan,2022,10,Kharif,1800,1550,2150
Rice,Rajasthan,2023,6,Kharif,2050,1800,2300
Rice,Rajasthan,2023,7,Kharif,1850,1650,2050
Rice,Rajasthan,2023,8,Kharif,1950,1700,2150
Rice,Rajasthan,2023,9,Kharif,2100,1850,2350
Rice,Rajasthan,2023,10,Kharif,2000,1850,2350
Rice,Tamil Nadu,2020,6,Kharif,1850,1700,2100
Rice,Tamil Nadu,2020,7,Kharif,1900,1650,2100
Rice,Tamil Nadu,2020,8,Kharif,1650,1500,1950
Rice,Tamil Nadu,2020,9,Kharif,1900,1750,2200
Rice,Tamil Nadu,2020,10,Kharif,1900,1650,2150
Rice,Tamil Nadu,2021,6,Kharif,2000,1750,2300
Rice,Tamil Nadu,2021,7,Kharif,1900,1650,2250
Rice,Tamil Nadu,2021,8,Kharif,1750,1600,2050
Rice,Tamil Nadu,2021,9,Kharif,2000,1850,2400
Rice,Tamil Nadu,2021,10,Kharif,1950,1750,2350
Rice,Tamil Nadu,2022,6,Kharif,2100,1850,2500
Rice,Tamil Nadu,2022,7,Kharif,1900,1650,2100
Rice,Tamil Nadu,2022,8,Kharif,2150,2000,2600
Rice,Tamil Nadu,2022,9,Kharif,2150,1950,2400
Rice,Tamil Nadu,2022,10,Kharif,1950,1750,2200
Rice,Tamil Nadu,2023,6,Kharif,2150,1850,2400
Rice,Tamil Nadu,2023,7,Kharif,2100,1950,2500
Rice,Tamil Nadu,2023,8,Kharif,2100,1800,2550
Rice,Tamil Nadu,2023,9,Kharif,2250,2050,2650
Rice,Tamil Nadu,2023,10,Kharif,2000,1800,2350
Rice,Telangana,2020,6,Kharif,1850,1650,2150
Rice,Telangana,2020,7,Kharif,1750,1600,2000
Rice,Telangana,2020,8,Kharif,1850,1700,2150
Rice,Telangana,2020,9,Kharif,1800,1600,2150
Rice,Telangana,2020,10,Kharif,1800,1600,2050
Rice,Telangana,2021,6,Kharif,1950,1750,2250
Rice,Telangana,2021,7,Kharif,2050,1750,2400
Rice,Telangana,2021,8,Kharif,2050,1800,2300
Rice,Telangana,2021,9,Kharif,1850,1650,2100
Rice,Telangana,2021,10,Kharif,1950,1700,2200
Rice,Telangana,2022,6,Kharif,1900,1650,2200
Rice,Telangana,2022,7,Kharif,1900,1700,2200
Rice,Telangana,2022,8,Kharif,2000,1700,2250
Rice,Telangana,2022,9,Kharif,1900,1650,2300
Rice,Telangana,2022,10,Kharif,2000,1750,2400
Rice,Telangana,2023,6,Kharif,2100,1900,2450
Rice,Telangana,2023,7,Kharif,2000,1850,2200
Rice,Telangana,2023,8,Kharif,2050,1850,2300
Rice,Telangana,2023,9,Kharif,1950,1800,2300
Rice,Telangana,2023,10,Kharif,2100,1850,2400
Rice,Tripura,2020,6,Kharif,1800,1650,2050
Rice,Tripura,2020,7,Kharif,1700,1500,1950
Rice,Tripura,2020,8,Kharif,1650,1400,1950
Rice,Tripura,2020,9,Kharif,1650,1450,1900
Rice,Tripura,2020,10,Kharif,1650,1400,1850
Rice,Tripura,2021,6,Kharif,1900,1750,2100
Rice,Tripura,2021,7,Kharif,1850,1700,2150
Rice,Tripura,2021,8,Kharif,1850,1650,2200
Rice,Tripura,2021,9,Kharif,1800,1600,2050
Rice,Tripura,2021,10,Kharif,1950,1800,2300
Rice,Tripura,2022,6,Kharif,1900,1750,2250
Rice,Tripura,2022,7,Kharif,2000,1750,2300
Rice,Tripura,2022,8,Kharif,2050,1800,2350
Rice,Tripura,2022,9,Kharif,1900,1700,2250
Rice,Tripura,2022,10,Kharif,1800,1600,2150
Rice,Tripura,2023,6,Kharif,2100,1900,2350
Rice,Tripura,2023,7,Kharif,2000,1750,2450
Rice,Tripura,2023,8,Kharif,1850,1600,2250
Rice,Tripura,2023,9,Kharif,2000,1800,2300
Rice,Tripura,2023,10,Kharif,1900,1750,2300
Rice,Uttar Pradesh,2020,6,Kharif,1650,1500,1900
Rice,Uttar Pradesh,2020,7,Kharif,1600,1450,1800
Rice,Uttar Pradesh,2020,8,Kharif,1850,1700,2150
Rice,Uttar Pradesh,2020,9,Kharif,1850,1650,2150
Rice,Uttar Pradesh,2020,10,Kharif,1750,1600,2100
Rice,Uttar Pradesh,2021,6,Kharif,1950,1700,2200
Rice,Uttar Pradesh,2021,7,Kharif,1750,1600,2000
Rice,Uttar Pradesh,2021,8,Kharif,1700,1550,1950
Rice,Uttar Pradesh,2021,9,Kharif,1800,1600,2150
Rice,Uttar Pradesh,2021,10,Kharif,1750,1600,2050
Rice,Uttar Pradesh,2022,6,Kharif,1800,1600,2000
Rice,Uttar Pradesh,2022,7,Kharif,2050,1850,2300
Rice,Uttar Pradesh,2022,8,Kharif,1900,1700,2250
Rice,Uttar Pradesh,2022,9,Kharif,2000,1800,2300
Rice,Uttar Pradesh,2022,10,Kharif,1950,1750,2350
Rice,Uttar Pradesh,2023,6,Kharif,2000,1700,2200
Rice,Uttar Pradesh,2023,7,Kharif,2100,1800,2450
Rice,Uttar Pradesh,2023,8,Kharif,1900,1750,2200
Rice,Uttar Pradesh,2023,9,Kharif,1850,1650,2150
Rice,Uttar Pradesh,2023,10,Kharif,2050,1850,2350
Rice,Uttarakhand,2020,6,Kharif,1650,1400,1900
Rice,Uttarakhand,2020,7,Kharif,1750,1500,2000
Rice,Uttarakhand,2020,8,Kharif,1800,1650,2050
Rice,Uttarakhand,2020,9,Kharif,1750,1550,1950
Rice,Uttarakhand,2020,10,Kharif,1750,1550,1950
Rice,Uttarakhand,2021,6,Kharif,1700,1550,1900
Rice,Uttarakhand,2021,7,Kharif,1800,1600,2100
Rice,Uttarakhand,2021,8,Kharif,1950,1700,2350
Rice,Uttarakhand,2021,9,Kharif,1700,1500,1900
Rice,Uttarakhand,2021,10,Kharif,1900,1700,2200
Rice,Uttarakhand,2022,6,Kharif,1900,1700,2250
Rice,Uttarakhand,2022,7,Kharif,1800,1600,2100
Rice,Uttarakhand,2022,8,Kharif,1900,1700,2150
Rice,Uttarakhand,2022,9,Kharif,1850,1600,2150
Rice,Uttarakhand,2022,10,Kharif,2000,1700,2450
Rice,Uttarakhand,2023,6,Kharif,2000,1750,2250
Rice,Uttarakhand,2023,7,Kharif,2000,1750,2400
Rice,Uttarakhand,2023,8,Kharif,1900,1750,2300
Rice,Uttarakhand,2023,9,Kharif,1900,1650,2250
Rice,Uttarakhand,2023,10,Kharif,1950,1750,2300
Rice,West Bengal,2020,6,Kharif,1700,1550,2050
Rice,West Bengal,2020,7,Kharif,1600,1450,1900
Rice,West Bengal,2020,8,Kharif,1750,1550,2050
Rice,West Bengal,2020,9,Kharif,1600,1450,1850
Rice,West Bengal,2020,10,Kharif,1600,1450,1800
Rice,West Bengal,2021,6,Kharif,1700,1500,2050
Rice,West Bengal,2021,7,Kharif,1700,1450,1950
Rice,West Bengal,2021,8,Kharif,1800,1650,2100
Rice,West Bengal,2021,9,Kharif,1800,1550,2150
Rice,West Bengal,2021,10,Kharif,1650,1450,1950
Rice,West Bengal,2022,6,Kharif,1950,1700,2300
Rice,West Bengal,2022,7,Kharif,1900,1750,2150
Rice,West Bengal,2022,8,Kharif,1900,1750,2300
Rice,West Bengal,2022,9,Kharif,1850,1700,2250
Rice,West Bengal,2022,10,Kharif,1900,1750,2200
Rice,West Bengal,2023,6,Kharif,1950,1750,2200
Rice,West Bengal,2023,7,Kharif,2100,1900,2400
Rice,West Bengal,2023,8,Kharif,1950,1700,2300
Rice,West Bengal,2023,9,Kharif,1850,1600,2100
Rice,West Bengal,2023,10,Kharif,2000,1750,2300
Soybean,Andhra Pradesh,2020,9,Kharif,3600,3350,4050
Soybean,Andhra Pradesh,2020,10,Kharif,3950,3700,4500
Soybean,Andhra Pradesh,2020,11,Kharif,3400,3150,3800
Soybean,Andhra Pradesh,2021,9,Kharif,3850,3650,4350
Soybean,Andhra Pradesh,2021,10,Kharif,4050,3800,4400
Soybean,Andhra Pradesh,2021,11,Kharif,4150,3850,4550
Soybean,Andhra Pradesh,2022,9,Kharif,4000,3800,4500
Soybean,Andhra Pradesh,2022,10,Kharif,4200,4000,4550
Soybean,Andhra Pradesh,2022,11,Kharif,4200,4000,4500
Soybean,Andhra Pradesh,2023,9,Kharif,4450,4200,5050
Soybean,Andhra Pradesh,2023,10,Kharif,4300,4100,4700
Soybean,Andhra Pradesh,2023,11,Kharif,4000,3750,4400
Soybean,Assam,2020,9,Kharif,3450,3300,3750
Soybean,Assam,2020,10,Kharif,3400,3200,3700
Soybean,Assam,2020,11,Kharif,3750,3550,4150
Soybean,Assam,2021,9,Kharif,3550,3400,4000
Soybean,Assam,2021,10,Kharif,3800,3650,4200
Soybean,Assam,2021,11,Kharif,3850,3550,4350
Soybean,Assam,2022,9,Kharif,3900,3700,4350
Soybean,Assam,2022,10,Kharif,3750,3500,4050
Soybean,Assam,2022,11,Kharif,3950,3700,4400
Soybean,Assam,2023,9,Kharif,3900,3650,4400
Soybean,Assam,2023,10,Kharif,4200,4000,4550
Soybean,Assam,2023,11,Kharif,4350,4050,4850
Soybean,Bihar,2020,9,Kharif,3350,3100,3800
Soybean,Bihar,2020,10,Kharif,3700,3450,4000
Soybean,Bihar,2020,11,Kharif,3800,3650,4250
Soybean,Bihar,2021,9,Kharif,3850,3600,4100
Soybean,Bihar,2021,10,Kharif,3500,3350,3850
Soybean,Bihar,2021,11,Kharif,3550,3400,3850
Soybean,Bihar,2022,9,Kharif,4250,3900,4800
Soybean,Bihar,2022,10,Kharif,4100,3900,4600
Soybean,Bihar,2022,11,Kharif,3700,3450,4200
Soybean,Bihar,2023,9,Kharif,4050,3850,4400
Soybean,Bihar,2023,10,Kharif,4350,4150,4900
Soybean,Bihar,2023,11,Kharif,4000,3850,4500
Soybean,Chhattisgarh,2020,9,Kharif,3600,3400,3850
Soybean,Chhattisgarh,2020,10,Kharif,3800,3500,4300
Soybean,Chhattisgarh,2020,11,Kharif,3850,3650,4350
Soybean,Chhattisgarh,2021,9,Kharif,4000,3700,4350
Soybean,Chhattisgarh,2021,10,Kharif,3750,3450,4200
Soybean,Chhattisgarh,2021,11,Kharif,4100,3850,4450
Soybean,Chhattisgarh,2022,9,Kharif,3750,3550,4250
Soybean,Chhattisgarh,2022,10,Kharif,3950,3750,4400
Soybean,Chhattisgarh,2022,11,Kharif,4150,3900,4700
Soybean,Chhattisgarh,2023,9,Kharif,4100,3900,4500
Soybean,Chhattisgarh,2023,10,Kharif,4000,3750,4500
Soybean,Chhattisgarh,2023,11,Kharif,4200,4000,4650
Soybean,Goa,2020,9,Kharif,4650,4300,5300
Soybean,Goa,2020,10,Kharif,4350,4150,4700
Soybean,Goa,2020,11,Kharif,4000,3750,4300
Soybean,Goa,2021,9,Kharif,4300,4100,4750
Soybean,Goa,2021,10,Kharif,4650,4300,5100
Soybean,Goa,2021,11,Kharif,4200,3950,4600
Soybean,Goa,2022,9,Kharif,5150,4750,5850
Soybean,Goa,2022,10,Kharif,4850,4550,5400
Soybean,Goa,2022,11,Kharif,5050,4750,5600
Soybean,Goa,2023,9,Kharif,5200,4800,5650
Soybean,Goa,2023,10,Kharif,5300,5000,5900
Soybean,Goa,2023,11,Kharif,4800,4500,5350
Soybean,Gujarat,2020,9,Kharif,4150,3950,4650
Soybean,Gujarat,2020,10,Kharif,3950,3800,4400
Soybean,Gujarat,2020,11,Kharif,4100,3850,4500
Soybean,Gujarat,2021,9,Kharif,4000,3850,4350
Soybean,Gujarat,2021,10,Kharif,4150,3850,4650
Soybean,Gujarat,2021,11,Kharif,3850,3650,4400
Soybean,Gujarat,2022,9,Kharif,4250,3950,4750
Soybean,Gujarat,2022,10,Kharif,4200,3950,4600
Soybean,Gujarat,2022,11,Kharif,4150,3850,4550
Soybean,Gujarat,2023,9,Kharif,4850,4550,5350
Soybean,Gujarat,2023,10,Kharif,4300,4050,4650
Soybean,Gujarat,2023,11,Kharif,4450,4100,5050
Soybean,Haryana,2020,9,Kharif,3900,3650,4250
Soybean,Haryana,2020,10,Kharif,3850,3600,4150
Soybean,Haryana,2020,11,Kharif,3650,3450,4000
Soybean,Haryana,2021,9,Kharif,4450,4200,4850
Soybean,Haryana,2021,10,Kharif,4250,4050,4650
Soybean,Haryana,2021,11,Kharif,4250,3950,4700
Soybean,Haryana,2022,9,Kharif,4200,4000,4750
Soybean,Haryana,2022,10,Kharif,4600,4350,5000
Soybean,Haryana,2022,11,Kharif,4700,4450,5300
Soybean,Haryana,2023,9,Kharif,4300,4050,4600
Soybean,Haryana,2023,10,Kharif,4900,4600,5250
Soybean,Haryana,2023,11,Kharif,4250,4000,4800
Soybean,Himachal Pradesh,2020,9,Kharif,3750,3500,4150
Soybean,Himachal Pradesh,2020,10,Kharif,4150,3850,4700
Soybean,Himachal Pradesh,2020,11,Kharif,3850,3650,4150
Soybean,Himachal Pradesh,2021,9,Kharif,4200,3850,4600
Soybean,Himachal Pradesh,2021,10,Kharif,4400,4200,4900
Soybean,Himachal Pradesh,2021,11,Kharif,4250,4050,4750
Soybean,Himachal Pradesh,2022,9,Kharif,4550,4300,5100
Soybean,Himachal Pradesh,2022,10,Kharif,4200,3950,4600
Soybean,Himachal Pradesh,2022,11,Kharif,4000,3800,4300
Soybean,Himachal Pradesh,2023,9,Kharif,4250,3950,4750
Soybean,Himachal Pradesh,2023,10,Kharif,4800,4500,5350
Soybean,Himachal Pradesh,2023,11,Kharif,4550,4300,4900
Soybean,Jammu & Kashmir,2020,9,Kharif,4250,3950,4600
Soybean,Jammu & Kashmir,2020,10,Kharif,3950,3800,4250
Soybean,Jammu & Kashmir,2020,11,Kharif,3900,3700,4250
Soybean,Jammu & Kashmir,2021,9,Kharif,4350,4100,4850
Soybean,Jammu & Kashmir,2021,10,Kharif,4350,4100,4700
Soybean,Jammu & Kashmir,2021,11,Kharif,4250,3900,4800
Soybean,Jammu & Kashmir,2022,9,Kharif,4750,4500,5100
Soybean,Jammu & Kashmir,2022,10,Kharif,4350,4050,4900
Soybean,Jammu & Kashmir,2022,11,Kharif,4300,4000,4800
Soybean,Jammu & Kashmir,2023,9,Kharif,4800,4550,5250
Soybean,Jammu & Kashmir,2023,10,Kharif,4550,4200,4900
Soybean,Jammu & Kashmir,2023,11,Kharif,4400,4100,4800
Soybean,Jharkhand,2020,9,Kharif,3550,3400,3950
Soybean,Jharkhand,2020,10,Kharif,3650,3450,3950
Soybean,Jharkhand,2020,11,Kharif,3500,3250,3850
Soybean,Jharkhand,2021,9,Kharif,3500,3350,3850
Soybean,Jharkhand,2021,10,Kharif,3850,3700,4250
Soybean,Jharkhand,2021,11,Kharif,3850,3600,4300
Soybean,Jharkhand,2022,9,Kharif,3900,3600,4350
Soybean,Jharkhand,2022,10,Kharif,3850,3600,4150
Soybean,Jharkhand,2022,11,Kharif,4150,3950,4650
Soybean,Jharkhand,2023,9,Kharif,4350,4050,4700
Soybean,Jharkhand,2023,10,Kharif,3950,3750,4400
Soybean,Jharkhand,2023,11,Kharif,4050,3850,4350
Soybean,Karnataka,2020,9,Kharif,3650,3500,3900
Soybean,Karnataka,2020,10,Kharif,3850,3550,4300
Soybean,Karnataka,2020,11,Kharif,3650,3400,4050
Soybean,Karnataka,2021,9,Kharif,3750,3600,4000
Soybean,Karnataka,2021,10,Kharif,4150,3850,4550
Soybean,Karnataka,2021,11,Kharif,4200,4050,4750
Soybean,Karnataka,2022,9,Kharif,4300,3950,4850
Soybean,Karnataka,2022,10,Kharif,4350,4050,4700
Soybean,Karnataka,2022,11,Kharif,4050,3850,4550
Soybean,Karnataka,2023,9,Kharif,4400,4100,4850
Soybean,Karnataka,2023,10,Kharif,4500,4200,5100
Soybean,Karnataka,2023,11,Kharif,4600,4250,5000
Soybean,Kerala,2020,9,Kharif,3750,3600,4050
Soybean,Kerala,2020,10,Kharif,4200,4000,4650
Soybean,Kerala,2020,11,Kharif,3700,3450,4050
Soybean,Kerala,2021,9,Kharif,3850,3650,4350
Soybean,Kerala,2021,10,Kharif,4400,4050,4950
Soybean,Kerala,2021,11,Kharif,4450,4200,5050
Soybean,Kerala,2022,9,Kharif,4100,3950,4500
Soybean,Kerala,2022,10,Kharif,4200,3900,4700
Soybean,Kerala,2022,11,Kharif,4550,4350,4950
Soybean,Kerala,2023,9,Kharif,4850,4550,5500
Soybean,Kerala,2023,10,Kharif,4300,4000,4750
Soybean,Kerala,2023,11,Kharif,4200,4000,4550
Soybean,Madhya Pradesh,2020,9,Kharif,3850,3550,4350
Soybean,Madhya Pradesh,2020,10,Kharif,3500,3350,4000
Soybean,Madhya Pradesh,2020,11,Kharif,3850,3600,4150
Soybean,Madhya Pradesh,2021,9,Kharif,3900,3750,4300
Soybean,Madhya Pradesh,2021,10,Kharif,3850,3600,4150
Soybean,Madhya Pradesh,2021,11,Kharif,4000,3800,4350
Soybean,Madhya Pradesh,2022,9,Kharif,4250,4000,4600
Soybean,Madhya Pradesh,2022,10,Kharif,4050,3800,4600
Soybean,Madhya Pradesh,2022,11,Kharif,3800,3600,4100
Soybean,Madhya Pradesh,2023,9,Kharif,4550,4300,4950
Soybean,Madhya Pradesh,2023,10,Kharif,4200,3950,4650
Soybean,Madhya Pradesh,2023,11,Kharif,4100,3850,4650
Soybean,Maharashtra,2020,9,Kharif,4000,3800,4500
Soybean,Maharashtra,2020,10,Kharif,4050,3750,4400
Soybean,Maharashtra,2020,11,Kharif,3550,3350,4000
Soybean,Maharashtra,2021,9,Kharif,4100,3900,4600
Soybean,Maharashtra,2021,10,Kharif,4250,3950,4700
Soybean,Maharashtra,2021,11,Kharif,3650,3400,3950
Soybean,Maharashtra,2022,9,Kharif,4450,4200,5050
Soybean,Maharashtra,2022,10,Kharif,4350,4050,4850
Soybean,Maharashtra,2022,11,Kharif,4000,3750,4300
Soybean,Maharashtra,2023,9,Kharif,4250,4000,4800
Soybean,Maharashtra,2023,10,Kharif,4600,4250,5000
Soybean,Maharashtra,2023,11,Kharif,4600,4400,5000
Soybean,Manipur,2020,9,Kharif,3550,3350,3850
Soybean,Manipur,2020,10,Kharif,3750,3500,4100
Soybean,Manipur,2020,11,Kharif,3550,3400,4000
Soybean,Manipur,2021,9,Kharif,3550,3300,3800
Soybean,Manipur,2021,10,Kharif,3800,3600,4300
Soybean,Manipur,2021,11,Kharif,4000,3850,4350
Soybean,Manipur,2022,9,Kharif,4050,3850,4500
Soybean,Manipur,2022,10,Kharif,4100,3900,4400
Soybean,Manipur,2022,11,Kharif,3700,3500,4050
Soybean,Manipur,2023,9,Kharif,4150,3900,4600
Soybean,Manipur,2023,10,Kharif,4050,3800,4450
Soybean,Manipur,2023,11,Kharif,4200,3900,4550
Soybean,Meghalaya,2020,9,Kharif,3400,3200,3800
Soybean,Meghalaya,2020,10,Kharif,3700,3500,4150
Soybean,Meghalaya,2020,11,Kharif,3500,3300,3950
Soybean,Meghalaya,2021,9,Kharif,3750,3450,4150
Soybean,Meghalaya,2021,10,Kharif,4100,3900,4650
Soybean,Meghalaya,2021,11,Kharif,3550,3400,4000
Soybean,Meghalaya,2022,9,Kharif,4050,3850,4600
Soybean,Meghalaya,2022,10,Kharif,4150,3950,4450
Soybean,Meghalaya,2022,11,Kharif,3850,3700,4200
Soybean,Meghalaya,2023,9,Kharif,3950,3750,4300
Soybean,Meghalaya,2023,10,Kharif,4300,4050,4750
Soybean,Meghalaya,2023,11,Kharif,4150,3900,4450
Soybean,Odisha,2020,9,Kharif,3400,3150,3750
Soybean,Odisha,2020,10,Kharif,3600,3400,4000
Soybean,Odisha,2020,11,Kharif,3650,3400,3950
Soybean,Odisha,2021,9,Kharif,3600,3400,4050
Soybean,Odisha,2021,10,Kharif,3600,3350,4000
Soybean,Odisha,2021,11,Kharif,3800,3650,4150
Soybean,Odisha,2022,9,Kharif,3600,3450,3950
Soybean,Odisha,2022,10,Kharif,3900,3650,4350
Soybean,Odisha,2022,11,Kharif,3600,3350,4000
Soybean,Odisha,2023,9,Kharif,4150,3950,4550
Soybean,Odisha,2023,10,Kharif,3700,3500,4050
Soybean,Odisha,2023,11,Kharif,3950,3800,4400
Soybean,Punjab,2020,9,Kharif,3900,3650,4300
Soybean,Punjab,2020,10,Kharif,3950,3700,4450
Soybean,Punjab,2020,11,Kharif,4050,3750,4500
Soybean,Punjab,2021,9,Kharif,4300,4100,4600
Soybean,Punjab,2021,10,Kharif,4550,4250,5150
Soybean,Punjab,2021,11,Kharif,4500,4250,4950
Soybean,Punjab,2022,9,Kharif,4200,3950,4600
Soybean,Punjab,2022,10,Kharif,4350,4100,4950
Soybean,Punjab,2022,11,Kharif,4750,4400,5100
Soybean,Punjab,2023,9,Kharif,4900,4700,5500
Soybean,Punjab,2023,10,Kharif,4850,4600,5300
Soybean,Punjab,2023,11,Kharif,4950,4750,5650
Soybean,Rajasthan,2020,9,Kharif,3550,3400,4050
Soybean,Rajasthan,2020,10,Kharif,3350,3150,3750
Soybean,Rajasthan,2020,11,Kharif,3400,3250,3800
Soybean,Rajasthan,2021,9,Kharif,3600,3350,3950
Soybean,Rajasthan,2021,10,Kharif,3550,3400,3850
Soybean,Rajasthan,2021,11,Kharif,3850,3600,4150
Soybean,Rajasthan,2022,9,Kharif,3800,3550,4350
Soybean,Rajasthan,2022,10,Kharif,3900,3650,4350
Soybean,Rajasthan,2022,11,Kharif,3850,3700,4400
Soybean,Rajasthan,2023,9,Kharif,4300,4100,4650
Soybean,Rajasthan,2023,10,Kharif,4150,3850,4550
Soybean,Rajasthan,2023,11,Kharif,4400,4150,4800
Soybean,Tamil Nadu,2020,9,Kharif,4150,3900,4500
Soybean,Tamil Nadu,2020,10,Kharif,3800,3550,4200
Soybean,Tamil Nadu,2020,11,Kharif,3850,3600,4350
Soybean,Tamil Nadu,2021,9,Kharif,3800,3600,4100
Soybean,Tamil Nadu,2021,10,Kharif,4350,4050,4750
Soybean,Tamil Nadu,2021,11,Kharif,3850,3600,4250
Soybean,Tamil Nadu,2022,9,Kharif,4400,4150,4750
Soybean,Tamil Nadu,2022,10,Kharif,4400,4100,5000
Soybean,Tamil Nadu,2022,11,Kharif,4400,4100,5000
Soybean,Tamil Nadu,2023,9,Kharif,4700,4400,5250
Soybean,Tamil Nadu,2023,10,Kharif,4150,3800,4600
Soybean,Tamil Nadu,2023,11,Kharif,4200,4000,4650
Soybean,Telangana,2020,9,Kharif,3950,3750,4350
Soybean,Telangana,2020,10,Kharif,3600,3400,4000
Soybean,Telangana,2020,11,Kharif,3500,3250,3950
Soybean,Telangana,2021,9,Kharif,3700,3400,4200
Soybean,Telangana,2021,10,Kharif,4100,3800,4600
Soybean,Telangana,2021,11,Kharif,3700,3450,4150
Soybean,Telangana,2022,9,Kharif,4000,3750,4550
Soybean,Telangana,2022,10,Kharif,4150,3900,4700
Soybean,Telangana,2022,11,Kharif,3900,3750,4400
Soybean,Telangana,2023,9,Kharif,4650,4350,5100
Soybean,Telangana,2023,10,Kharif,4350,4150,4650
Soybean,Telangana,2023,11,Kharif,4700,4450,5050
Soybean,Tripura,2020,9,Kharif,3800,3600,4250
Soybean,Tripura,2020,10,Kharif,3450,3200,3750
Soybean,Tripura,2020,11,Kharif,3450,3300,3800
Soybean,Tripura,2021,9,Kharif,3900,3700,4200
Soybean,Tripura,2021,10,Kharif,4000,3750,4500
Soybean,Tripura,2021,11,Kharif,3800,3550,4300
Soybean,Tripura,2022,9,Kharif,3850,3550,4350
Soybean,Tripura,2022,10,Kharif,3900,3650,4300
Soybean,Tripura,2022,11,Kharif,4250,3950,4700
Soybean,Tripura,2023,9,Kharif,4500,4250,5050
Soybean,Tripura,2023,10,Kharif,4150,3900,4550
Soybean,Tripura,2023,11,Kharif,4100,3850,4500
Soybean,Uttar Pradesh,2020,9,Kharif,3750,3500,4050
Soybean,Uttar Pradesh,2020,10,Kharif,3550,3350,3950
Soybean,Uttar Pradesh,2020,11,Kharif,3450,3200,3850
Soybean,Uttar Pradesh,2021,9,Kharif,3700,3400,4150
Soybean,Uttar Pradesh,2021,10,Kharif,3750,3500,4100
Soybean,Uttar Pradesh,2021,11,Kharif,3750,3600,4150
Soybean,Uttar Pradesh,2022,9,Kharif,4000,3800,4450
Soybean,Uttar Pradesh,2022,10,Kharif,4150,3900,4700
Soybean,Uttar Pradesh,2022,11,Kharif,4400,4050,4850
Soybean,Uttar Pradesh,2023,9,Kharif,4200,3900,4650
Soybean,Uttar Pradesh,2023,10,Kharif,4350,4150,4800
Soybean,Uttar Pradesh,2023,11,Kharif,4500,4250,5000
Soybean,Uttarakhand,2020,9,Kharif,3450,3250,3700
Soybean,Uttarakhand,2020,10,Kharif,3700,3400,4200
Soybean,Uttarakhand,2020,11,Kharif,3700,3400,4200
Soybean,Uttarakhand,2021,9,Kharif,3700,3450,4100
Soybean,Uttarakhand,2021,10,Kharif,4050,3850,4350
Soybean,Uttarakhand,2021,11,Kharif,3550,3400,4000
Soybean,Uttarakhand,2022,9,Kharif,3900,3750,4200
Soybean,Uttarakhand,2022,10,Kharif,3950,3750,4250
Soybean,Uttarakhand,2022,11,Kharif,3900,3600,4400
Soybean,Uttarakhand,2023,9,Kharif,3950,3750,4450
Soybean,Uttarakhand,2023,10,Kharif,4000,3750,4500
Soybean,Uttarakhand,2023,11,Kharif,4050,3750,4450
Soybean,West Bengal,2020,9,Kharif,3450,3250,3750
Soybean,West Bengal,2020,10,Kharif,3850,3550,4300
Soybean,West Bengal,2020,11,Kharif,3800,3600,4150
Soybean,West Bengal,2021,9,Kharif,3750,3450,4050
Soybean,West Bengal,2021,10,Kharif,3650,3500,3950
Soybean,West Bengal,2021,11,Kharif,4050,3850,4550
Soybean,West Bengal,2022,9,Kharif,4050,3800,4500
Soybean,West Bengal,2022,10,Kharif,4400,4050,4850
Soybean,West Bengal,2022,11,Kharif,4350,4100,4800
Soybean,West Bengal,2023,9,Kharif,4600,4300,5250
Soybean,West Bengal,2023,10,Kharif,4000,3800,4350
Soybean,West Bengal,2023,11,Kharif,4300,4000,4900
Sugarcane,Andhra Pradesh,2020,1,Rabi,2550,2200,3050
Sugarcane,Andhra Pradesh,2020,2,Rabi,2500,2150,3000
Sugarcane,Andhra Pradesh,2020,3,Rabi,2550,2250,2900
Sugarcane,Andhra Pradesh,2020,10,Kharif,2750,2400,3200
Sugarcane,Andhra Pradesh,2020,11,Kharif,2750,2550,3150
Sugarcane,Andhra Pradesh,2020,12,Kharif,2500,2250,2800
Sugarcane,Andhra Pradesh,2021,1,Rabi,2800,2550,3350
Sugarcane,Andhra Pradesh,2021,2,Rabi,2950,2700,3600
Sugarcane,Andhra Pradesh,2021,3,Rabi,2900,2500,3400
Sugarcane,Andhra Pradesh,2021,10,Kharif,2950,2700,3550
Sugarcane,Andhra Pradesh,2021,11,Kharif,2800,2600,3350
Sugarcane,Andhra Pradesh,2021,12,Kharif,2650,2400,3050
Sugarcane,Andhra Pradesh,2022,1,Rabi,3200,3050,3550
Sugarcane,Andhra Pradesh,2022,2,Rabi,2900,2550,3250
Sugarcane,Andhra Pradesh,2022,3,Rabi,3150,2950,3400
Sugarcane,Andhra Pradesh,2022,10,Kharif,3100,2950,3450
Sugarcane,Andhra Pradesh,2022,11,Kharif,2900,2650,3500
Sugarcane,Andhra Pradesh,2022,12,Kharif,2900,2600,3500
Sugarcane,Andhra Pradesh,2023,1,Rabi,3350,3100,3700
Sugarcane,Andhra Pradesh,2023,2,Rabi,3050,2850,3450
Sugarcane,Andhra Pradesh,2023,3,Rabi,3250,3000,3700
Sugarcane,Andhra Pradesh,2023,10,Kharif,2900,2650,3400
Sugarcane,Andhra Pradesh,2023,11,Kharif,3100,2850,3500
Sugarcane,Andhra Pradesh,2023,12,Kharif,3200,3000,3400
Sugarcane,Assam,2020,1,Rabi,2750,2550,3050
Sugarcane,Assam,2020,2,Rabi,2700,2450,3050
Sugarcane,Assam,2020,3,Rabi,2650,2400,3050
Sugarcane,Assam,2020,10,Kharif,2500,2150,3000
Sugarcane,Assam,2020,11,Kharif,2500,2250,2900
Sugarcane,Assam,2020,12,Kharif,2700,2450,3100
Sugarcane,Assam,2021,1,Rabi,2850,2450,3200
Sugarcane,Assam,2021,2,Rabi,2900,2450,3350
Sugarcane,Assam,2021,3,Rabi,2650,2250,3100
Sugarcane,Assam,2021,10,Kharif,2900,2700,3250
Sugarcane,Assam,2021,11,Kharif,2650,2350,3150
Sugarcane,Assam,2021,12,Kharif,2750,2550,3350
Sugarcane,Assam,2022,1,Rabi,2750,2550,3350
Sugarcane,Assam,2022,2,Rabi,2800,2450,3250
Sugarcane,Assam,2022,3,Rabi,3000,2900,3400
Sugarcane,Assam,2022,10,Kharif,3200,3000,3450
Sugarcane,Assam,2022,11,Kharif,3150,3000,3450
Sugarcane,Assam,2022,12,Kharif,3200,3000,3450
Sugarcane,Assam,2023,1,Rabi,3050,2900,3350
Sugarcane,Assam,2023,2,Rabi,3350,3150,3800
Sugarcane,Assam,2023,3,Rabi,2900,2500,3300
Sugarcane,Assam,2023,10,Kharif,3000,2800,3400
Sugarcane,Assam,2023,11,Kharif,3200,3000,3500
Sugarcane,Assam,2023,12,Kharif,3250,3100,3650
Sugarcane,Bihar,2020,1,Rabi,2600,2350,3150
Sugarcane,Bihar,2020,2,Rabi,2550,2300,3050
Sugarcane,Bihar,2020,3,Rabi,2650,2300,3050
Sugarcane,Bihar,2020,10,Kharif,2750,2350,3100
Sugarcane,Bihar,2020,11,Kharif,2750,2500,3250
Sugarcane,Bihar,2020,12,Kharif,2800,2500,3200
Sugarcane,Bihar,2021,1,Rabi,2800,2550,3350
Sugarcane,Bihar,2021,2,Rabi,2950,2550,3550
Sugarcane,Bihar,2021,3,Rabi,2600,2300,2950
Sugarcane,Bihar,2021,10,Kharif,2950,2700,3550
Sugarcane,Bihar,2021,11,Kharif,3000,2850,3350
Sugarcane,Bihar,2021,12,Kharif,2700,2350,3250
Sugarcane,Bihar,2022,1,Rabi,3100,2950,3350
Sugarcane,Bihar,2022,2,Rabi,2750,2350,3300
Sugarcane,Bihar,2022,3,Rabi,2950,2650,3400
Sugarcane,Bihar,2022,10,Kharif,3000,2800,3250
Sugarcane,Bihar,2022,11,Kharif,2750,2550,3250
Sugarcane,Bihar,2022,12,Kharif,2750,2550,3250
Sugarcane,Bihar,2023,1,Rabi,3200,3050,3550
Sugarcane,Bihar,2023,2,Rabi,3050,2900,3300
Sugarcane,Bihar,2023,3,Rabi,2900,2650,3350
Sugarcane,Bihar,2023,10,Kharif,2900,2450,3250
Sugarcane,Bihar,2023,11,Kharif,3200,3050,3650
Sugarcane,Bihar,2023,12,Kharif,3200,2950,3550
Sugarcane,Chhattisgarh,2020,1,Rabi,2600,2250,3150
Sugarcane,Chhattisgarh,2020,2,Rabi,2750,2400,3050
Sugarcane,Chhattisgarh,2020,3,Rabi,2650,2350,3050
Sugarcane,Chhattisgarh,2020,10,Kharif,2800,2500,3300
Sugarcane,Chhattisgarh,2020,11,Kharif,2500,2200,3000
Sugarcane,Chhattisgarh,2020,12,Kharif,2550,2200,2900
Sugarcane,Chhattisgarh,2021,1,Rabi,3000,2800,3300
Sugarcane,Chhattisgarh,2021,2,Rabi,2750,2350,3050
Sugarcane,Chhattisgarh,2021,3,Rabi,2850,2500,3450
Sugarcane,Chhattisgarh,2021,10,Kharif,2750,2400,3250
Sugarcane,Chhattisgarh,2021,11,Kharif,2800,2500,3400
Sugarcane,Chhattisgarh,2021,12,Kharif,2650,2350,3050
Sugarcane,Chhattisgarh,2022,1,Rabi,3150,2950,3400
Sugarcane,Chhattisgarh,2022,2,Rabi,3150,2950,3450
Sugarcane,Chhattisgarh,2022,3,Rabi,3100,2900,3350
Sugarcane,Chhattisgarh,2022,10,Kharif,2800,2450,3200
Sugarcane,Chhattisgarh,2022,11,Kharif,3050,2900,3250
Sugarcane,Chhattisgarh,2022,12,Kharif,3100,2950,3450
Sugarcane,Chhattisgarh,2023,1,Rabi,3200,2950,3550
Sugarcane,Chhattisgarh,2023,2,Rabi,3000,2800,3250
Sugarcane,Chhattisgarh,2023,3,Rabi,3150,3000,3500
Sugarcane,Chhattisgarh,2023,10,Kharif,2950,2550,3500
Sugarcane,Chhattisgarh,2023,11,Kharif,3050,2850,3350
Sugarcane,Chhattisgarh,2023,12,Kharif,2900,2500,3250
Sugarcane,Goa,2020,1,Rabi,3350,3150,3700
Sugarcane,Goa,2020,2,Rabi,3250,3100,3600
Sugarcane,Goa,2020,3,Rabi,3350,3100,3750
Sugarcane,Goa,2020,10,Kharif,3200,2950,3600
Sugarcane,Goa,2020,11,Kharif,3250,3000,3550
Sugarcane,Goa,2020,12,Kharif,3150,2950,3400
Sugarcane,Goa,2021,1,Rabi,3050,2800,3350
Sugarcane,Goa,2021,2,Rabi,3350,3100,3700
Sugarcane,Goa,2021,3,Rabi,3000,2850,3400
Sugarcane,Goa,2021,10,Kharif,3200,3050,3500
Sugarcane,Goa,2021,11,Kharif,3400,3200,3700
Sugarcane,Goa,2021,12,Kharif,3450,3300,3900
Sugarcane,Goa,2022,1,Rabi,3200,3000,3600
Sugarcane,Goa,2022,2,Rabi,3250,3050,3650
Sugarcane,Goa,2022,3,Rabi,3500,3300,3950
Sugarcane,Goa,2022,10,Kharif,3150,2950,3500
Sugarcane,Goa,2022,11,Kharif,3500,3300,3850
Sugarcane,Goa,2022,12,Kharif,3250,3100,3650
Sugarcane,Goa,2023,1,Rabi,3700,3550,4200
Sugarcane,Goa,2023,2,Rabi,3600,3350,4000
Sugarcane,Goa,2023,3,Rabi,3700,3550,4000
Sugarcane,Goa,2023,10,Kharif,3350,3100,3700
Sugarcane,Goa,2023,11,Kharif,3450,3200,3700
Sugarcane,Goa,2023,12,Kharif,3350,3100,3800
Sugarcane,Gujarat,2020,1,Rabi,3050,2900,3350
Sugarcane,Gujarat,2020,2,Rabi,3000,2850,3400
Sugarcane,Gujarat,2020,3,Rabi,3000,2900,3300
Sugarcane,Gujarat,2020,10,Kharif,2850,2600,3300
Sugarcane,Gujarat,2020,11,Kharif,2950,2500,3500
Sugarcane,Gujarat,2020,12,Kharif,2700,2500,3200
Sugarcane,Gujarat,2021,1,Rabi,3000,2900,3300
Sugarcane,Gujarat,2021,2,Rabi,2950,2500,3400
Sugarcane,Gujarat,2021,3,Rabi,3200,3050,3450
Sugarcane,Gujarat,2021,10,Kharif,3000,2800,3250
Sugarcane,Gujarat,2021,11,Kharif,3100,2950,3350
Sugarcane,Gujarat,2021,12,Kharif,2800,2400,3300
Sugarcane,Gujarat,2022,1,Rabi,3350,3100,3650
Sugarcane,Gujarat,2022,2,Rabi,2950,2600,3400
Sugarcane,Gujarat,2022,3,Rabi,3100,2950,3350
Sugarcane,Gujarat,2022,10,Kharif,3400,3150,3800
Sugarcane,Gujarat,2022,11,Kharif,3250,3100,3500
Sugarcane,Gujarat,2022,12,Kharif,3300,3150,3550
Sugarcane,Gujarat,2023,1,Rabi,3450,3250,3900
Sugarcane,Gujarat,2023,2,Rabi,3250,3100,3600
Sugarcane,Gujarat,2023,3,Rabi,3500,3300,3850
Sugarcane,Gujarat,2023,10,Kharif,3100,2950,3300
Sugarcane,Gujarat,2023,11,Kharif,3100,2950,3300
Sugarcane,Gujarat,2023,12,Kharif,3350,3200,3650
Sugarcane,Haryana,2020,1,Rabi,2900,2600,3500
Sugarcane,Haryana,2020,2,Rabi,2950,2550,3450
Sugarcane,Haryana,2020,3,Rabi,3150,3000,3450
Sugarcane,Haryana,2020,10,Kharif,2750,2500,3150
Sugarcane,Haryana,2020,11,Kharif,3100,2900,3400
Sugarcane,Haryana,2020,12,Kharif,3000,2750,3350
Sugarcane,Haryana,2021,1,Rabi,3000,2850,3200
Sugarcane,Haryana,2021,2,Rabi,2900,2500,3300
Sugarcane,Haryana,2021,3,Rabi,2900,2650,3500
Sugarcane,Haryana,2021,10,Kharif,3100,2900,3450
Sugarcane,Haryana,2021,11,Kharif,3250,3050,3600
Sugarcane,Haryana,2021,12,Kharif,2950,2700,3400
Sugarcane,Haryana,2022,1,Rabi,3450,3200,3800
Sugarcane,Haryana,2022,2,Rabi,3400,3200,3750
Sugarcane,Haryana,2022,3,Rabi,3000,2750,3350
Sugarcane,Haryana,2022,10,Kharif,3450,3250,3900
Sugarcane,Haryana,2022,11,Kharif,3500,3350,3750
Sugarcane,Haryana,2022,12,Kharif,3050,2850,3400
Sugarcane,Haryana,2023,1,Rabi,3350,3200,3600
Sugarcane,Haryana,2023,2,Rabi,3300,3100,3750
Sugarcane,Haryana,2023,3,Rabi,3300,3050,3750
Sugarcane,Haryana,2023,10,Kharif,3300,3150,3700
Sugarcane,Haryana,2023,11,Kharif,3600,3400,4050
Sugarcane,Haryana,2023,12,Kharif,3400,3250,3750
Sugarcane,Himachal Pradesh,2020,1,Rabi,2750,2350,3300
Sugarcane,Himachal Pradesh,2020,2,Rabi,3050,2850,3350
Sugarcane,Himachal Pradesh,2020,3,Rabi,2900,2500,3500
Sugarcane,Himachal Pradesh,2020,10,Kharif,2800,2600,3400
Sugarcane,Himachal Pradesh,2020,11,Kharif,2750,2450,3100
Sugarcane,Himachal Pradesh,2020,12,Kharif,3000,2850,3400
Sugarcane,Himachal Pradesh,2021,1,Rabi,2950,2500,3350
Sugarcane,Himachal Pradesh,2021,2,Rabi,3200,3050,3600
Sugarcane,Himachal Pradesh,2021,3,Rabi,3250,3000,3650
Sugarcane,Himachal Pradesh,2021,10,Kharif,2900,2500,3500
Sugarcane,Himachal Pradesh,2021,11,Kharif,3150,3000,3400
Sugarcane,Himachal Pradesh,2021,12,Kharif,3250,3050,3500
Sugarcane,Himachal Pradesh,2022,1,Rabi,3400,3150,3700
Sugarcane,Himachal Pradesh,2022,2,Rabi,3250,3050,3600
Sugarcane,Himachal Pradesh,2022,3,Rabi,3500,3300,3950
Sugarcane,Himachal Pradesh,2022,10,Kharif,3000,2750,3300
Sugarcane,Himachal Pradesh,2022,11,Kharif,3400,3200,3750
Sugarcane,Himachal Pradesh,2022,12,Kharif,3450,3250,3700
Sugarcane,Himachal Pradesh,2023,1,Rabi,3550,3250,3850
Sugarcane,Himachal Pradesh,2023,2,Rabi,3200,3000,3550
Sugarcane,Himachal Pradesh,2023,3,Rabi,3450,3200,3850
Sugarcane,Himachal Pradesh,2023,10,Kharif,3450,3250,3900
Sugarcane,Himachal Pradesh,2023,11,Kharif,3300,3150,3750
Sugarcane,Himachal Pradesh,2023,12,Kharif,3200,2950,3550
Sugarcane,Jammu & Kashmir,2020,1,Rabi,3200,2950,3600
Sugarcane,Jammu & Kashmir,2020,2,Rabi,2900,2650,3400
Sugarcane,Jammu & Kashmir,2020,3,Rabi,3150,2950,3450
Sugarcane,Jammu & Kashmir,2020,10,Kharif,2800,2450,3400
Sugarcane,Jammu & Kashmir,2020,11,Kharif,3050,2850,3300
Sugarcane,Jammu & Kashmir,2020,12,Kharif,3200,3000,3550
Sugarcane,Jammu & Kashmir,2021,1,Rabi,3300,3050,3650
Sugarcane,Jammu & Kashmir,2021,2,Rabi,3350,3100,3700
Sugarcane,Jammu & Kashmir,2021,3,Rabi,3350,3150,3700
Sugarcane,Jammu & Kashmir,2021,10,Kharif,3400,3150,3700
Sugarcane,Jammu & Kashmir,2021,11,Kharif,3000,2850,3250
Sugarcane,Jammu & Kashmir,2021,12,Kharif,3250,3100,3650
Sugarcane,Jammu & Kashmir,2022,1,Rabi,3250,3000,3600
Sugarcane,Jammu & Kashmir,2022,2,Rabi,3600,3350,4050
Sugarcane,Jammu & Kashmir,2022,3,Rabi,3600,3400,3850
Sugarcane,Jammu & Kashmir,2022,10,Kharif,3550,3400,4000
Sugarcane,Jammu & Kashmir,2022,11,Kharif,3400,3200,3700
Sugarcane,Jammu & Kashmir,2022,12,Kharif,3150,2950,3400
Sugarcane,Jammu & Kashmir,2023,1,Rabi,3450,3250,3700
Sugarcane,Jammu & Kashmir,2023,2,Rabi,3700,3450,4000
Sugarcane,Jammu & Kashmir,2023,3,Rabi,3750,3450,4000
Sugarcane,Jammu & Kashmir,2023,10,Kharif,3600,3300,3850
Sugarcane,Jammu & Kashmir,2023,11,Kharif,3600,3400,3900
Sugarcane,Jammu & Kashmir,2023,12,Kharif,3450,3250,3800
Sugarcane,Jharkhand,2020,1,Rabi,2550,2300,3100
Sugarcane,Jharkhand,2020,2,Rabi,2450,2250,2900
Sugarcane,Jharkhand,2020,3,Rabi,2800,2450,3250
Sugarcane,Jharkhand,2020,10,Kharif,2600,2350,2950
Sugarcane,Jharkhand,2020,11,Kharif,2600,2300,2950
Sugarcane,Jharkhand,2020,12,Kharif,2450,2250,3000
Sugarcane,Jharkhand,2021,1,Rabi,2550,2200,2950
Sugarcane,Jharkhand,2021,2,Rabi,2900,2500,3400
Sugarcane,Jharkhand,2021,3,Rabi,2850,2450,3350
Sugarcane,Jharkhand,2021,10,Kharif,2900,2650,3350
Sugarcane,Jharkhand,2021,11,Kharif,2950,2650,3300
Sugarcane,Jharkhand,2021,12,Kharif,2900,2500,3250
Sugarcane,Jharkhand,2022,1,Rabi,2800,2400,3250
Sugarcane,Jharkhand,2022,2,Rabi,3050,2900,3250
Sugarcane,Jharkhand,2022,3,Rabi,2950,2600,3400
Sugarcane,Jharkhand,2022,10,Kharif,3100,2850,3400
Sugarcane,Jharkhand,2022,11,Kharif,3050,2850,3350
Sugarcane,Jharkhand,2022,12,Kharif,3100,2950,3300
Sugarcane,Jharkhand,2023,1,Rabi,3050,2900,3350
Sugarcane,Jharkhand,2023,2,Rabi,3050,2850,3350
Sugarcane,Jharkhand,2023,3,Rabi,2950,2550,3450
Sugarcane,Jharkhand,2023,10,Kharif,3250,3000,3600
Sugarcane,Jharkhand,2023,11,Kharif,2950,2550,3300
Sugarcane,Jharkhand,2023,12,Kharif,3200,3000,3650
Sugarcane,Karnataka,2020,1,Rabi,2750,2500,3300
Sugarcane,Karnataka,2020,2,Rabi,2550,2200,2900
Sugarcane,Karnataka,2020,3,Rabi,2950,2600,3450
Sugarcane,Karnataka,2020,10,Kharif,2650,2350,3100
Sugarcane,Karnataka,2020,11,Kharif,2650,2300,3100
Sugarcane,Karnataka,2020,12,Kharif,2850,2550,3150
Sugarcane,Karnataka,2021,1,Rabi,3050,2800,3300
Sugarcane,Karnataka,2021,2,Rabi,2900,2650,3300
Sugarcane,Karnataka,2021,3,Rabi,3050,2800,3300
Sugarcane,Karnataka,2021,10,Kharif,2900,2600,3250
Sugarcane,Karnataka,2021,11,Kharif,2900,2650,3500
Sugarcane,Karnataka,2021,12,Kharif,3150,2900,3450
Sugarcane,Karnataka,2022,1,Rabi,2850,2450,3450
Sugarcane,Karnataka,2022,2,Rabi,2950,2600,3600
Sugarcane,Karnataka,2022,3,Rabi,3000,2850,3400
Sugarcane,Karnataka,2022,10,Kharif,2950,2650,3500
Sugarcane,Karnataka,2022,11,Kharif,3150,2900,3550
Sugarcane,Karnataka,2022,12,Kharif,2900,2650,3300
Sugarcane,Karnataka,2023,1,Rabi,3400,3150,3650
Sugarcane,Karnataka,2023,2,Rabi,3450,3300,3700
Sugarcane,Karnataka,2023,3,Rabi,3050,2900,3450
Sugarcane,Karnataka,2023,10,Kharif,3200,3050,3500
Sugarcane,Karnataka,2023,11,Kharif,3250,3100,3500
Sugarcane,Karnataka,2023,12,Kharif,3050,2900,3300
Sugarcane,Kerala,2020,1,Rabi,3100,2850,3350
Sugarcane,Kerala,2020,2,Rabi,3200,2950,3450
Sugarcane,Kerala,2020,3,Rabi,2850,2600,3350
Sugarcane,Kerala,2020,10,Kharif,2850,2450,3300
Sugarcane,Kerala,2020,11,Kharif,3050,2800,3350
Sugarcane,Kerala,2020,12,Kharif,2750,2550,3200
Sugarcane,Kerala,2021,1,Rabi,3300,3150,3550
Sugarcane,Kerala,2021,2,Rabi,3350,3100,3800
Sugarcane,Kerala,2021,3,Rabi,3050,2900,3300
Sugarcane,Kerala,2021,10,Kharif,3150,3000,3600
Sugarcane,Kerala,2021,11,Kharif,3350,3200,3700
Sugarcane,Kerala,2021,12,Kharif,3250,3100,3650
Sugarcane,Kerala,2022,1,Rabi,3300,3050,3650
Sugarcane,Kerala,2022,2,Rabi,3500,3250,3900
Sugarcane,Kerala,2022,3,Rabi,3300,3100,3600
Sugarcane,Kerala,2022,10,Kharif,3100,2900,3450
Sugarcane,Kerala,2022,11,Kharif,3600,3400,3950
Sugarcane,Kerala,2022,12,Kharif,3300,3050,3600
Sugarcane,Kerala,2023,1,Rabi,3400,3200,3850
Sugarcane,Kerala,2023,2,Rabi,3700,3400,4000
Sugarcane,Kerala,2023,3,Rabi,3600,3300,4000
Sugarcane,Kerala,2023,10,Kharif,3600,3450,3950
Sugarcane,Kerala,2023,11,Kharif,3550,3300,3850
Sugarcane,Kerala,2023,12,Kharif,3300,3150,3600
Sugarcane,Madhya Pradesh,2020,1,Rabi,2750,2500,3300
Sugarcane,Madhya Pradesh,2020,2,Rabi,2600,2250,3100
Sugarcane,Madhya Pradesh,2020,3,Rabi,2600,2350,3000
Sugarcane,Madhya Pradesh,2020,10,Kharif,2450,2200,2900
Sugarcane,Madhya Pradesh,2020,11,Kharif,2700,2300,3200
Sugarcane,Madhya Pradesh,2020,12,Kharif,2500,2150,2900
Sugarcane,Madhya Pradesh,2021,1,Rabi,2750,2400,3100
Sugarcane,Madhya Pradesh,2021,2,Rabi,2650,2300,3200
Sugarcane,Madhya Pradesh,2021,3,Rabi,2900,2600,3250
Sugarcane,Madhya Pradesh,2021,10,Kharif,2900,2500,3350
Sugarcane,Madhya Pradesh,2021,11,Kharif,2650,2300,3000
Sugarcane,Madhya Pradesh,2021,12,Kharif,2800,2450,3400
Sugarcane,Madhya Pradesh,2022,1,Rabi,2700,2350,3300
Sugarcane,Madhya Pradesh,2022,2,Rabi,2900,2550,3550
Sugarcane,Madhya Pradesh,2022,3,Rabi,2800,2500,3350
Sugarcane,Madhya Pradesh,2022,10,Kharif,2900,2500,3500
Sugarcane,Madhya Pradesh,2022,11,Kharif,2900,2650,3300
Sugarcane,Madhya Pradesh,2022,12,Kharif,3050,2950,3300
Sugarcane,Madhya Pradesh,2023,1,Rabi,3300,3150,3700
Sugarcane,Madhya Pradesh,2023,2,Rabi,3050,2850,3400
Sugarcane,Madhya Pradesh,2023,3,Rabi,3100,2950,3400
Sugarcane,Madhya Pradesh,2023,10,Kharif,3050,2900,3400
Sugarcane,Madhya Pradesh,2023,11,Kharif,3200,3000,3550
Sugarcane,Madhya Pradesh,2023,12,Kharif,3050,2900,3400
Sugarcane,Maharashtra,2020,1,Rabi,2900,2550,3500
Sugarcane,Maharashtra,2020,2,Rabi,2750,2400,3200
Sugarcane,Maharashtra,2020,3,Rabi,2750,2350,3300
Sugarcane,Maharashtra,2020,10,Kharif,2850,2550,3350
Sugarcane,Maharashtra,2020,11,Kharif,2950,2700,3550
Sugarcane,Maharashtra,2020,12,Kharif,2750,2450,3300
Sugarcane,Maharashtra,2021,1,Rabi,3250,3100,3700
Sugarcane,Maharashtra,2021,2,Rabi,3000,2850,3300
Sugarcane,Maharashtra,2021,3,Rabi,2800,2600,3400
Sugarcane,Maharashtra,2021,10,Kharif,2950,2600,3450
Sugarcane,Maharashtra,2021,11,Kharif,2950,2550,3600
Sugarcane,Maharashtra,2021,12,Kharif,3250,3100,3550
Sugarcane,Maharashtra,2022,1,Rabi,3000,2850,3400
Sugarcane,Maharashtra,2022,2,Rabi,3300,3100,3650
Sugarcane,Maharashtra,2022,3,Rabi,2950,2550,3300
Sugarcane,Maharashtra,2022,10,Kharif,3250,3050,3500
Sugarcane,Maharashtra,2022,11,Kharif,3400,3200,3700
Sugarcane,Maharashtra,2022,12,Kharif,3250,3100,3500
Sugarcane,Maharashtra,2023,1,Rabi,3200,3050,3550
Sugarcane,Maharashtra,2023,2,Rabi,3250,3050,3550
Sugarcane,Maharashtra,2023,3,Rabi,3200,3000,3650
Sugarcane,Maharashtra,2023,10,Kharif,3500,3250,3850
Sugarcane,Maharashtra,2023,11,Kharif,3200,3050,3500
Sugarcane,Maharashtra,2023,12,Kharif,3100,2850,3350
Sugarcane,Manipur,2020,1,Rabi,2650,2400,3100
Sugarcane,Manipur,2020,2,Rabi,2750,2350,3150
Sugarcane,Manipur,2020,3,Rabi,2400,2150,2900
Sugarcane,Manipur,2020,10,Kharif,2650,2400,3000
Sugarcane,Manipur,2020,11,Kharif,2500,2300,2900
Sugarcane,Manipur,2020,12,Kharif,2650,2250,3150
Sugarcane,Manipur,2021,1,Rabi,2900,2550,3400
Sugarcane,Manipur,2021,2,Rabi,2550,2250,3000
Sugarcane,Manipur,2021,3,Rabi,2550,2250,2950
Sugarcane,Manipur,2021,10,Kharif,2700,2350,3000
Sugarcane,Manipur,2021,11,Kharif,2550,2250,2850
Sugarcane,Manipur,2021,12,Kharif,2650,2250,3100
Sugarcane,Manipur,2022,1,Rabi,3000,2850,3300
Sugarcane,Manipur,2022,2,Rabi,2800,2450,3250
Sugarcane,Manipur,2022,3,Rabi,2650,2450,3150
Sugarcane,Manipur,2022,10,Kharif,3050,2900,3300
Sugarcane,Manipur,2022,11,Kharif,2800,2400,3150
Sugarcane,Manipur,2022,12,Kharif,2750,2400,3350
Sugarcane,Manipur,2023,1,Rabi,3200,3000,3500
Sugarcane,Manipur,2023,2,Rabi,3050,2800,3300
Sugarcane,Manipur,2023,3,Rabi,3150,2900,3500
Sugarcane,Manipur,2023,10,Kharif,3150,2900,3450
Sugarcane,Manipur,2023,11,Kharif,3150,3000,3350
Sugarcane,Manipur,2023,12,Kharif,2950,2650,3450
Sugarcane,Meghalaya,2020,1,Rabi,2800,2500,3200
Sugarcane,Meghalaya,2020,2,Rabi,2750,2450,3050
Sugarcane,Meghalaya,2020,3,Rabi,2550,2250,2950
Sugarcane,Meghalaya,2020,10,Kharif,2700,2450,3200
Sugarcane,Meghalaya,2020,11,Kharif,2650,2450,3150
Sugarcane,Meghalaya,2020,12,Kharif,2700,2300,3000
Sugarcane,Meghalaya,2021,1,Rabi,2700,2300,3300
Sugarcane,Meghalaya,2021,2,Rabi,2650,2450,3150
Sugarcane,Meghalaya,2021,3,Rabi,2750,2450,3250
Sugarcane,Meghalaya,2021,10,Kharif,2900,2550,3300
Sugarcane,Meghalaya,2021,11,Kharif,2650,2300,3050
Sugarcane,Meghalaya,2021,12,Kharif,3000,2800,3350
Sugarcane,Meghalaya,2022,1,Rabi,2700,2300,3200
Sugarcane,Meghalaya,2022,2,Rabi,3100,2950,3450
Sugarcane,Meghalaya,2022,3,Rabi,2800,2550,3400
Sugarcane,Meghalaya,2022,10,Kharif,2800,2500,3400
Sugarcane,Meghalaya,2022,11,Kharif,3000,2750,3350
Sugarcane,Meghalaya,2022,12,Kharif,2900,2550,3350
Sugarcane,Meghalaya,2023,1,Rabi,3200,3000,3600
Sugarcane,Meghalaya,2023,2,Rabi,3000,2750,3250
Sugarcane,Meghalaya,2023,3,Rabi,2850,2600,3300
Sugarcane,Meghalaya,2023,10,Kharif,3200,2950,3600
Sugarcane,Meghalaya,2023,11,Kharif,3000,2800,3250
Sugarcane,Meghalaya,2023,12,Kharif,2950,2550,3400
Sugarcane,Odisha,2020,1,Rabi,2600,2250,2950
Sugarcane,Odisha,2020,2,Rabi,2700,2450,3300
Sugarcane,Odisha,2020,3,Rabi,2850,2500,3300
Sugarcane,Odisha,2020,10,Kharif,2750,2400,3300
Sugarcane,Odisha,2020,11,Kharif,2750,2500,3150
Sugarcane,Odisha,2020,12,Kharif,2750,2450,3200
Sugarcane,Odisha,2021,1,Rabi,2600,2350,3000
Sugarcane,Odisha,2021,2,Rabi,2750,2450,3150
Sugarcane,Odisha,2021,3,Rabi,2600,2200,3050
Sugarcane,Odisha,2021,10,Kharif,2850,2450,3350
Sugarcane,Odisha,2021,11,Kharif,2900,2700,3400
Sugarcane,Odisha,2021,12,Kharif,2800,2550,3100
Sugarcane,Odisha,2022,1,Rabi,3000,2750,3200
Sugarcane,Odisha,2022,2,Rabi,2950,2600,3450
Sugarcane,Odisha,2022,3,Rabi,2900,2550,3500
Sugarcane,Odisha,2022,10,Kharif,2950,2700,3400
Sugarcane,Odisha,2022,11,Kharif,2850,2500,3150
Sugarcane,Odisha,2022,12,Kharif,2950,2700,3300
Sugarcane,Odisha,2023,1,Rabi,3250,3050,3550
Sugarcane,Odisha,2023,2,Rabi,2900,2500,3450
Sugarcane,Odisha,2023,3,Rabi,3350,3200,3800
Sugarcane,Odisha,2023,10,Kharif,3200,3000,3600
Sugarcane,Odisha,2023,11,Kharif,3050,2900,3300
Sugarcane,Odisha,2023,12,Kharif,3300,3100,3650
Sugarcane,Punjab,2020,1,Rabi,2700,2450,3000
Sugarcane,Punjab,2020,2,Rabi,2900,2650,3450
Sugarcane,Punjab,2020,3,Rabi,3000,2800,3300
Sugarcane,Punjab,2020,10,Kharif,2850,2450,3450
Sugarcane,Punjab,2020,11,Kharif,3050,2900,3300
Sugarcane,Punjab,2020,12,Kharif,2850,2550,3300
Sugarcane,Punjab,2021,1,Rabi,3050,2900,3400
Sugarcane,Punjab,2021,2,Rabi,2900,2600,3550
Sugarcane,Punjab,2021,3,Rabi,2950,2650,3500
Sugarcane,Punjab,2021,10,Kharif,3000,2900,3250
Sugarcane,Punjab,2021,11,Kharif,3150,2950,3450
Sugarcane,Punjab,2021,12,Kharif,2950,2550,3300
Sugarcane,Punjab,2022,1,Rabi,3000,2750,3250
Sugarcane,Punjab,2022,2,Rabi,3300,3050,3700
Sugarcane,Punjab,2022,3,Rabi,3000,2850,3400
Sugarcane,Punjab,2022,10,Kharif,3000,2800,3300
Sugarcane,Punjab,2022,11,Kharif,3000,2800,3350
Sugarcane,Punjab,2022,12,Kharif,3250,3050,3500
Sugarcane,Punjab,2023,1,Rabi,3550,3300,4000
Sugarcane,Punjab,2023,2,Rabi,3250,3050,3600
Sugarcane,Punjab,2023,3,Rabi,3100,2900,3350
Sugarcane,Punjab,2023,10,Kharif,3300,3150,3600
Sugarcane,Punjab,2023,11,Kharif,3400,3200,3850
Sugarcane,Punjab,2023,12,Kharif,3400,3200,3650
Sugarcane,Rajasthan,2020,1,Rabi,2700,2400,3250
Sugarcane,Rajasthan,2020,2,Rabi,2700,2400,3100
Sugarcane,Rajasthan,2020,3,Rabi,2600,2350,2950
Sugarcane,Rajasthan,2020,10,Kharif,2650,2250,3150
Sugarcane,Rajasthan,2020,11,Kharif,2500,2150,2950
Sugarcane,Rajasthan,2020,12,Kharif,2650,2450,3200
Sugarcane,Rajasthan,2021,1,Rabi,2800,2450,3200
Sugarcane,Rajasthan,2021,2,Rabi,3000,2750,3400
Sugarcane,Rajasthan,2021,3,Rabi,3050,2850,3450
Sugarcane,Rajasthan,2021,10,Kharif,2850,2500,3450
Sugarcane,Rajasthan,2021,11,Kharif,2800,2500,3300
Sugarcane,Rajasthan,2021,12,Kharif,2900,2600,3450
Sugarcane,Rajasthan,2022,1,Rabi,3200,3000,3500
Sugarcane,Rajasthan,2022,2,Rabi,3000,2900,3300
Sugarcane,Rajasthan,2022,3,Rabi,2950,2650,3350
Sugarcane,Rajasthan,2022,10,Kharif,3000,2800,3400
Sugarcane,Rajasthan,2022,11,Kharif,3150,3000,3450
Sugarcane,Rajasthan,2022,12,Kharif,2900,2550,3250
Sugarcane,Rajasthan,2023,1,Rabi,2950,2600,3300
Sugarcane,Rajasthan,2023,2,Rabi,3050,2850,3350
Sugarcane,Rajasthan,2023,3,Rabi,3300,3050,3700
Sugarcane,Rajasthan,2023,10,Kharif,3300,3150,3600
Sugarcane,Rajasthan,2023,11,Kharif,3200,3050,3550
Sugarcane,Rajasthan,2023,12,Kharif,3100,2850,3450
Sugarcane,Tamil Nadu,2020,1,Rabi,2900,2550,3450
Sugarcane,Tamil Nadu,2020,2,Rabi,3000,2800,3300
Sugarcane,Tamil Nadu,2020,3,Rabi,2850,2500,3450
Sugarcane,Tamil Nadu,2020,10,Kharif,2800,2500,3150
Sugarcane,Tamil Nadu,2020,11,Kharif,2900,2550,3500
Sugarcane,Tamil Nadu,2020,12,Kharif,2700,2450,3150
Sugarcane,Tamil Nadu,2021,1,Rabi,3000,2850,3400
Sugarcane,Tamil Nadu,2021,2,Rabi,3150,2950,3400
Sugarcane,Tamil Nadu,2021,3,Rabi,2950,2700,3450
Sugarcane,Tamil Nadu,2021,10,Kharif,3000,2800,3250
Sugarcane,Tamil Nadu,2021,11,Kharif,3250,3100,3650
Sugarcane,Tamil Nadu,2021,12,Kharif,3000,2800,3400
Sugarcane,Tamil Nadu,2022,1,Rabi,3100,2950,3500
Sugarcane,Tamil Nadu,2022,2,Rabi,3200,3000,3600
Sugarcane,Tamil Nadu,2022,3,Rabi,3300,3150,3550
Sugarcane,Tamil Nadu,2022,10,Kharif,3350,3150,3800
Sugarcane,Tamil Nadu,2022,11,Kharif,2950,2550,3450
Sugarcane,Tamil Nadu,2022,12,Kharif,3050,2900,3350
Sugarcane,Tamil Nadu,2023,1,Rabi,3300,3150,3700
Sugarcane,Tamil Nadu,2023,2,Rabi,3200,3000,3450
Sugarcane,Tamil Nadu,2023,3,Rabi,3150,3000,3550
Sugarcane,Tamil Nadu,2023,10,Kharif,3550,3350,4000
Sugarcane,Tamil Nadu,2023,11,Kharif,3600,3450,4050
Sugarcane,Tamil Nadu,2023,12,Kharif,3600,3400,3900
Sugarcane,Telangana,2020,1,Rabi,2600,2350,3150
Sugarcane,Telangana,2020,2,Rabi,2650,2300,3000
Sugarcane,Telangana,2020,3,Rabi,2850,2500,3250
Sugarcane,Telangana,2020,10,Kharif,2600,2350,3150
Sugarcane,Telangana,2020,11,Kharif,2700,2300,3200
Sugarcane,Telangana,2020,12,Kharif,2800,2450,3250
Sugarcane,Telangana,2021,1,Rabi,2750,2400,3300
Sugarcane,Telangana,2021,2,Rabi,2800,2400,3300
Sugarcane,Telangana,2021,3,Rabi,3050,2850,3300
Sugarcane,Telangana,2021,10,Kharif,3050,2900,3400
Sugarcane,Telangana,2021,11,Kharif,2750,2450,3200
Sugarcane,Telangana,2021,12,Kharif,3200,3050,3450
Sugarcane,Telangana,2022,1,Rabi,3200,2950,3550
Sugarcane,Telangana,2022,2,Rabi,3200,3050,3500
Sugarcane,Telangana,2022,3,Rabi,3150,2950,3400
Sugarcane,Telangana,2022,10,Kharif,3150,3000,3450
Sugarcane,Telangana,2022,11,Kharif,3200,2950,3600
Sugarcane,Telangana,2022,12,Kharif,3250,3050,3500
Sugarcane,Telangana,2023,1,Rabi,3200,3000,3500
Sugarcane,Telangana,2023,2,Rabi,3550,3350,3850
Sugarcane,Telangana,2023,3,Rabi,3400,3250,3850
Sugarcane,Telangana,2023,10,Kharif,3400,3250,3750
Sugarcane,Telangana,2023,11,Kharif,3350,3100,3800
Sugarcane,Telangana,2023,12,Kharif,3400,3150,3800
Sugarcane,Tripura,2020,1,Rabi,2650,2300,3000
Sugarcane,Tripura,2020,2,Rabi,2700,2300,3200
Sugarcane,Tripura,2020,3,Rabi,2500,2200,2850
Sugarcane,Tripura,2020,10,Kharif,2600,2350,2950
Sugarcane,Tripura,2020,11,Kharif,2350,2100,2650
Sugarcane,Tripura,2020,12,Kharif,2700,2300,3050
Sugarcane,Tripura,2021,1,Rabi,2550,2300,2900
Sugarcane,Tripura,2021,2,Rabi,2800,2550,3200
Sugarcane,Tripura,2021,3,Rabi,2550,2300,3050
Sugarcane,Tripura,2021,10,Kharif,2500,2300,2800
Sugarcane,Tripura,2021,11,Kharif,2800,2550,3250
Sugarcane,Tripura,2021,12,Kharif,2650,2400,3200
Sugarcane,Tripura,2022,1,Rabi,2800,2550,3200
Sugarcane,Tripura,2022,2,Rabi,3050,2900,3450
Sugarcane,Tripura,2022,3,Rabi,2950,2550,3300
Sugarcane,Tripura,2022,10,Kharif,2700,2450,3100
Sugarcane,Tripura,2022,11,Kharif,2700,2450,3050
Sugarcane,Tripura,2022,12,Kharif,2900,2650,3350
Sugarcane,Tripura,2023,1,Rabi,3000,2850,3400
Sugarcane,Tripura,2023,2,Rabi,3000,2800,3400
Sugarcane,Tripura,2023,3,Rabi,2850,2550,3450
Sugarcane,Tripura,2023,10,Kharif,2950,2500,3400
Sugarcane,Tripura,2023,11,Kharif,3050,2850,3450
Sugarcane,Tripura,2023,12,Kharif,2750,2400,3300
Sugarcane,Uttar Pradesh,2020,1,Rabi,2650,2450,3050
Sugarcane,Uttar Pradesh,2020,2,Rabi,2600,2350,3150
Sugarcane,Uttar Pradesh,2020,3,Rabi,2650,2300,3150
Sugarcane,Uttar Pradesh,2020,10,Kharif,2550,2350,2900
Sugarcane,Uttar Pradesh,2020,11,Kharif,2800,2500,3100
Sugarcane,Uttar Pradesh,2020,12,Kharif,2750,2500,3300
Sugarcane,Uttar Pradesh,2021,1,Rabi,2650,2300,3150
Sugarcane,Uttar Pradesh,2021,2,Rabi,2900,2500,3500
Sugarcane,Uttar Pradesh,2021,3,Rabi,2850,2450,3450
Sugarcane,Uttar Pradesh,2021,10,Kharif,2700,2350,3050
Sugarcane,Uttar Pradesh,2021,11,Kharif,2750,2350,3150
Sugarcane,Uttar Pradesh,2021,12,Kharif,2900,2600,3500
Sugarcane,Uttar Pradesh,2022,1,Rabi,3150,2950,3450
Sugarcane,Uttar Pradesh,2022,2,Rabi,2800,2600,3400
Sugarcane,Uttar Pradesh,2022,3,Rabi,2800,2400,3300
Sugarcane,Uttar Pradesh,2022,10,Kharif,2900,2500,3500
Sugarcane,Uttar Pradesh,2022,11,Kharif,3050,2850,3350
Sugarcane,Uttar Pradesh,2022,12,Kharif,3200,3050,3600
Sugarcane,Uttar Pradesh,2023,1,Rabi,2950,2650,3550
Sugarcane,Uttar Pradesh,2023,2,Rabi,3250,3050,3650
Sugarcane,Uttar Pradesh,2023,3,Rabi,3250,3000,3500
Sugarcane,Uttar Pradesh,2023,10,Kharif,3350,3100,3600
Sugarcane,Uttar Pradesh,2023,11,Kharif,2950,2550,3500
Sugarcane,Uttar Pradesh,2023,12,Kharif,3050,2850,3300
Sugarcane,Uttarakhand,2020,1,Rabi,2700,2300,3150
Sugarcane,Uttarakhand,2020,2,Rabi,2750,2450,3100
Sugarcane,Uttarakhand,2020,3,Rabi,2850,2450,3350
Sugarcane,Uttarakhand,2020,10,Kharif,2800,2600,3150
Sugarcane,Uttarakhand,2020,11,Kharif,2850,2450,3200
Sugarcane,Uttarakhand,2020,12,Kharif,2600,2350,2900
Sugarcane,Uttarakhand,2021,1,Rabi,2750,2450,3250
Sugarcane,Uttarakhand,2021,2,Rabi,2950,2550,3600
Sugarcane,Uttarakhand,2021,3,Rabi,2850,2550,3450
Sugarcane,Uttarakhand,2021,10,Kharif,2950,2550,3300
Sugarcane,Uttarakhand,2021,11,Kharif,2800,2600,3350
Sugarcane,Uttarakhand,2021,12,Kharif,2700,2450,3300
Sugarcane,Uttarakhand,2022,1,Rabi,2900,2450,3500
Sugarcane,Uttarakhand,2022,2,Rabi,2950,2600,3450
Sugarcane,Uttarakhand,2022,3,Rabi,3200,2950,3550
Sugarcane,Uttarakhand,2022,10,Kharif,2750,2500,3100
Sugarcane,Uttarakhand,2022,11,Kharif,2850,2500,3250
Sugarcane,Uttarakhand,2022,12,Kharif,2850,2500,3350
Sugarcane,Uttarakhand,2023,1,Rabi,3050,2900,3250
Sugarcane,Uttarakhand,2023,2,Rabi,3300,3100,3750
Sugarcane,Uttarakhand,2023,3,Rabi,2900,2550,3250
Sugarcane,Uttarakhand,2023,10,Kharif,3300,3100,3600
Sugarcane,Uttarakhand,2023,11,Kharif,3150,2950,3450
Sugarcane,Uttarakhand,2023,12,Kharif,3250,3100,3600
Sugarcane,West Bengal,2020,1,Rabi,2750,2400,3150
Sugarcane,West Bengal,2020,2,Rabi,2550,2300,3000
Sugarcane,West Bengal,2020,3,Rabi,2750,2450,3150
Sugarcane,West Bengal,2020,10,Kharif,2900,2650,3450
Sugarcane,West Bengal,2020,11,Kharif,2850,2450,3350
Sugarcane,West Bengal,2020,12,Kharif,2600,2350,3100
Sugarcane,West Bengal,2021,1,Rabi,2850,2500,3250
Sugarcane,West Bengal,2021,2,Rabi,3100,2900,3500
Sugarcane,West Bengal,2021,3,Rabi,3000,2800,3200
Sugarcane,West Bengal,2021,10,Kharif,2750,2550,3200
Sugarcane,West Bengal,2021,11,Kharif,2700,2300,3250
Sugarcane,West Bengal,2021,12,Kharif,2700,2350,3200
Sugarcane,West Bengal,2022,1,Rabi,3100,2950,3400
Sugarcane,West Bengal,2022,2,Rabi,2800,2500,3100
Sugarcane,West Bengal,2022,3,Rabi,3150,2950,3500
Sugarcane,West Bengal,2022,10,Kharif,3100,2950,3350
Sugarcane,West Bengal,2022,11,Kharif,2900,2700,3300
Sugarcane,West Bengal,2022,12,Kharif,3050,2850,3350
Sugarcane,West Bengal,2023,1,Rabi,3100,2950,3500
Sugarcane,West Bengal,2023,2,Rabi,3300,3050,3600
Sugarcane,West Bengal,2023,3,Rabi,3400,3150,3650
Sugarcane,West Bengal,2023,10,Kharif,3400,3150,3750
Sugarcane,West Bengal,2023,11,Kharif,3200,3050,3550
Sugarcane,West Bengal,2023,12,Kharif,3350,3150,3600
Sunflower,Andhra Pradesh,2020,2,Rabi,5150,4900,5800
Sunflower,Andhra Pradesh,2020,3,Rabi,5300,4950,5650
Sunflower,Andhra Pradesh,2020,4,Rabi,5600,5150,6150
Sunflower,Andhra Pradesh,2020,7,Kharif,5350,4950,5800
Sunflower,Andhra Pradesh,2020,8,Kharif,5300,5100,5750
Sunflower,Andhra Pradesh,2020,9,Kharif,5850,5600,6400
Sunflower,Andhra Pradesh,2021,2,Rabi,5650,5300,6200
Sunflower,Andhra Pradesh,2021,3,Rabi,5900,5550,6600
Sunflower,Andhra Pradesh,2021,4,Rabi,6100,5800,6700
Sunflower,Andhra Pradesh,2021,7,Kharif,5300,4950,5800
Sunflower,Andhra Pradesh,2021,8,Kharif,5750,5350,6550
Sunflower,Andhra Pradesh,2021,9,Kharif,5750,5450,6250
Sunflower,Andhra Pradesh,2022,2,Rabi,6050,5700,6500
Sunflower,Andhra Pradesh,2022,3,Rabi,6250,5900,6800
Sunflower,Andhra Pradesh,2022,4,Rabi,5800,5400,6400
Sunflower,Andhra Pradesh,2022,7,Kharif,6250,5900,6600
Sunflower,Andhra Pradesh,2022,8,Kharif,5650,5350,6050
Sunflower,Andhra Pradesh,2022,9,Kharif,6350,6150,6800
Sunflower,Andhra Pradesh,2023,2,Rabi,6050,5700,6500
Sunflower,Andhra Pradesh,2023,3,Rabi,6200,5850,6700
Sunflower,Andhra Pradesh,2023,4,Rabi,6250,5950,6600
Sunflower,Andhra Pradesh,2023,7,Kharif,6600,6250,7250
Sunflower,Andhra Pradesh,2023,8,Kharif,6450,6100,6950
Sunflower,Andhra Pradesh,2023,9,Kharif,6750,6400,7150
Sunflower,Assam,2020,2,Rabi,4800,4500,5350
Sunflower,Assam,2020,3,Rabi,4950,4650,5500
Sunflower,Assam,2020,4,Rabi,5300,5000,5800
Sunflower,Assam,2020,7,Kharif,4750,4350,5400
Sunflower,Assam,2020,8,Kharif,5250,5000,5750
Sunflower,Assam,2020,9,Kharif,5200,4850,5700
Sunflower,Assam,2021,2,Rabi,5150,4850,5550
Sunflower,Assam,2021,3,Rabi,5550,5100,6150
Sunflower,Assam,2021,4,Rabi,5450,5100,6200
Sunflower,Assam,2021,7,Kharif,5200,4850,5700
Sunflower,Assam,2021,8,Kharif,5100,4700,5600
Sunflower,Assam,2021,9,Kharif,5300,5000,5700
Sunflower,Assam,2022,2,Rabi,5650,5300,6400
Sunflower,Assam,2022,3,Rabi,6050,5750,6400
Sunflower,Assam,2022,4,Rabi,5950,5500,6650
Sunflower,Assam,2022,7,Kharif,5750,5300,6400
Sunflower,Assam,2022,8,Kharif,5300,4950,5700
Sunflower,Assam,2022,9,Kharif,5650,5350,6300
Sunflower,Assam,2023,2,Rabi,5800,5350,6250
Sunflower,Assam,2023,3,Rabi,5900,5450,6400
Sunflower,Assam,2023,4,Rabi,6100,5800,6650
Sunflower,Assam,2023,7,Kharif,6300,6100,6850
Sunflower,Assam,2023,8,Kharif,5850,5500,6500
Sunflower,Assam,2023,9,Kharif,5800,5550,6400
Sunflower,Bihar,2020,2,Rabi,4850,4500,5200
Sunflower,Bihar,2020,3,Rabi,4700,4350,5200
Sunflower,Bihar,2020,4,Rabi,4800,4600,5300
Sunflower,Bihar,2020,7,Kharif,4800,4550,5300
Sunflower,Bihar,2020,8,Kharif,4900,4700,5450
Sunflower,Bihar,2020,9,Kharif,4900,4500,5450
Sunflower,Bihar,2021,2,Rabi,5550,5250,6050
Sunflower,Bihar,2021,3,Rabi,5550,5100,6200
Sunflower,Bihar,2021,4,Rabi,5350,5100,5950
Sunflower,Bihar,2021,7,Kharif,4900,4700,5500
Sunflower,Bihar,2021,8,Kharif,5550,5150,6300
Sunflower,Bihar,2021,9,Kharif,4850,4600,5500
Sunflower,Bihar,2022,2,Rabi,5600,5150,6100
Sunflower,Bihar,2022,3,Rabi,5050,4650,5500
Sunflower,Bihar,2022,4,Rabi,5150,4800,5600
Sunflower,Bihar,2022,7,Kharif,5100,4750,5750
Sunflower,Bihar,2022,8,Kharif,5400,5000,6150
Sunflower,Bihar,2022,9,Kharif,5800,5350,6500
Sunflower,Bihar,2023,2,Rabi,5650,5400,6250
Sunflower,Bihar,2023,3,Rabi,5550,5250,6000
Sunflower,Bihar,2023,4,Rabi,6100,5800,6500
Sunflower,Bihar,2023,7,Kharif,5850,5550,6650
Sunflower,Bihar,2023,8,Kharif,5450,5100,6150
Sunflower,Bihar,2023,9,Kharif,5700,5450,6450
Sunflower,Chhattisgarh,2020,2,Rabi,4750,4400,5150
Sunflower,Chhattisgarh,2020,3,Rabi,5050,4650,5700
Sunflower,Chhattisgarh,2020,4,Rabi,5250,4850,5650
Sunflower,Chhattisgarh,2020,7,Kharif,4800,4450,5150
Sunflower,Chhattisgarh,2020,8,Kharif,4850,4600,5300
Sunflower,Chhattisgarh,2020,9,Kharif,5250,5000,6000
Sunflower,Chhattisgarh,2021,2,Rabi,5550,5200,6250
Sunflower,Chhattisgarh,2021,3,Rabi,5450,5050,5900
Sunflower,Chhattisgarh,2021,4,Rabi,5200,4950,5950
Sunflower,Chhattisgarh,2021,7,Kharif,5350,5050,6100
Sunflower,Chhattisgarh,2021,8,Kharif,5550,5100,5950
Sunflower,Chhattisgarh,2021,9,Kharif,4950,4650,5550
Sunflower,Chhattisgarh,2022,2,Rabi,5150,4850,5700
Sunflower,Chhattisgarh,2022,3,Rabi,5100,4700,5800
Sunflower,Chhattisgarh,2022,4,Rabi,5800,5550,6400
Sunflower,Chhattisgarh,2022,7,Kharif,5600,5350,6300
Sunflower,Chhattisgarh,2022,8,Kharif,5400,5000,5900
Sunflower,Chhattisgarh,2022,9,Kharif,5950,5550,6700
Sunflower,Chhattisgarh,2023,2,Rabi,5400,5050,5850
Sunflower,Chhattisgarh,2023,3,Rabi,5800,5500,6500
Sunflower,Chhattisgarh,2023,4,Rabi,5650,5350,6250
Sunflower,Chhattisgarh,2023,7,Kharif,5400,5150,5950
Sunflower,Chhattisgarh,2023,8,Kharif,6050,5800,6400
Sunflower,Chhattisgarh,2023,9,Kharif,6000,5650,6350
Sunflower,Goa,2020,2,Rabi,6150,5900,6700
Sunflower,Goa,2020,3,Rabi,5650,5400,6250
Sunflower,Goa,2020,4,Rabi,6300,6100,6800
Sunflower,Goa,2020,7,Kharif,5750,5350,6150
Sunflower,Goa,2020,8,Kharif,6200,5850,6600
Sunflower,Goa,2020,9,Kharif,6350,6050,6700
Sunflower,Goa,2021,2,Rabi,6300,5950,6750
Sunflower,Goa,2021,3,Rabi,5950,5550,6550
Sunflower,Goa,2021,4,Rabi,6750,6400,7350
Sunflower,Goa,2021,7,Kharif,6450,6150,6850
Sunflower,Goa,2021,8,Kharif,6800,6500,7450
Sunflower,Goa,2021,9,Kharif,6400,6150,7000
Sunflower,Goa,2022,2,Rabi,7150,6850,7800
Sunflower,Goa,2022,3,Rabi,6400,6100,6950
Sunflower,Goa,2022,4,Rabi,6550,6350,6950
Sunflower,Goa,2022,7,Kharif,6200,5950,6700
Sunflower,Goa,2022,8,Kharif,6350,6050,6800
Sunflower,Goa,2022,9,Kharif,6800,6450,7350
Sunflower,Goa,2023,2,Rabi,7000,6600,7400
Sunflower,Goa,2023,3,Rabi,7050,6700,7500
Sunflower,Goa,2023,4,Rabi,6700,6400,7350
Sunflower,Goa,2023,7,Kharif,6550,6300,7000
Sunflower,Goa,2023,8,Kharif,7000,6700,7700
Sunflower,Goa,2023,9,Kharif,6650,6300,7150
Sunflower,Gujarat,2020,2,Rabi,5300,5050,6000
Sunflower,Gujarat,2020,3,Rabi,5500,5250,6150
Sunflower,Gujarat,2020,4,Rabi,5700,5350,6150
Sunflower,Gujarat,2020,7,Kharif,5450,5100,5950
Sunflower,Gujarat,2020,8,Kharif,5050,4650,5700
Sunflower,Gujarat,2020,9,Kharif,5350,4950,5950
Sunflower,Gujarat,2021,2,Rabi,5700,5400,6450
Sunflower,Gujarat,2021,3,Rabi,5750,5400,6250
Sunflower,Gujarat,2021,4,Rabi,6050,5750,6600
Sunflower,Gujarat,2021,7,Kharif,6100,5750,6600
Sunflower,Gujarat,2021,8,Kharif,5600,5250,6200
Sunflower,Gujarat,2021,9,Kharif,5900,5550,6450
Sunflower,Gujarat,2022,2,Rabi,5850,5550,6550
Sunflower,Gujarat,2022,3,Rabi,6400,6050,7000
Sunflower,Gujarat,2022,4,Rabi,5700,5400,6400
Sunflower,Gujarat,2022,7,Kharif,6350,6050,6850
Sunflower,Gujarat,2022,8,Kharif,5850,5450,6300
Sunflower,Gujarat,2022,9,Kharif,6050,5750,6600
Sunflower,Gujarat,2023,2,Rabi,6000,5800,6550
Sunflower,Gujarat,2023,3,Rabi,6150,5800,6500
Sunflower,Gujarat,2023,4,Rabi,6650,6450,7150
Sunflower,Gujarat,2023,7,Kharif,6050,5850,6650
Sunflower,Gujarat,2023,8,Kharif,6500,6150,6950
Sunflower,Gujarat,2023,9,Kharif,6800,6400,7250
Sunflower,Haryana,2020,2,Rabi,5400,5150,6000
Sunflower,Haryana,2020,3,Rabi,5000,4700,5550
Sunflower,Haryana,2020,4,Rabi,5600,5200,6250
Sunflower,Haryana,2020,7,Kharif,5600,5250,6100
Sunflower,Haryana,2020,8,Kharif,5800,5550,6350
Sunflower,Haryana,2020,9,Kharif,5450,5200,5850
Sunflower,Haryana,2021,2,Rabi,6050,5750,6650
Sunflower,Haryana,2021,3,Rabi,5750,5300,6400
Sunflower,Haryana,2021,4,Rabi,5650,5300,6450
Sunflower,Haryana,2021,7,Kharif,5750,5400,6350
Sunflower,Haryana,2021,8,Kharif,5750,5350,6450
Sunflower,Haryana,2021,9,Kharif,5950,5600,6750
Sunflower,Haryana,2022,2,Rabi,5750,5350,6200
Sunflower,Haryana,2022,3,Rabi,5900,5650,6600
Sunflower,Haryana,2022,4,Rabi,6050,5800,6400
Sunflower,Haryana,2022,7,Kharif,6150,5800,6700
Sunflower,Haryana,2022,8,Kharif,5750,5400,6550
Sunflower,Haryana,2022,9,Kharif,6450,6150,7000
Sunflower,Haryana,2023,2,Rabi,6750,6450,7100
Sunflower,Haryana,2023,3,Rabi,5850,5400,6500
Sunflower,Haryana,2023,4,Rabi,6300,6000,6600
Sunflower,Haryana,2023,7,Kharif,6650,6400,7000
Sunflower,Haryana,2023,8,Kharif,6650,6400,7100
Sunflower,Haryana,2023,9,Kharif,6750,6350,7350
Sunflower,Himachal Pradesh,2020,2,Rabi,5500,5200,6100
Sunflower,Himachal Pradesh,2020,3,Rabi,5850,5600,6400
Sunflower,Himachal Pradesh,2020,4,Rabi,5950,5650,6650
Sunflower,Himachal Pradesh,2020,7,Kharif,5900,5650,6450
Sunflower,Himachal Pradesh,2020,8,Kharif,5100,4850,5750
Sunflower,Himachal Pradesh,2020,9,Kharif,5500,5150,6150
Sunflower,Himachal Pradesh,2021,2,Rabi,5400,5150,5900
Sunflower,Himachal Pradesh,2021,3,Rabi,6200,5900,6700
Sunflower,Himachal Pradesh,2021,4,Rabi,6250,6000,6700
Sunflower,Himachal Pradesh,2021,7,Kharif,5500,5050,6100
Sunflower,Himachal Pradesh,2021,8,Kharif,6200,5900,6650
Sunflower,Himachal Pradesh,2021,9,Kharif,5900,5500,6700
Sunflower,Himachal Pradesh,2022,2,Rabi,6600,6300,7200
Sunflower,Himachal Pradesh,2022,3,Rabi,6350,6000,6750
Sunflower,Himachal Pradesh,2022,4,Rabi,6450,6150,6800
Sunflower,Himachal Pradesh,2022,7,Kharif,6450,6200,6950
Sunflower,Himachal Pradesh,2022,8,Kharif,5750,5350,6300
Sunflower,Himachal Pradesh,2022,9,Kharif,5850,5600,6350
Sunflower,Himachal Pradesh,2023,2,Rabi,6950,6650,7500
Sunflower,Himachal Pradesh,2023,3,Rabi,6500,6250,7050
Sunflower,Himachal Pradesh,2023,4,Rabi,6550,6150,7050
Sunflower,Himachal Pradesh,2023,7,Kharif,6600,6250,7100
Sunflower,Himachal Pradesh,2023,8,Kharif,6250,6050,6750
Sunflower,Himachal Pradesh,2023,9,Kharif,6550,6250,7200
Sunflower,Jammu & Kashmir,2020,2,Rabi,6300,5950,6700
Sunflower,Jammu & Kashmir,2020,3,Rabi,5850,5450,6450
Sunflower,Jammu & Kashmir,2020,4,Rabi,5650,5350,6300
Sunflower,Jammu & Kashmir,2020,7,Kharif,5800,5550,6550
Sunflower,Jammu & Kashmir,2020,8,Kharif,6300,6100,6800
Sunflower,Jammu & Kashmir,2020,9,Kharif,5400,5050,5800
Sunflower,Jammu & Kashmir,2021,2,Rabi,6450,6200,6900
Sunflower,Jammu & Kashmir,2021,3,Rabi,6250,5950,6750
Sunflower,Jammu & Kashmir,2021,4,Rabi,6400,6150,6950
Sunflower,Jammu & Kashmir,2021,7,Kharif,6250,6050,6600
Sunflower,Jammu & Kashmir,2021,8,Kharif,6650,6300,7300
Sunflower,Jammu & Kashmir,2021,9,Kharif,6650,6350,7250
Sunflower,Jammu & Kashmir,2022,2,Rabi,6800,6550,7250
Sunflower,Jammu & Kashmir,2022,3,Rabi,6100,5750,6450
Sunflower,Jammu & Kashmir,2022,4,Rabi,6650,6400,7050
Sunflower,Jammu & Kashmir,2022,7,Kharif,6100,5850,6450
Sunflower,Jammu & Kashmir,2022,8,Kharif,6800,6450,7450
Sunflower,Jammu & Kashmir,2022,9,Kharif,6200,5850,6600
Sunflower,Jammu & Kashmir,2023,2,Rabi,6950,6700,7300
Sunflower,Jammu & Kashmir,2023,3,Rabi,6850,6650,7400
Sunflower,Jammu & Kashmir,2023,4,Rabi,6300,6000,6850
Sunflower,Jammu & Kashmir,2023,7,Kharif,7400,7050,8050
Sunflower,Jammu & Kashmir,2023,8,Kharif,6400,6100,6900
Sunflower,Jammu & Kashmir,2023,9,Kharif,6700,6500,7100
Sunflower,Jharkhand,2020,2,Rabi,5100,4800,5500
Sunflower,Jharkhand,2020,3,Rabi,5050,4800,5500
Sunflower,Jharkhand,2020,4,Rabi,4800,4450,5150
Sunflower,Jharkhand,2020,7,Kharif,4650,4350,5250
Sunflower,Jharkhand,2020,8,Kharif,4800,4550,5300
Sunflower,Jharkhand,2020,9,Kharif,4850,4550,5500
Sunflower,Jharkhand,2021,2,Rabi,4900,4700,5350
Sunflower,Jharkhand,2021,3,Rabi,4950,4650,5450
Sunflower,Jharkhand,2021,4,Rabi,5100,4850,5750
Sunflower,Jharkhand,2021,7,Kharif,4950,4700,5600
Sunflower,Jharkhand,2021,8,Kharif,5300,4900,5700
Sunflower,Jharkhand,2021,9,Kharif,5000,4750,5650
Sunflower,Jharkhand,2022,2,Rabi,5050,4850,5650
Sunflower,Jharkhand,2022,3,Rabi,5800,5500,6600
Sunflower,Jharkhand,2022,4,Rabi,5600,5200,6300
Sunflower,Jharkhand,2022,7,Kharif,5500,5150,6200
Sunflower,Jharkhand,2022,8,Kharif,5800,5450,6300
Sunflower,Jharkhand,2022,9,Kharif,5350,5000,6100
Sunflower,Jharkhand,2023,2,Rabi,5700,5400,6150
Sunflower,Jharkhand,2023,3,Rabi,5650,5200,6250
Sunflower,Jharkhand,2023,4,Rabi,5200,4850,5750
Sunflower,Jharkhand,2023,7,Kharif,5500,5050,6100
Sunflower,Jharkhand,2023,8,Kharif,5250,4850,5950
Sunflower,Jharkhand,2023,9,Kharif,5800,5400,6250
Sunflower,Karnataka,2020,2,Rabi,5650,5250,6100
Sunflower,Karnataka,2020,3,Rabi,5250,4900,5900
Sunflower,Karnataka,2020,4,Rabi,5400,5100,6150
Sunflower,Karnataka,2020,7,Kharif,5350,5050,6100
Sunflower,Karnataka,2020,8,Kharif,5600,5200,6250
Sunflower,Karnataka,2020,9,Kharif,5600,5250,6250
Sunflower,Karnataka,2021,2,Rabi,5900,5600,6350
Sunflower,Karnataka,2021,3,Rabi,5850,5400,6650
Sunflower,Karnataka,2021,4,Rabi,5350,5000,5750
Sunflower,Karnataka,2021,7,Kharif,5150,4900,5650
Sunflower,Karnataka,2021,8,Kharif,5800,5450,6500
Sunflower,Karnataka,2021,9,Kharif,5450,5050,6100
Sunflower,Karnataka,2022,2,Rabi,6150,5850,6500
Sunflower,Karnataka,2022,3,Rabi,5350,5050,5950
Sunflower,Karnataka,2022,4,Rabi,6100,5850,6700
Sunflower,Karnataka,2022,7,Kharif,6200,5900,6700
Sunflower,Karnataka,2022,8,Kharif,5550,5250,6050
Sunflower,Karnataka,2022,9,Kharif,5900,5600,6600
Sunflower,Karnataka,2023,2,Rabi,5850,5500,6300
Sunflower,Karnataka,2023,3,Rabi,6200,5850,6750
Sunflower,Karnataka,2023,4,Rabi,6550,6250,7100
Sunflower,Karnataka,2023,7,Kharif,6350,6150,6950
Sunflower,Karnataka,2023,8,Kharif,5900,5600,6450
Sunflower,Karnataka,2023,9,Kharif,5800,5400,6350
Sunflower,Kerala,2020,2,Rabi,6200,5850,6550
Sunflower,Kerala,2020,3,Rabi,5700,5400,6100
Sunflower,Kerala,2020,4,Rabi,6000,5750,6350
Sunflower,Kerala,2020,7,Kharif,5450,5250,5850
Sunflower,Kerala,2020,8,Kharif,6000,5650,6450
Sunflower,Kerala,2020,9,Kharif,6100,5850,6600
Sunflower,Kerala,2021,2,Rabi,5700,5450,6350
Sunflower,Kerala,2021,3,Rabi,6000,5750,6550
Sunflower,Kerala,2021,4,Rabi,5850,5450,6300
Sunflower,Kerala,2021,7,Kharif,5750,5400,6200
Sunflower,Kerala,2021,8,Kharif,6200,5900,6800
Sunflower,Kerala,2021,9,Kharif,6450,6150,6900
Sunflower,Kerala,2022,2,Rabi,6000,5700,6350
Sunflower,Kerala,2022,3,Rabi,6100,5800,6500
Sunflower,Kerala,2022,4,Rabi,6650,6250,7250
Sunflower,Kerala,2022,7,Kharif,6650,6350,7050
Sunflower,Kerala,2022,8,Kharif,6250,5950,6800
Sunflower,Kerala,2022,9,Kharif,6800,6500,7300
Sunflower,Kerala,2023,2,Rabi,6700,6400,7050
Sunflower,Kerala,2023,3,Rabi,7200,6850,7650
Sunflower,Kerala,2023,4,Rabi,7300,7000,7850
Sunflower,Kerala,2023,7,Kharif,7000,6700,7550
Sunflower,Kerala,2023,8,Kharif,7250,6850,7650
Sunflower,Kerala,2023,9,Kharif,6950,6650,7500
Sunflower,Madhya Pradesh,2020,2,Rabi,5000,4800,5700
Sunflower,Madhya Pradesh,2020,3,Rabi,5250,4950,5600
Sunflower,Madhya Pradesh,2020,4,Rabi,5350,5000,5800
Sunflower,Madhya Pradesh,2020,7,Kharif,4800,4550,5450
Sunflower,Madhya Pradesh,2020,8,Kharif,5200,4950,5550
Sunflower,Madhya Pradesh,2020,9,Kharif,5100,4800,5450
Sunflower,Madhya Pradesh,2021,2,Rabi,5250,4950,5800
Sunflower,Madhya Pradesh,2021,3,Rabi,5450,5200,5900
Sunflower,Madhya Pradesh,2021,4,Rabi,5400,5050,6000
Sunflower,Madhya Pradesh,2021,7,Kharif,5250,4850,5850
Sunflower,Madhya Pradesh,2021,8,Kharif,5200,4950,5950
Sunflower,Madhya Pradesh,2021,9,Kharif,5550,5250,6100
Sunflower,Madhya Pradesh,2022,2,Rabi,5650,5200,6200
Sunflower,Madhya Pradesh,2022,3,Rabi,5500,5250,6100
Sunflower,Madhya Pradesh,2022,4,Rabi,6100,5850,6600
Sunflower,Madhya Pradesh,2022,7,Kharif,6000,5800,6450
Sunflower,Madhya Pradesh,2022,8,Kharif,5450,5100,6100
Sunflower,Madhya Pradesh,2022,9,Kharif,5850,5450,6650
Sunflower,Madhya Pradesh,2023,2,Rabi,5500,5250,6200
Sunflower,Madhya Pradesh,2023,3,Rabi,5800,5450,6250
Sunflower,Madhya Pradesh,2023,4,Rabi,5800,5550,6550
Sunflower,Madhya Pradesh,2023,7,Kharif,6250,6050,6850
Sunflower,Madhya Pradesh,2023,8,Kharif,5700,5300,6350
Sunflower,Madhya Pradesh,2023,9,Kharif,5800,5450,6600
Sunflower,Maharashtra,2020,2,Rabi,5600,5300,6150
Sunflower,Maharashtra,2020,3,Rabi,6050,5750,6650
Sunflower,Maharashtra,2020,4,Rabi,5350,5000,5900
Sunflower,Maharashtra,2020,7,Kharif,5950,5500,6550
Sunflower,Maharashtra,2020,8,Kharif,5600,5200,6150
Sunflower,Maharashtra,2020,9,Kharif,5800,5400,6600
Sunflower,Maharashtra,2021,2,Rabi,6150,5800,6700
Sunflower,Maharashtra,2021,3,Rabi,6300,5950,6700
Sunflower,Maharashtra,2021,4,Rabi,5650,5400,6100
Sunflower,Maharashtra,2021,7,Kharif,6300,6050,6900
Sunflower,Maharashtra,2021,8,Kharif,6200,5950,6550
Sunflower,Maharashtra,2021,9,Kharif,6100,5900,6500
Sunflower,Maharashtra,2022,2,Rabi,6600,6350,7200
Sunflower,Maharashtra,2022,3,Rabi,6350,6000,6950
Sunflower,Maharashtra,2022,4,Rabi,6100,5800,6700
Sunflower,Maharashtra,2022,7,Kharif,6650,6400,7250
Sunflower,Maharashtra,2022,8,Kharif,6400,6100,7000
Sunflower,Maharashtra,2022,9,Kharif,5950,5600,6650
Sunflower,Maharashtra,2023,2,Rabi,7000,6700,7650
Sunflower,Maharashtra,2023,3,Rabi,6500,6250,7100
Sunflower,Maharashtra,2023,4,Rabi,6700,6350,7300
Sunflower,Maharashtra,2023,7,Kharif,6800,6450,7200
Sunflower,Maharashtra,2023,8,Kharif,6800,6450,7300
Sunflower,Maharashtra,2023,9,Kharif,6100,5750,6650
Sunflower,Manipur,2020,2,Rabi,5100,4850,5450
Sunflower,Manipur,2020,3,Rabi,5000,4650,5450
Sunflower,Manipur,2020,4,Rabi,5400,5000,6050
Sunflower,Manipur,2020,7,Kharif,4950,4700,5500
Sunflower,Manipur,2020,8,Kharif,5250,4950,5650
Sunflower,Manipur,2020,9,Kharif,4800,4500,5350
Sunflower,Manipur,2021,2,Rabi,5550,5100,6300
Sunflower,Manipur,2021,3,Rabi,5000,4750,5500
Sunflower,Manipur,2021,4,Rabi,5000,4800,5650
Sunflower,Manipur,2021,7,Kharif,5800,5350,6200
Sunflower,Manipur,2021,8,Kharif,5300,5000,5900
Sunflower,Manipur,2021,9,Kharif,5250,4850,5650
Sunflower,Manipur,2022,2,Rabi,6100,5850,6700
Sunflower,Manipur,2022,3,Rabi,5550,5250,6050
Sunflower,Manipur,2022,4,Rabi,5450,5000,6100
Sunflower,Manipur,2022,7,Kharif,6100,5750,6500
Sunflower,Manipur,2022,8,Kharif,6050,5800,6550
Sunflower,Manipur,2022,9,Kharif,5550,5250,6150
Sunflower,Manipur,2023,2,Rabi,5800,5400,6400
Sunflower,Manipur,2023,3,Rabi,6250,5950,6750
Sunflower,Manipur,2023,4,Rabi,6000,5650,6600
Sunflower,Manipur,2023,7,Kharif,6200,5950,6550
Sunflower,Manipur,2023,8,Kharif,5700,5450,6150
Sunflower,Manipur,2023,9,Kharif,6350,6100,6850
Sunflower,Meghalaya,2020,2,Rabi,4900,4550,5400
Sunflower,Meghalaya,2020,3,Rabi,5550,5250,6300
Sunflower,Meghalaya,2020,4,Rabi,5100,4800,5800
Sunflower,Meghalaya,2020,7,Kharif,4900,4600,5500
Sunflower,Meghalaya,2020,8,Kharif,4950,4700,5400
Sunflower,Meghalaya,2020,9,Kharif,4800,4450,5200
Sunflower,Meghalaya,2021,2,Rabi,5800,5550,6450
Sunflower,Meghalaya,2021,3,Rabi,5650,5250,6200
Sunflower,Meghalaya,2021,4,Rabi,5900,5450,6450
Sunflower,Meghalaya,2021,7,Kharif,5800,5500,6350
Sunflower,Meghalaya,2021,8,Kharif,5350,5050,5750
Sunflower,Meghalaya,2021,9,Kharif,5850,5600,6500
Sunflower,Meghalaya,2022,2,Rabi,5550,5200,6000
Sunflower,Meghalaya,2022,3,Rabi,6150,5950,6500
Sunflower,Meghalaya,2022,4,Rabi,5300,5000,5750
Sunflower,Meghalaya,2022,7,Kharif,5750,5300,6350
Sunflower,Meghalaya,2022,8,Kharif,6050,5800,6500
Sunflower,Meghalaya,2022,9,Kharif,6150,5950,6500
Sunflower,Meghalaya,2023,2,Rabi,6000,5750,6550
Sunflower,Meghalaya,2023,3,Rabi,5950,5650,6450
Sunflower,Meghalaya,2023,4,Rabi,5950,5700,6550
Sunflower,Meghalaya,2023,7,Kharif,6300,6100,6650
Sunflower,Meghalaya,2023,8,Kharif,6000,5800,6350
Sunflower,Meghalaya,2023,9,Kharif,6250,5900,6550
Sunflower,Odisha,2020,2,Rabi,5100,4750,5450
Sunflower,Odisha,2020,3,Rabi,4500,4200,5100
Sunflower,Odisha,2020,4,Rabi,4850,4550,5400
Sunflower,Odisha,2020,7,Kharif,4550,4300,4900
Sunflower,Odisha,2020,8,Kharif,4700,4500,5050
Sunflower,Odisha,2020,9,Kharif,4800,4600,5250
Sunflower,Odisha,2021,2,Rabi,5450,5200,6100
Sunflower,Odisha,2021,3,Rabi,4800,4450,5200
Sunflower,Odisha,2021,4,Rabi,4950,4600,5300
Sunflower,Odisha,2021,7,Kharif,5500,5150,6050
Sunflower,Odisha,2021,8,Kharif,5500,5250,5900
Sunflower,Odisha,2021,9,Kharif,5000,4650,5350
Sunflower,Odisha,2022,2,Rabi,5500,5100,5900
Sunflower,Odisha,2022,3,Rabi,5700,5400,6350
Sunflower,Odisha,2022,4,Rabi,5050,4850,5450
Sunflower,Odisha,2022,7,Kharif,5300,4950,5700
Sunflower,Odisha,2022,8,Kharif,5150,4800,5800
Sunflower,Odisha,2022,9,Kharif,5350,5000,5850
Sunflower,Odisha,2023,2,Rabi,5900,5650,6600
Sunflower,Odisha,2023,3,Rabi,5250,4850,5950
Sunflower,Odisha,2023,4,Rabi,5850,5600,6450
Sunflower,Odisha,2023,7,Kharif,5450,5000,5950
Sunflower,Odisha,2023,8,Kharif,5700,5300,6350
Sunflower,Odisha,2023,9,Kharif,5500,5100,5950
Sunflower,Punjab,2020,2,Rabi,5750,5300,6450
Sunflower,Punjab,2020,3,Rabi,5400,5050,5950
Sunflower,Punjab,2020,4,Rabi,5400,5200,6050
Sunflower,Punjab,2020,7,Kharif,5950,5500,6650
Sunflower,Punjab,2020,8,Kharif,5550,5300,5950
Sunflower,Punjab,2020,9,Kharif,6150,5850,6700
Sunflower,Punjab,2021,2,Rabi,5850,5500,6550
Sunflower,Punjab,2021,3,Rabi,5800,5350,6250
Sunflower,Punjab,2021,4,Rabi,6300,6050,6850
Sunflower,Punjab,2021,7,Kharif,5800,5400,6350
Sunflower,Punjab,2021,8,Kharif,6050,5800,6400
Sunflower,Punjab,2021,9,Kharif,6100,5800,6450
Sunflower,Punjab,2022,2,Rabi,6050,5800,6600
Sunflower,Punjab,2022,3,Rabi,6350,6100,6900
Sunflower,Punjab,2022,4,Rabi,6050,5750,6400
Sunflower,Punjab,2022,7,Kharif,6300,6000,6750
Sunflower,Punjab,2022,8,Kharif,6600,6400,7000
Sunflower,Punjab,2022,9,Kharif,6750,6500,7400
Sunflower,Punjab,2023,2,Rabi,7050,6750,7650
Sunflower,Punjab,2023,3,Rabi,7000,6700,7550
Sunflower,Punjab,2023,4,Rabi,6100,5900,6500
Sunflower,Punjab,2023,7,Kharif,6850,6450,7400
Sunflower,Punjab,2023,8,Kharif,6350,6050,6750
Sunflower,Punjab,2023,9,Kharif,7100,6850,7650
Sunflower,Rajasthan,2020,2,Rabi,5550,5300,6050
Sunflower,Rajasthan,2020,3,Rabi,5000,4700,5350
Sunflower,Rajasthan,2020,4,Rabi,5250,4950,5900
Sunflower,Rajasthan,2020,7,Kharif,5600,5350,6350
Sunflower,Rajasthan,2020,8,Kharif,5250,4950,5650
Sunflower,Rajasthan,2020,9,Kharif,5500,5250,6050
Sunflower,Rajasthan,2021,2,Rabi,5700,5450,6250
Sunflower,Rajasthan,2021,3,Rabi,5500,5150,5950
Sunflower,Rajasthan,2021,4,Rabi,5800,5450,6550
Sunflower,Rajasthan,2021,7,Kharif,5100,4800,5800
Sunflower,Rajasthan,2021,8,Kharif,5250,4900,5650
Sunflower,Rajasthan,2021,9,Kharif,5450,5100,5950
Sunflower,Rajasthan,2022,2,Rabi,6000,5750,6400
Sunflower,Rajasthan,2022,3,Rabi,5800,5500,6500
Sunflower,Rajasthan,2022,4,Rabi,5650,5400,6150
Sunflower,Rajasthan,2022,7,Kharif,5950,5500,6500
Sunflower,Rajasthan,2022,8,Kharif,5600,5250,6350
Sunflower,Rajasthan,2022,9,Kharif,5900,5450,6550
Sunflower,Rajasthan,2023,2,Rabi,6000,5800,6300
Sunflower,Rajasthan,2023,3,Rabi,6450,6100,6950
Sunflower,Rajasthan,2023,4,Rabi,5700,5300,6150
Sunflower,Rajasthan,2023,7,Kharif,6050,5750,6350
Sunflower,Rajasthan,2023,8,Kharif,5900,5450,6600
Sunflower,Rajasthan,2023,9,Kharif,6200,5900,6600
Sunflower,Tamil Nadu,2020,2,Rabi,5150,4750,5650
Sunflower,Tamil Nadu,2020,3,Rabi,5650,5200,6350
Sunflower,Tamil Nadu,2020,4,Rabi,5800,5550,6400
Sunflower,Tamil Nadu,2020,7,Kharif,5600,5300,6200
Sunflower,Tamil Nadu,2020,8,Kharif,5350,5050,5900
Sunflower,Tamil Nadu,2020,9,Kharif,5300,5100,5750
Sunflower,Tamil Nadu,2021,2,Rabi,5900,5650,6400
Sunflower,Tamil Nadu,2021,3,Rabi,5600,5150,6350
Sunflower,Tamil Nadu,2021,4,Rabi,5650,5400,6400
Sunflower,Tamil Nadu,2021,7,Kharif,6000,5750,6350
Sunflower,Tamil Nadu,2021,8,Kharif,5750,5300,6250
Sunflower,Tamil Nadu,2021,9,Kharif,6000,5700,6400
Sunflower,Tamil Nadu,2022,2,Rabi,6050,5750,6500
Sunflower,Tamil Nadu,2022,3,Rabi,6300,6000,6650
Sunflower,Tamil Nadu,2022,4,Rabi,5600,5350,6300
Sunflower,Tamil Nadu,2022,7,Kharif,5800,5400,6300
Sunflower,Tamil Nadu,2022,8,Kharif,5950,5700,6650
Sunflower,Tamil Nadu,2022,9,Kharif,5850,5400,6600
Sunflower,Tamil Nadu,2023,2,Rabi,6450,6150,7100
Sunflower,Tamil Nadu,2023,3,Rabi,6250,6000,6600
Sunflower,Tamil Nadu,2023,4,Rabi,5950,5550,6600
Sunflower,Tamil Nadu,2023,7,Kharif,6500,6250,7150
Sunflower,Tamil Nadu,2023,8,Kharif,6800,6550,7400
Sunflower,Tamil Nadu,2023,9,Kharif,6200,5850,6650
Sunflower,Telangana,2020,2,Rabi,5000,4700,5550
Sunflower,Telangana,2020,3,Rabi,5600,5200,6050
Sunflower,Telangana,2020,4,Rabi,5550,5200,6000
Sunflower,Telangana,2020,7,Kharif,5550,5150,6200
Sunflower,Telangana,2020,8,Kharif,5450,5150,6200
Sunflower,Telangana,2020,9,Kharif,5600,5250,6000
Sunflower,Telangana,2021,2,Rabi,5350,5050,6000
Sunflower,Telangana,2021,3,Rabi,5100,4750,5650
Sunflower,Telangana,2021,4,Rabi,5400,5150,5850
Sunflower,Telangana,2021,7,Kharif,5300,5050,5800
Sunflower,Telangana,2021,8,Kharif,5500,5150,5950
Sunflower,Telangana,2021,9,Kharif,5900,5550,6450
Sunflower,Telangana,2022,2,Rabi,5950,5500,6750
Sunflower,Telangana,2022,3,Rabi,6200,5950,6600
Sunflower,Telangana,2022,4,Rabi,6300,6050,6850
Sunflower,Telangana,2022,7,Kharif,6150,5850,6700
Sunflower,Telangana,2022,8,Kharif,6200,6000,6550
Sunflower,Telangana,2022,9,Kharif,5850,5400,6300
Sunflower,Telangana,2023,2,Rabi,5900,5600,6400
Sunflower,Telangana,2023,3,Rabi,6400,6150,6750
Sunflower,Telangana,2023,4,Rabi,5700,5300,6400
Sunflower,Telangana,2023,7,Kharif,6550,6300,6900
Sunflower,Telangana,2023,8,Kharif,6000,5800,6500
Sunflower,Telangana,2023,9,Kharif,6400,6000,7050
Sunflower,Tripura,2020,2,Rabi,5200,4850,5800
Sunflower,Tripura,2020,3,Rabi,5000,4700,5600
Sunflower,Tripura,2020,4,Rabi,5150,4900,5500
Sunflower,Tripura,2020,7,Kharif,4900,4550,5300
Sunflower,Tripura,2020,8,Kharif,5250,4950,5800
Sunflower,Tripura,2020,9,Kharif,4750,4550,5200
Sunflower,Tripura,2021,2,Rabi,5200,4900,5800
Sunflower,Tripura,2021,3,Rabi,5000,4700,5600
Sunflower,Tripura,2021,4,Rabi,5200,4850,5800
Sunflower,Tripura,2021,7,Kharif,5550,5200,6200
Sunflower,Tripura,2021,8,Kharif,5350,5100,5750
Sunflower,Tripura,2021,9,Kharif,5550,5250,6250
Sunflower,Tripura,2022,2,Rabi,5600,5200,6200
Sunflower,Tripura,2022,3,Rabi,5150,4800,5750
Sunflower,Tripura,2022,4,Rabi,5350,5000,6000
Sunflower,Tripura,2022,7,Kharif,5650,5400,6400
Sunflower,Tripura,2022,8,Kharif,5600,5300,6050
Sunflower,Tripura,2022,9,Kharif,5350,4950,5800
Sunflower,Tripura,2023,2,Rabi,6050,5750,6350
Sunflower,Tripura,2023,3,Rabi,5700,5450,6500
Sunflower,Tripura,2023,4,Rabi,5650,5250,6400
Sunflower,Tripura,2023,7,Kharif,5450,5150,5900
Sunflower,Tripura,2023,8,Kharif,5950,5700,6700
Sunflower,Tripura,2023,9,Kharif,5900,5650,6500
Sunflower,Uttar Pradesh,2020,2,Rabi,5600,5150,6100
Sunflower,Uttar Pradesh,2020,3,Rabi,5100,4900,5500
Sunflower,Uttar Pradesh,2020,4,Rabi,5000,4600,5550
Sunflower,Uttar Pradesh,2020,7,Kharif,5200,4800,5900
Sunflower,Uttar Pradesh,2020,8,Kharif,5450,5150,6200
Sunflower,Uttar Pradesh,2020,9,Kharif,5200,5000,5800
Sunflower,Uttar Pradesh,2021,2,Rabi,5800,5450,6500
Sunflower,Uttar Pradesh,2021,3,Rabi,5450,5050,5950
Sunflower,Uttar Pradesh,2021,4,Rabi,5800,5400,6250
Sunflower,Uttar Pradesh,2021,7,Kharif,5950,5650,6400
Sunflower,Uttar Pradesh,2021,8,Kharif,5400,5000,5850
Sunflower,Uttar Pradesh,2021,9,Kharif,6000,5700,6500
Sunflower,Uttar Pradesh,2022,2,Rabi,5700,5350,6500
Sunflower,Uttar Pradesh,2022,3,Rabi,6200,5900,6800
Sunflower,Uttar Pradesh,2022,4,Rabi,6150,5800,6600
Sunflower,Uttar Pradesh,2022,7,Kharif,5450,5150,5950
Sunflower,Uttar Pradesh,2022,8,Kharif,5700,5300,6350
Sunflower,Uttar Pradesh,2022,9,Kharif,6200,5900,6550
Sunflower,Uttar Pradesh,2023,2,Rabi,5900,5650,6500
Sunflower,Uttar Pradesh,2023,3,Rabi,6250,5900,6800
Sunflower,Uttar Pradesh,2023,4,Rabi,6300,6000,6700
Sunflower,Uttar Pradesh,2023,7,Kharif,6300,6050,6750
Sunflower,Uttar Pradesh,2023,8,Kharif,5900,5600,6650
Sunflower,Uttar Pradesh,2023,9,Kharif,6350,6100,6850
Sunflower,Uttarakhand,2020,2,Rabi,5550,5300,6150
Sunflower,Uttarakhand,2020,3,Rabi,5150,4850,5600
Sunflower,Uttarakhand,2020,4,Rabi,5350,5000,5950
Sunflower,Uttarakhand,2020,7,Kharif,5550,5300,6250
Sunflower,Uttarakhand,2020,8,Kharif,5000,4650,5600
Sunflower,Uttarakhand,2020,9,Kharif,4950,4650,5450
Sunflower,Uttarakhand,2021,2,Rabi,5850,5500,6600
Sunflower,Uttarakhand,2021,3,Rabi,5700,5300,6250
Sunflower,Uttarakhand,2021,4,Rabi,5400,5150,5950
Sunflower,Uttarakhand,2021,7,Kharif,5100,4800,5650
Sunflower,Uttarakhand,2021,8,Kharif,5300,5000,5750
Sunflower,Uttarakhand,2021,9,Kharif,5150,4850,5850
Sunflower,Uttarakhand,2022,2,Rabi,5400,5100,5950
Sunflower,Uttarakhand,2022,3,Rabi,5750,5450,6250
Sunflower,Uttarakhand,2022,4,Rabi,5600,5350,6300
Sunflower,Uttarakhand,2022,7,Kharif,5900,5600,6550
Sunflower,Uttarakhand,2022,8,Kharif,5750,5500,6400
Sunflower,Uttarakhand,2022,9,Kharif,5500,5200,6150
Sunflower,Uttarakhand,2023,2,Rabi,6550,6300,6950
Sunflower,Uttarakhand,2023,3,Rabi,6550,6300,7200
Sunflower,Uttarakhand,2023,4,Rabi,5750,5350,6300
Sunflower,Uttarakhand,2023,7,Kharif,6400,6050,6900
Sunflower,Uttarakhand,2023,8,Kharif,5650,5300,6250
Sunflower,Uttarakhand,2023,9,Kharif,6450,6200,6800
Sunflower,West Bengal,2020,2,Rabi,5000,4750,5450
Sunflower,West Bengal,2020,3,Rabi,5400,5200,6100
Sunflower,West Bengal,2020,4,Rabi,5300,4900,6000
Sunflower,West Bengal,2020,7,Kharif,5050,4750,5600
Sunflower,West Bengal,2020,8,Kharif,5200,4900,5750
Sunflower,West Bengal,2020,9,Kharif,5450,5050,6050
Sunflower,West Bengal,2021,2,Rabi,5250,4900,5850
Sunflower,West Bengal,2021,3,Rabi,5700,5450,6350
Sunflower,West Bengal,2021,4,Rabi,5200,4950,5850
Sunflower,West Bengal,2021,7,Kharif,4900,4550,5350
Sunflower,West Bengal,2021,8,Kharif,5550,5200,5950
Sunflower,West Bengal,2021,9,Kharif,5050,4750,5550
Sunflower,West Bengal,2022,2,Rabi,5300,4950,5850
Sunflower,West Bengal,2022,3,Rabi,6050,5750,6550
Sunflower,West Bengal,2022,4,Rabi,5400,5150,5900
Sunflower,West Bengal,2022,7,Kharif,5950,5650,6500
Sunflower,West Bengal,2022,8,Kharif,5750,5300,6250
Sunflower,West Bengal,2022,9,Kharif,5600,5250,6250
Sunflower,West Bengal,2023,2,Rabi,5800,5550,6400
Sunflower,West Bengal,2023,3,Rabi,5950,5600,6650
Sunflower,West Bengal,2023,4,Rabi,6300,6100,6700
Sunflower,West Bengal,2023,7,Kharif,6150,5950,6650
Sunflower,West Bengal,2023,8,Kharif,6100,5850,6600
Sunflower,West Bengal,2023,9,Kharif,5550,5200,6200
Tomato,Andhra Pradesh,2020,1,Rabi,1050,950,1250
Tomato,Andhra Pradesh,2020,2,Rabi,1300,1200,1550
Tomato,Andhra Pradesh,2020,3,Rabi,1150,1000,1350
Tomato,Andhra Pradesh,2020,6,Kharif,1000,850,1150
Tomato,Andhra Pradesh,2020,7,Kharif,1250,1150,1500
Tomato,Andhra Pradesh,2020,8,Kharif,1100,1000,1300
Tomato,Andhra Pradesh,2021,1,Rabi,1300,1150,1450
Tomato,Andhra Pradesh,2021,2,Rabi,1300,1200,1550
Tomato,Andhra Pradesh,2021,3,Rabi,1350,1250,1500
Tomato,Andhra Pradesh,2021,6,Kharif,1500,1300,1750
Tomato,Andhra Pradesh,2021,7,Kharif,1100,950,1350
Tomato,Andhra Pradesh,2021,8,Kharif,1200,1100,1450
Tomato,Andhra Pradesh,2022,1,Rabi,1100,1000,1250
Tomato,Andhra Pradesh,2022,2,Rabi,1200,1100,1350
Tomato,Andhra Pradesh,2022,3,Rabi,1250,1100,1450
Tomato,Andhra Pradesh,2022,6,Kharif,1350,1200,1550
Tomato,Andhra Pradesh,2022,7,Kharif,1200,1050,1400
Tomato,Andhra Pradesh,2022,8,Kharif,1400,1250,1650
Tomato,Andhra Pradesh,2023,1,Rabi,1200,1100,1450
Tomato,Andhra Pradesh,2023,2,Rabi,1650,1400,1950
Tomato,Andhra Pradesh,2023,3,Rabi,1450,1250,1700
Tomato,Andhra Pradesh,2023,6,Kharif,1350,1150,1550
Tomato,Andhra Pradesh,2023,7,Kharif,1250,1100,1500
Tomato,Andhra Pradesh,2023,8,Kharif,1250,1150,1500
Tomato,Assam,2020,1,Rabi,1300,1150,1450
Tomato,Assam,2020,2,Rabi,1300,1100,1500
Tomato,Assam,2020,3,Rabi,1300,1200,1450
Tomato,Assam,2020,6,Kharif,1300,1200,1450
Tomato,Assam,2020,7,Kharif,1050,900,1250
Tomato,Assam,2020,8,Kharif,1250,1100,1500
Tomato,Assam,2021,1,Rabi,1350,1150,1550
Tomato,Assam,2021,2,Rabi,1050,900,1250
Tomato,Assam,2021,3,Rabi,1100,950,1300
Tomato,Assam,2021,6,Kharif,1300,1150,1550
Tomato,Assam,2021,7,Kharif,1100,950,1300
Tomato,Assam,2021,8,Kharif,1250,1150,1500
Tomato,Assam,2022,1,Rabi,1300,1150,1500
Tomato,Assam,2022,2,Rabi,1450,1250,1600
Tomato,Assam,2022,3,Rabi,1050,950,1250
Tomato,Assam,2022,6,Kharif,1350,1250,1500
Tomato,Assam,2022,7,Kharif,1100,950,1350
Tomato,Assam,2022,8,Kharif,1450,1250,1700
Tomato,Assam,2023,1,Rabi,1500,1350,1800
Tomato,Assam,2023,2,Rabi,1550,1350,1900
Tomato,Assam,2023,3,Rabi,1300,1100,1450
Tomato,Assam,2023,6,Kharif,1200,1050,1350
Tomato,Assam,2023,7,Kharif,1200,1050,1400
Tomato,Assam,2023,8,Kharif,1400,1200,1550
Tomato,Bihar,2020,1,Rabi,1150,1000,1350
Tomato,Bihar,2020,2,Rabi,1250,1100,1400
Tomato,Bihar,2020,3,Rabi,1150,1000,1350
Tomato,Bihar,2020,6,Kharif,1000,900,1150
Tomato,Bihar,2020,7,Kharif,1200,1100,1400
Tomato,Bihar,2020,8,Kharif,1300,1100,1450
Tomato,Bihar,2021,1,Rabi,1000,900,1200
Tomato,Bihar,2021,2,Rabi,1000,850,1150
Tomato,Bihar,2021,3,Rabi,1250,1100,1450
Tomato,Bihar,2021,6,Kharif,1000,900,1200
Tomato,Bihar,2021,7,Kharif,1250,1050,1450
Tomato,Bihar,2021,8,Kharif,1200,1050,1350
Tomato,Bihar,2022,1,Rabi,1200,1050,1350
Tomato,Bihar,2022,2,Rabi,1350,1150,1600
Tomato,Bihar,2022,3,Rabi,1350,1200,1550
Tomato,Bihar,2022,6,Kharif,1350,1200,1550
Tomato,Bihar,2022,7,Kharif,1350,1250,1600
Tomato,Bihar,2022,8,Kharif,1250,1100,1450
Tomato,Bihar,2023,1,Rabi,1500,1350,1800
Tomato,Bihar,2023,2,Rabi,1100,1000,1300
Tomato,Bihar,2023,3,Rabi,1200,1050,1400
Tomato,Bihar,2023,6,Kharif,1500,1350,1800
Tomato,Bihar,2023,7,Kharif,1500,1350,1750
Tomato,Bihar,2023,8,Kharif,1200,1100,1450
Tomato,Chhattisgarh,2020,1,Rabi,1200,1050,1400
Tomato,Chhattisgarh,2020,2,Rabi,950,800,1200
Tomato,Chhattisgarh,2020,3,Rabi,950,800,1150
Tomato,Chhattisgarh,2020,6,Kharif,950,850,1200
Tomato,Chhattisgarh,2020,7,Kharif,1000,900,1150
Tomato,Chhattisgarh,2020,8,Kharif,1200,1100,1400
Tomato,Chhattisgarh,2021,1,Rabi,1350,1200,1600
Tomato,Chhattisgarh,2021,2,Rabi,1350,1250,1500
Tomato,Chhattisgarh,2021,3,Rabi,1350,1200,1500
Tomato,Chhattisgarh,2021,6,Kharif,1250,1150,1500
Tomato,Chhattisgarh,2021,7,Kharif,1150,1050,1300
Tomato,Chhattisgarh,2021,8,Kharif,1000,900,1200
Tomato,Chhattisgarh,2022,1,Rabi,1300,1200,1450
Tomato,Chhattisgarh,2022,2,Rabi,1300,1100,1450
Tomato,Chhattisgarh,2022,3,Rabi,1050,900,1200
Tomato,Chhattisgarh,2022,6,Kharif,1250,1150,1450
Tomato,Chhattisgarh,2022,7,Kharif,1150,1050,1400
Tomato,Chhattisgarh,2022,8,Kharif,1200,1100,1450
Tomato,Chhattisgarh,2023,1,Rabi,1100,950,1250
Tomato,Chhattisgarh,2023,2,Rabi,1450,1250,1700
Tomato,Chhattisgarh,2023,3,Rabi,1300,1150,1450
Tomato,Chhattisgarh,2023,6,Kharif,1450,1350,1750
Tomato,Chhattisgarh,2023,7,Kharif,1200,1050,1350
Tomato,Chhattisgarh,2023,8,Kharif,1050,950,1250
Tomato,Goa,2020,1,Rabi,1400,1300,1650
Tomato,Goa,2020,2,Rabi,1500,1300,1800
Tomato,Goa,2020,3,Rabi,1450,1300,1700
Tomato,Goa,2020,6,Kharif,1150,1000,1350
Tomato,Goa,2020,7,Kharif,1450,1350,1700
Tomato,Goa,2020,8,Kharif,1300,1150,1450
Tomato,Goa,2021,1,Rabi,1250,1100,1450
Tomato,Goa,2021,2,Rabi,1500,1350,1650
Tomato,Goa,2021,3,Rabi,1550,1400,1800
Tomato,Goa,2021,6,Kharif,1400,1300,1650
Tomato,Goa,2021,7,Kharif,1500,1350,1750
Tomato,Goa,2021,8,Kharif,1550,1350,1850
Tomato,Goa,2022,1,Rabi,1400,1200,1700
Tomato,Goa,2022,2,Rabi,1400,1200,1650
Tomato,Goa,2022,3,Rabi,1450,1300,1750
Tomato,Goa,2022,6,Kharif,1600,1400,1850
Tomato,Goa,2022,7,Kharif,1300,1100,1550
Tomato,Goa,2022,8,Kharif,1400,1250,1600
Tomato,Goa,2023,1,Rabi,1650,1500,1850
Tomato,Goa,2023,2,Rabi,1350,1200,1600
Tomato,Goa,2023,3,Rabi,1300,1150,1500
Tomato,Goa,2023,6,Kharif,1600,1350,1950
Tomato,Goa,2023,7,Kharif,1750,1550,2100
Tomato,Goa,2023,8,Kharif,1350,1200,1600
Tomato,Gujarat,2020,1,Rabi,1150,1000,1300
Tomato,Gujarat,2020,2,Rabi,1400,1250,1650
Tomato,Gujarat,2020,3,Rabi,1300,1150,1500
Tomato,Gujarat,2020,6,Kharif,1050,900,1250
Tomato,Gujarat,2020,7,Kharif,1050,950,1200
Tomato,Gujarat,2020,8,Kharif,1150,1000,1300
Tomato,Gujarat,2021,1,Rabi,1450,1300,1650
Tomato,Gujarat,2021,2,Rabi,1150,1050,1300
Tomato,Gujarat,2021,3,Rabi,1500,1350,1800
Tomato,Gujarat,2021,6,Kharif,1200,1050,1400
Tomato,Gujarat,2021,7,Kharif,1300,1100,1450
Tomato,Gujarat,2021,8,Kharif,1450,1300,1700
Tomato,Gujarat,2022,1,Rabi,1350,1200,1500
Tomato,Gujarat,2022,2,Rabi,1450,1250,1650
Tomato,Gujarat,2022,3,Rabi,1500,1350,1800
Tomato,Gujarat,2022,6,Kharif,1250,1100,1450
Tomato,Gujarat,2022,7,Kharif,1200,1100,1400
Tomato,Gujarat,2022,8,Kharif,1450,1300,1750
Tomato,Gujarat,2023,1,Rabi,1500,1300,1750
Tomato,Gujarat,2023,2,Rabi,1600,1500,1950
Tomato,Gujarat,2023,3,Rabi,1250,1100,1450
Tomato,Gujarat,2023,6,Kharif,1450,1300,1650
Tomato,Gujarat,2023,7,Kharif,1550,1350,1850
Tomato,Gujarat,2023,8,Kharif,1400,1250,1700
Tomato,Haryana,2020,1,Rabi,1450,1300,1700
Tomato,Haryana,2020,2,Rabi,1450,1300,1700
Tomato,Haryana,2020,3,Rabi,1350,1200,1600
Tomato,Haryana,2020,6,Kharif,1450,1300,1700
Tomato,Haryana,2020,7,Kharif,1100,950,1350
Tomato,Haryana,2020,8,Kharif,1450,1250,1700
Tomato,Haryana,2021,1,Rabi,1550,1400,1750
Tomato,Haryana,2021,2,Rabi,1400,1300,1650
Tomato,Haryana,2021,3,Rabi,1200,1050,1450
Tomato,Haryana,2021,6,Kharif,1150,1000,1300
Tomato,Haryana,2021,7,Kharif,1600,1350,1800
Tomato,Haryana,2021,8,Kharif,1550,1350,1800
Tomato,Haryana,2022,1,Rabi,1350,1150,1600
Tomato,Haryana,2022,2,Rabi,1250,1100,1400
Tomato,Haryana,2022,3,Rabi,1200,1050,1450
Tomato,Haryana,2022,6,Kharif,1200,1050,1400
Tomato,Haryana,2022,7,Kharif,1450,1250,1700
Tomato,Haryana,2022,8,Kharif,1350,1250,1550
Tomato,Haryana,2023,1,Rabi,1700,1500,2000
Tomato,Haryana,2023,2,Rabi,1550,1400,1750
Tomato,Haryana,2023,3,Rabi,1350,1250,1650
Tomato,Haryana,2023,6,Kharif,1500,1300,1750
Tomato,Haryana,2023,7,Kharif,1550,1350,1800
Tomato,Haryana,2023,8,Kharif,1350,1200,1500
Tomato,Himachal Pradesh,2020,1,Rabi,1150,1000,1400
Tomato,Himachal Pradesh,2020,2,Rabi,1450,1250,1750
Tomato,Himachal Pradesh,2020,3,Rabi,1150,1050,1300
Tomato,Himachal Pradesh,2020,6,Kharif,1200,1050,1400
Tomato,Himachal Pradesh,2020,7,Kharif,1100,1000,1300
Tomato,Himachal Pradesh,2020,8,Kharif,1300,1150,1450
Tomato,Himachal Pradesh,2021,1,Rabi,1300,1100,1550
Tomato,Himachal Pradesh,2021,2,Rabi,1300,1150,1500
Tomato,Himachal Pradesh,2021,3,Rabi,1150,1050,1400
Tomato,Himachal Pradesh,2021,6,Kharif,1200,1050,1350
Tomato,Himachal Pradesh,2021,7,Kharif,1300,1150,1450
Tomato,Himachal Pradesh,2021,8,Kharif,1200,1050,1450
Tomato,Himachal Pradesh,2022,1,Rabi,1300,1200,1550
Tomato,Himachal Pradesh,2022,2,Rabi,1300,1100,1550
Tomato,Himachal Pradesh,2022,3,Rabi,1450,1300,1700
Tomato,Himachal Pradesh,2022,6,Kharif,1450,1300,1750
Tomato,Himachal Pradesh,2022,7,Kharif,1350,1200,1550
Tomato,Himachal Pradesh,2022,8,Kharif,1350,1200,1650
Tomato,Himachal Pradesh,2023,1,Rabi,1700,1450,2000
Tomato,Himachal Pradesh,2023,2,Rabi,1200,1100,1450
Tomato,Himachal Pradesh,2023,3,Rabi,1700,1500,1950
Tomato,Himachal Pradesh,2023,6,Kharif,1450,1250,1750
Tomato,Himachal Pradesh,2023,7,Kharif,1400,1250,1650
Tomato,Himachal Pradesh,2023,8,Kharif,1600,1450,1950
Tomato,Jammu & Kashmir,2020,1,Rabi,1450,1300,1750
Tomato,Jammu & Kashmir,2020,2,Rabi,1250,1150,1400
Tomato,Jammu & Kashmir,2020,3,Rabi,1100,950,1250
Tomato,Jammu & Kashmir,2020,6,Kharif,1350,1150,1600
Tomato,Jammu & Kashmir,2020,7,Kharif,1450,1300,1700
Tomato,Jammu & Kashmir,2020,8,Kharif,1350,1200,1600
Tomato,Jammu & Kashmir,2021,1,Rabi,1150,1000,1400
Tomato,Jammu & Kashmir,2021,2,Rabi,1400,1300,1650
Tomato,Jammu & Kashmir,2021,3,Rabi,1650,1500,1850
Tomato,Jammu & Kashmir,2021,6,Kharif,1450,1300,1700
Tomato,Jammu & Kashmir,2021,7,Kharif,1600,1450,1950
Tomato,Jammu & Kashmir,2021,8,Kharif,1350,1250,1550
Tomato,Jammu & Kashmir,2022,1,Rabi,1350,1250,1550
Tomato,Jammu & Kashmir,2022,2,Rabi,1500,1400,1800
Tomato,Jammu & Kashmir,2022,3,Rabi,1700,1500,2050
Tomato,Jammu & Kashmir,2022,6,Kharif,1650,1450,2000
Tomato,Jammu & Kashmir,2022,7,Kharif,1350,1200,1650
Tomato,Jammu & Kashmir,2022,8,Kharif,1350,1200,1550
Tomato,Jammu & Kashmir,2023,1,Rabi,1700,1500,1900
Tomato,Jammu & Kashmir,2023,2,Rabi,1700,1500,2050
Tomato,Jammu & Kashmir,2023,3,Rabi,1800,1550,2200
Tomato,Jammu & Kashmir,2023,6,Kharif,1250,1150,1500
Tomato,Jammu & Kashmir,2023,7,Kharif,1500,1300,1750
Tomato,Jammu & Kashmir,2023,8,Kharif,1800,1600,2050
Tomato,Jharkhand,2020,1,Rabi,1250,1150,1450
Tomato,Jharkhand,2020,2,Rabi,1150,1050,1350
Tomato,Jharkhand,2020,3,Rabi,900,750,1100
Tomato,Jharkhand,2020,6,Kharif,1150,1050,1350
Tomato,Jharkhand,2020,7,Kharif,1050,950,1200
Tomato,Jharkhand,2020,8,Kharif,1200,1050,1400
Tomato,Jharkhand,2021,1,Rabi,1000,850,1200
Tomato,Jharkhand,2021,2,Rabi,1300,1150,1450
Tomato,Jharkhand,2021,3,Rabi,1350,1200,1550
Tomato,Jharkhand,2021,6,Kharif,1250,1100,1500
Tomato,Jharkhand,2021,7,Kharif,1100,1000,1300
Tomato,Jharkhand,2021,8,Kharif,1150,1050,1350
Tomato,Jharkhand,2022,1,Rabi,1100,950,1250
Tomato,Jharkhand,2022,2,Rabi,1150,1000,1300
Tomato,Jharkhand,2022,3,Rabi,1350,1250,1600
Tomato,Jharkhand,2022,6,Kharif,1150,1000,1400
Tomato,Jharkhand,2022,7,Kharif,1350,1200,1650
Tomato,Jharkhand,2022,8,Kharif,1150,1000,1300
Tomato,Jharkhand,2023,1,Rabi,1450,1250,1600
Tomato,Jharkhand,2023,2,Rabi,1350,1200,1550
Tomato,Jharkhand,2023,3,Rabi,1300,1100,1450
Tomato,Jharkhand,2023,6,Kharif,1100,950,1300
Tomato,Jharkhand,2023,7,Kharif,1200,1100,1350
Tomato,Jharkhand,2023,8,Kharif,1050,950,1200
Tomato,Karnataka,2020,1,Rabi,1300,1150,1550
Tomato,Karnataka,2020,2,Rabi,1150,1000,1300
Tomato,Karnataka,2020,3,Rabi,1300,1150,1500
Tomato,Karnataka,2020,6,Kharif,1100,950,1300
Tomato,Karnataka,2020,7,Kharif,1200,1100,1450
Tomato,Karnataka,2020,8,Kharif,1050,950,1250
Tomato,Karnataka,2021,1,Rabi,1100,1000,1250
Tomato,Karnataka,2021,2,Rabi,1200,1050,1400
Tomato,Karnataka,2021,3,Rabi,1450,1300,1750
Tomato,Karnataka,2021,6,Kharif,1150,1000,1300
Tomato,Karnataka,2021,7,Kharif,1250,1050,1450
Tomato,Karnataka,2021,8,Kharif,1250,1150,1450
Tomato,Karnataka,2022,1,Rabi,1550,1450,1800
Tomato,Karnataka,2022,2,Rabi,1200,1050,1350
Tomato,Karnataka,2022,3,Rabi,1450,1250,1650
Tomato,Karnataka,2022,6,Kharif,1300,1150,1450
Tomato,Karnataka,2022,7,Kharif,1200,1050,1450
Tomato,Karnataka,2022,8,Kharif,1300,1100,1500
Tomato,Karnataka,2023,1,Rabi,1200,1050,1450
Tomato,Karnataka,2023,2,Rabi,1450,1300,1750
Tomato,Karnataka,2023,3,Rabi,1150,1050,1400
Tomato,Karnataka,2023,6,Kharif,1500,1350,1700
Tomato,Karnataka,2023,7,Kharif,1550,1400,1800
Tomato,Karnataka,2023,8,Kharif,1250,1100,1450
Tomato,Kerala,2020,1,Rabi,1400,1200,1650
Tomato,Kerala,2020,2,Rabi,1500,1350,1750
Tomato,Kerala,2020,3,Rabi,1350,1200,1600
Tomato,Kerala,2020,6,Kharif,1500,1350,1750
Tomato,Kerala,2020,7,Kharif,1150,1000,1350
Tomato,Kerala,2020,8,Kharif,1450,1350,1750
Tomato,Kerala,2021,1,Rabi,1300,1150,1500
Tomato,Kerala,2021,2,Rabi,1450,1300,1750
Tomato,Kerala,2021,3,Rabi,1200,1100,1450
Tomato,Kerala,2021,6,Kharif,1500,1350,1750
Tomato,Kerala,2021,7,Kharif,1250,1100,1500
Tomato,Kerala,2021,8,Kharif,1300,1150,1500
Tomato,Kerala,2022,1,Rabi,1200,1050,1350
Tomato,Kerala,2022,2,Rabi,1300,1150,1550
Tomato,Kerala,2022,3,Rabi,1450,1250,1750
Tomato,Kerala,2022,6,Kharif,1200,1100,1400
Tomato,Kerala,2022,7,Kharif,1700,1500,1950
Tomato,Kerala,2022,8,Kharif,1600,1450,1800
Tomato,Kerala,2023,1,Rabi,1250,1100,1450
Tomato,Kerala,2023,2,Rabi,1500,1350,1700
Tomato,Kerala,2023,3,Rabi,1500,1350,1800
Tomato,Kerala,2023,6,Kharif,1700,1550,2050
Tomato,Kerala,2023,7,Kharif,1650,1450,1850
Tomato,Kerala,2023,8,Kharif,1550,1350,1750
Tomato,Madhya Pradesh,2020,1,Rabi,1200,1100,1450
Tomato,Madhya Pradesh,2020,2,Rabi,1100,950,1250
Tomato,Madhya Pradesh,2020,3,Rabi,1350,1200,1650
Tomato,Madhya Pradesh,2020,6,Kharif,1150,1050,1300
Tomato,Madhya Pradesh,2020,7,Kharif,1000,900,1100
Tomato,Madhya Pradesh,2020,8,Kharif,1000,900,1200
Tomato,Madhya Pradesh,2021,1,Rabi,1350,1200,1550
Tomato,Madhya Pradesh,2021,2,Rabi,1200,1050,1400
Tomato,Madhya Pradesh,2021,3,Rabi,1050,900,1250
Tomato,Madhya Pradesh,2021,6,Kharif,1350,1200,1500
Tomato,Madhya Pradesh,2021,7,Kharif,1400,1250,1600
Tomato,Madhya Pradesh,2021,8,Kharif,1300,1100,1450
Tomato,Madhya Pradesh,2022,1,Rabi,1200,1050,1400
Tomato,Madhya Pradesh,2022,2,Rabi,1400,1250,1700
Tomato,Madhya Pradesh,2022,3,Rabi,1300,1150,1550
Tomato,Madhya Pradesh,2022,6,Kharif,1100,1000,1300
Tomato,Madhya Pradesh,2022,7,Kharif,1100,1000,1300
Tomato,Madhya Pradesh,2022,8,Kharif,1350,1150,1550
Tomato,Madhya Pradesh,2023,1,Rabi,1150,1050,1400
Tomato,Madhya Pradesh,2023,2,Rabi,1450,1300,1650
Tomato,Madhya Pradesh,2023,3,Rabi,1100,950,1350
Tomato,Madhya Pradesh,2023,6,Kharif,1400,1250,1650
Tomato,Madhya Pradesh,2023,7,Kharif,1600,1400,1900
Tomato,Madhya Pradesh,2023,8,Kharif,1250,1100,1450
Tomato,Maharashtra,2020,1,Rabi,1100,1000,1250
Tomato,Maharashtra,2020,2,Rabi,1050,950,1200
Tomato,Maharashtra,2020,3,Rabi,1150,1050,1300
Tomato,Maharashtra,2020,6,Kharif,1250,1100,1400
Tomato,Maharashtra,2020,7,Kharif,1250,1150,1400
Tomato,Maharashtra,2020,8,Kharif,1200,1100,1350
Tomato,Maharashtra,2021,1,Rabi,1450,1300,1600
Tomato,Maharashtra,2021,2,Rabi,1200,1000,1400
Tomato,Maharashtra,2021,3,Rabi,1200,1100,1400
Tomato,Maharashtra,2021,6,Kharif,1350,1250,1600
Tomato,Maharashtra,2021,7,Kharif,1300,1200,1550
Tomato,Maharashtra,2021,8,Kharif,1550,1400,1900
Tomato,Maharashtra,2022,1,Rabi,1350,1150,1500
Tomato,Maharashtra,2022,2,Rabi,1600,1450,1950
Tomato,Maharashtra,2022,3,Rabi,1600,1450,1850
Tomato,Maharashtra,2022,6,Kharif,1500,1350,1800
Tomato,Maharashtra,2022,7,Kharif,1350,1200,1600
Tomato,Maharashtra,2022,8,Kharif,1200,1100,1350
Tomato,Maharashtra,2023,1,Rabi,1250,1100,1500
Tomato,Maharashtra,2023,2,Rabi,1200,1100,1400
Tomato,Maharashtra,2023,3,Rabi,1300,1150,1550
Tomato,Maharashtra,2023,6,Kharif,1450,1250,1650
Tomato,Maharashtra,2023,7,Kharif,1300,1200,1450
Tomato,Maharashtra,2023,8,Kharif,1400,1200,1600
Tomato,Manipur,2020,1,Rabi,1250,1100,1450
Tomato,Manipur,2020,2,Rabi,1200,1100,1400
Tomato,Manipur,2020,3,Rabi,1200,1050,1450
Tomato,Manipur,2020,6,Kharif,1100,950,1200
Tomato,Manipur,2020,7,Kharif,950,750,1150
Tomato,Manipur,2020,8,Kharif,950,750,1200
Tomato,Manipur,2021,1,Rabi,1100,1000,1250
Tomato,Manipur,2021,2,Rabi,1200,1100,1400
Tomato,Manipur,2021,3,Rabi,1050,950,1250
Tomato,Manipur,2021,6,Kharif,1150,1000,1300
Tomato,Manipur,2021,7,Kharif,1050,950,1200
Tomato,Manipur,2021,8,Kharif,1300,1200,1450
Tomato,Manipur,2022,1,Rabi,1200,1050,1400
Tomato,Manipur,2022,2,Rabi,1150,1000,1400
Tomato,Manipur,2022,3,Rabi,1200,1050,1400
Tomato,Manipur,2022,6,Kharif,1350,1250,1500
Tomato,Manipur,2022,7,Kharif,1300,1100,1450
Tomato,Manipur,2022,8,Kharif,1000,850,1200
Tomato,Manipur,2023,1,Rabi,1200,1050,1350
Tomato,Manipur,2023,2,Rabi,1200,1050,1400
Tomato,Manipur,2023,3,Rabi,1200,1050,1400
Tomato,Manipur,2023,6,Kharif,1400,1250,1550
Tomato,Manipur,2023,7,Kharif,1150,1000,1400
Tomato,Manipur,2023,8,Kharif,1350,1200,1600
Tomato,Meghalaya,2020,1,Rabi,1300,1150,1500
Tomato,Meghalaya,2020,2,Rabi,1100,950,1250
Tomato,Meghalaya,2020,3,Rabi,1150,1000,1350
Tomato,Meghalaya,2020,6,Kharif,1200,1050,1400
Tomato,Meghalaya,2020,7,Kharif,1300,1150,1500
Tomato,Meghalaya,2020,8,Kharif,1350,1250,1550
Tomato,Meghalaya,2021,1,Rabi,1250,1150,1500
Tomato,Meghalaya,2021,2,Rabi,1450,1250,1750
Tomato,Meghalaya,2021,3,Rabi,1100,1000,1300
Tomato,Meghalaya,2021,6,Kharif,1150,1000,1350
Tomato,Meghalaya,2021,7,Kharif,1050,900,1250
Tomato,Meghalaya,2021,8,Kharif,1050,950,1200
Tomato,Meghalaya,2022,1,Rabi,1500,1350,1700
Tomato,Meghalaya,2022,2,Rabi,1250,1100,1450
Tomato,Meghalaya,2022,3,Rabi,1100,950,1300
Tomato,Meghalaya,2022,6,Kharif,1050,950,1200
Tomato,Meghalaya,2022,7,Kharif,1250,1100,1400
Tomato,Meghalaya,2022,8,Kharif,1150,1050,1400
Tomato,Meghalaya,2023,1,Rabi,1550,1300,1800
Tomato,Meghalaya,2023,2,Rabi,1550,1450,1850
Tomato,Meghalaya,2023,3,Rabi,1250,1100,1500
Tomato,Meghalaya,2023,6,Kharif,1450,1250,1650
Tomato,Meghalaya,2023,7,Kharif,1250,1150,1500
Tomato,Meghalaya,2023,8,Kharif,1150,1050,1300
Tomato,Odisha,2020,1,Rabi,1050,950,1200
Tomato,Odisha,2020,2,Rabi,1250,1100,1500
Tomato,Odisha,2020,3,Rabi,950,850,1200
Tomato,Odisha,2020,6,Kharif,1200,1050,1400
Tomato,Odisha,2020,7,Kharif,1150,1050,1350
Tomato,Odisha,2020,8,Kharif,1200,1050,1350
Tomato,Odisha,2021,1,Rabi,1000,850,1150
Tomato,Odisha,2021,2,Rabi,1300,1150,1500
Tomato,Odisha,2021,3,Rabi,1000,850,1150
Tomato,Odisha,2021,6,Kharif,1350,1250,1600
Tomato,Odisha,2021,7,Kharif,1150,1050,1350
Tomato,Odisha,2021,8,Kharif,1200,1100,1400
Tomato,Odisha,2022,1,Rabi,1100,1000,1250
Tomato,Odisha,2022,2,Rabi,1100,1000,1300
Tomato,Odisha,2022,3,Rabi,1000,900,1200
Tomato,Odisha,2022,6,Kharif,1400,1300,1650
Tomato,Odisha,2022,7,Kharif,1400,1250,1700
Tomato,Odisha,2022,8,Kharif,1250,1100,1450
Tomato,Odisha,2023,1,Rabi,1450,1250,1600
Tomato,Odisha,2023,2,Rabi,1200,1050,1450
Tomato,Odisha,2023,3,Rabi,1100,1000,1250
Tomato,Odisha,2023,6,Kharif,1450,1250,1700
Tomato,Odisha,2023,7,Kharif,1250,1100,1450
Tomato,Odisha,2023,8,Kharif,1350,1150,1550
Tomato,Punjab,2020,1,Rabi,1250,1150,1450
Tomato,Punjab,2020,2,Rabi,1450,1250,1650
Tomato,Punjab,2020,3,Rabi,1350,1200,1600
Tomato,Punjab,2020,6,Kharif,1200,1100,1400
Tomato,Punjab,2020,7,Kharif,1300,1100,1500
Tomato,Punjab,2020,8,Kharif,1350,1200,1650
Tomato,Punjab,2021,1,Rabi,1500,1300,1750
Tomato,Punjab,2021,2,Rabi,1450,1250,1650
Tomato,Punjab,2021,3,Rabi,1500,1400,1700
Tomato,Punjab,2021,6,Kharif,1500,1350,1800
Tomato,Punjab,2021,7,Kharif,1450,1300,1700
Tomato,Punjab,2021,8,Kharif,1250,1100,1500
Tomato,Punjab,2022,1,Rabi,1600,1400,1800
Tomato,Punjab,2022,2,Rabi,1450,1300,1750
Tomato,Punjab,2022,3,Rabi,1500,1350,1800
Tomato,Punjab,2022,6,Kharif,1200,1050,1350
Tomato,Punjab,2022,7,Kharif,1700,1500,2050
Tomato,Punjab,2022,8,Kharif,1300,1200,1500
Tomato,Punjab,2023,1,Rabi,1700,1550,2000
Tomato,Punjab,2023,2,Rabi,1500,1300,1800
Tomato,Punjab,2023,3,Rabi,1400,1200,1650
Tomato,Punjab,2023,6,Kharif,1550,1350,1800
Tomato,Punjab,2023,7,Kharif,1700,1500,1950
Tomato,Punjab,2023,8,Kharif,1650,1400,1850
Tomato,Rajasthan,2020,1,Rabi,1100,1000,1300
Tomato,Rajasthan,2020,2,Rabi,1200,1000,1400
Tomato,Rajasthan,2020,3,Rabi,1050,950,1200
Tomato,Rajasthan,2020,6,Kharif,1050,950,1200
Tomato,Rajasthan,2020,7,Kharif,1050,950,1200
Tomato,Rajasthan,2020,8,Kharif,950,750,1200
Tomato,Rajasthan,2021,1,Rabi,1150,1000,1300
Tomato,Rajasthan,2021,2,Rabi,1100,1000,1350
Tomato,Rajasthan,2021,3,Rabi,1050,900,1250
Tomato,Rajasthan,2021,6,Kharif,1150,1050,1300
Tomato,Rajasthan,2021,7,Kharif,1200,1100,1400
Tomato,Rajasthan,2021,8,Kharif,1000,900,1200
Tomato,Rajasthan,2022,1,Rabi,1200,1050,1400
Tomato,Rajasthan,2022,2,Rabi,1300,1150,1450
Tomato,Rajasthan,2022,3,Rabi,1150,1050,1300
Tomato,Rajasthan,2022,6,Kharif,1350,1150,1550
Tomato,Rajasthan,2022,7,Kharif,1450,1250,1750
Tomato,Rajasthan,2022,8,Kharif,1050,950,1250
Tomato,Rajasthan,2023,1,Rabi,1400,1250,1600
Tomato,Rajasthan,2023,2,Rabi,1450,1250,1750
Tomato,Rajasthan,2023,3,Rabi,1250,1100,1450
Tomato,Rajasthan,2023,6,Kharif,1200,1050,1350
Tomato,Rajasthan,2023,7,Kharif,1300,1150,1600
Tomato,Rajasthan,2023,8,Kharif,1400,1250,1650
Tomato,Tamil Nadu,2020,1,Rabi,1050,900,1200
Tomato,Tamil Nadu,2020,2,Rabi,1100,950,1250
Tomato,Tamil Nadu,2020,3,Rabi,1150,1000,1350
Tomato,Tamil Nadu,2020,6,Kharif,1300,1150,1500
Tomato,Tamil Nadu,2020,7,Kharif,1000,900,1150
Tomato,Tamil Nadu,2020,8,Kharif,1000,900,1150
Tomato,Tamil Nadu,2021,1,Rabi,1150,1000,1400
Tomato,Tamil Nadu,2021,2,Rabi,1450,1300,1650
Tomato,Tamil Nadu,2021,3,Rabi,1150,1000,1300
Tomato,Tamil Nadu,2021,6,Kharif,1050,950,1200
Tomato,Tamil Nadu,2021,7,Kharif,1400,1250,1600
Tomato,Tamil Nadu,2021,8,Kharif,1450,1250,1650
Tomato,Tamil Nadu,2022,1,Rabi,1500,1300,1800
Tomato,Tamil Nadu,2022,2,Rabi,1500,1350,1700
Tomato,Tamil Nadu,2022,3,Rabi,1300,1150,1550
Tomato,Tamil Nadu,2022,6,Kharif,1500,1350,1700
Tomato,Tamil Nadu,2022,7,Kharif,1450,1300,1750
Tomato,Tamil Nadu,2022,8,Kharif,1150,1000,1400
Tomato,Tamil Nadu,2023,1,Rabi,1250,1100,1450
Tomato,Tamil Nadu,2023,2,Rabi,1350,1150,1650
Tomato,Tamil Nadu,2023,3,Rabi,1450,1300,1750
Tomato,Tamil Nadu,2023,6,Kharif,1350,1250,1550
Tomato,Tamil Nadu,2023,7,Kharif,1450,1250,1700
Tomato,Tamil Nadu,2023,8,Kharif,1450,1300,1750
Tomato,Telangana,2020,1,Rabi,1050,950,1200
Tomato,Telangana,2020,2,Rabi,1050,900,1200
Tomato,Telangana,2020,3,Rabi,1350,1150,1550
Tomato,Telangana,2020,6,Kharif,1050,900,1250
Tomato,Telangana,2020,7,Kharif,1350,1200,1650
Tomato,Telangana,2020,8,Kharif,1300,1100,1500
Tomato,Telangana,2021,1,Rabi,1450,1250,1700
Tomato,Telangana,2021,2,Rabi,1200,1100,1400
Tomato,Telangana,2021,3,Rabi,1300,1200,1500
Tomato,Telangana,2021,6,Kharif,1200,1050,1400
Tomato,Telangana,2021,7,Kharif,1400,1250,1600
Tomato,Telangana,2021,8,Kharif,1350,1250,1600
Tomato,Telangana,2022,1,Rabi,1200,1100,1350
Tomato,Telangana,2022,2,Rabi,1250,1100,1500
Tomato,Telangana,2022,3,Rabi,1350,1150,1650
Tomato,Telangana,2022,6,Kharif,1250,1100,1500
Tomato,Telangana,2022,7,Kharif,1150,1000,1400
Tomato,Telangana,2022,8,Kharif,1200,1050,1400
Tomato,Telangana,2023,1,Rabi,1400,1250,1550
Tomato,Telangana,2023,2,Rabi,1500,1350,1750
Tomato,Telangana,2023,3,Rabi,1350,1200,1650
Tomato,Telangana,2023,6,Kharif,1300,1150,1450
Tomato,Telangana,2023,7,Kharif,1300,1100,1450
Tomato,Telangana,2023,8,Kharif,1150,1000,1350
Tomato,Tripura,2020,1,Rabi,1100,950,1250
Tomato,Tripura,2020,2,Rabi,1100,1000,1300
Tomato,Tripura,2020,3,Rabi,1150,1000,1400
Tomato,Tripura,2020,6,Kharif,1150,1050,1350
Tomato,Tripura,2020,7,Kharif,950,750,1150
Tomato,Tripura,2020,8,Kharif,1050,900,1200
Tomato,Tripura,2021,1,Rabi,1000,900,1150
Tomato,Tripura,2021,2,Rabi,1000,900,1100
Tomato,Tripura,2021,3,Rabi,1000,900,1150
Tomato,Tripura,2021,6,Kharif,1300,1200,1550
Tomato,Tripura,2021,7,Kharif,1200,1050,1450
Tomato,Tripura,2021,8,Kharif,1350,1150,1600
Tomato,Tripura,2022,1,Rabi,1200,1050,1400
Tomato,Tripura,2022,2,Rabi,1300,1200,1550
Tomato,Tripura,2022,3,Rabi,1250,1150,1500
Tomato,Tripura,2022,6,Kharif,1050,900,1150
Tomato,Tripura,2022,7,Kharif,1150,1000,1300
Tomato,Tripura,2022,8,Kharif,1350,1150,1500
Tomato,Tripura,2023,1,Rabi,1100,1000,1300
Tomato,Tripura,2023,2,Rabi,1450,1250,1750
Tomato,Tripura,2023,3,Rabi,1300,1150,1500
Tomato,Tripura,2023,6,Kharif,1350,1200,1550
Tomato,Tripura,2023,7,Kharif,1400,1250,1650
Tomato,Tripura,2023,8,Kharif,1200,1100,1450
Tomato,Uttar Pradesh,2020,1,Rabi,1150,1050,1300
Tomato,Uttar Pradesh,2020,2,Rabi,1250,1150,1450
Tomato,Uttar Pradesh,2020,3,Rabi,1350,1200,1550
Tomato,Uttar Pradesh,2020,6,Kharif,1100,1000,1300
Tomato,Uttar Pradesh,2020,7,Kharif,1300,1150,1550
Tomato,Uttar Pradesh,2020,8,Kharif,1250,1100,1450
Tomato,Uttar Pradesh,2021,1,Rabi,1300,1200,1550
Tomato,Uttar Pradesh,2021,2,Rabi,1450,1250,1650
Tomato,Uttar Pradesh,2021,3,Rabi,1150,1000,1300
Tomato,Uttar Pradesh,2021,6,Kharif,1400,1250,1650
Tomato,Uttar Pradesh,2021,7,Kharif,1250,1100,1400
Tomato,Uttar Pradesh,2021,8,Kharif,1300,1200,1550
Tomato,Uttar Pradesh,2022,1,Rabi,1500,1300,1750
Tomato,Uttar Pradesh,2022,2,Rabi,1250,1100,1450
Tomato,Uttar Pradesh,2022,3,Rabi,1300,1150,1500
Tomato,Uttar Pradesh,2022,6,Kharif,1450,1250,1600
Tomato,Uttar Pradesh,2022,7,Kharif,1350,1150,1550
Tomato,Uttar Pradesh,2022,8,Kharif,1300,1200,1550
Tomato,Uttar Pradesh,2023,1,Rabi,1200,1050,1350
Tomato,Uttar Pradesh,2023,2,Rabi,1200,1050,1350
Tomato,Uttar Pradesh,2023,3,Rabi,1500,1350,1650
Tomato,Uttar Pradesh,2023,6,Kharif,1400,1200,1600
Tomato,Uttar Pradesh,2023,7,Kharif,1200,1100,1350
Tomato,Uttar Pradesh,2023,8,Kharif,1400,1250,1600
Tomato,Uttarakhand,2020,1,Rabi,1250,1150,1400
Tomato,Uttarakhand,2020,2,Rabi,1100,1000,1300
Tomato,Uttarakhand,2020,3,Rabi,1200,1050,1400
Tomato,Uttarakhand,2020,6,Kharif,1350,1200,1600
Tomato,Uttarakhand,2020,7,Kharif,1150,1000,1350
Tomato,Uttarakhand,2020,8,Kharif,1000,900,1150
Tomato,Uttarakhand,2021,1,Rabi,1400,1200,1550
Tomato,Uttarakhand,2021,2,Rabi,1050,900,1250
Tomato,Uttarakhand,2021,3,Rabi,1200,1100,1350
Tomato,Uttarakhand,2021,6,Kharif,1100,950,1300
Tomato,Uttarakhand,2021,7,Kharif,1150,1000,1300
Tomato,Uttarakhand,2021,8,Kharif,1100,1000,1250
Tomato,Uttarakhand,2022,1,Rabi,1300,1200,1550
Tomato,Uttarakhand,2022,2,Rabi,1250,1150,1400
Tomato,Uttarakhand,2022,3,Rabi,1400,1250,1700
Tomato,Uttarakhand,2022,6,Kharif,1250,1050,1500
Tomato,Uttarakhand,2022,7,Kharif,1200,1050,1400
Tomato,Uttarakhand,2022,8,Kharif,1500,1350,1700
Tomato,Uttarakhand,2023,1,Rabi,1300,1150,1600
Tomato,Uttarakhand,2023,2,Rabi,1350,1150,1500
Tomato,Uttarakhand,2023,3,Rabi,1400,1250,1600
Tomato,Uttarakhand,2023,6,Kharif,1550,1350,1850
Tomato,Uttarakhand,2023,7,Kharif,1250,1100,1450
Tomato,Uttarakhand,2023,8,Kharif,1200,1050,1400
Tomato,West Bengal,2020,1,Rabi,1100,1000,1250
Tomato,West Bengal,2020,2,Rabi,1000,900,1200
Tomato,West Bengal,2020,3,Rabi,1100,1000,1300
Tomato,West Bengal,2020,6,Kharif,1350,1250,1600
Tomato,West Bengal,2020,7,Kharif,1150,1000,1350
Tomato,West Bengal,2020,8,Kharif,1100,950,1250
Tomato,West Bengal,2021,1,Rabi,1100,1000,1300
Tomato,West Bengal,2021,2,Rabi,1350,1250,1650
Tomato,West Bengal,2021,3,Rabi,1400,1250,1650
Tomato,West Bengal,2021,6,Kharif,1250,1150,1450
Tomato,West Bengal,2021,7,Kharif,1100,950,1300
Tomato,West Bengal,2021,8,Kharif,1100,1000,1250
Tomato,West Bengal,2022,1,Rabi,1100,1000,1300
Tomato,West Bengal,2022,2,Rabi,1300,1150,1550
Tomato,West Bengal,2022,3,Rabi,1100,950,1300
Tomato,West Bengal,2022,6,Kharif,1300,1100,1450
Tomato,West Bengal,2022,7,Kharif,1100,1000,1300
Tomato,West Bengal,2022,8,Kharif,1400,1250,1650
Tomato,West Bengal,2023,1,Rabi,1400,1200,1700
Tomato,West Bengal,2023,2,Rabi,1300,1150,1450
Tomato,West Bengal,2023,3,Rabi,1400,1250,1650
Tomato,West Bengal,2023,6,Kharif,1500,1350,1800
Tomato,West Bengal,2023,7,Kharif,1350,1200,1600
Tomato,West Bengal,2023,8,Kharif,1600,1400,1900
Turmeric,Andhra Pradesh,2020,1,Kharif,6700,6450,7350
Turmeric,Andhra Pradesh,2020,2,Kharif,6100,5850,6550
Turmeric,Andhra Pradesh,2020,3,Kharif,7200,6950,7750
Turmeric,Andhra Pradesh,2021,1,Kharif,7800,7450,8600
Turmeric,Andhra Pradesh,2021,2,Kharif,7150,6800,7700
Turmeric,Andhra Pradesh,2021,3,Kharif,7350,7100,7900
Turmeric,Andhra Pradesh,2022,1,Kharif,8100,7600,8650
Turmeric,Andhra Pradesh,2022,2,Kharif,7050,6800,7650
Turmeric,Andhra Pradesh,2022,3,Kharif,7100,6700,7750
Turmeric,Andhra Pradesh,2023,1,Kharif,8600,8300,9300
Turmeric,Andhra Pradesh,2023,2,Kharif,7000,6700,7600
Turmeric,Andhra Pradesh,2023,3,Kharif,7150,6850,7800
Turmeric,Assam,2020,1,Kharif,7600,7350,8350
Turmeric,Assam,2020,2,Kharif,7550,7250,8250
Turmeric,Assam,2020,3,Kharif,6400,6200,7000
Turmeric,Assam,2021,1,Kharif,7400,7100,8100
Turmeric,Assam,2021,2,Kharif,7200,6950,7600
Turmeric,Assam,2021,3,Kharif,6950,6700,7500
Turmeric,Assam,2022,1,Kharif,7600,7200,8250
Turmeric,Assam,2022,2,Kharif,7200,6900,7650
Turmeric,Assam,2022,3,Kharif,7300,6950,7800
Turmeric,Assam,2023,1,Kharif,7850,7600,8250
Turmeric,Assam,2023,2,Kharif,6850,6650,7300
Turmeric,Assam,2023,3,Kharif,6550,6250,7150
Turmeric,Bihar,2020,1,Kharif,6600,6350,7250
Turmeric,Bihar,2020,2,Kharif,6450,6200,6850
Turmeric,Bihar,2020,3,Kharif,6500,6250,6950
Turmeric,Bihar,2021,1,Kharif,7650,7400,8050
Turmeric,Bihar,2021,2,Kharif,7750,7500,8150
Turmeric,Bihar,2021,3,Kharif,6850,6600,7300
Turmeric,Bihar,2022,1,Kharif,6400,6050,6900
Turmeric,Bihar,2022,2,Kharif,7900,7500,8550
Turmeric,Bihar,2022,3,Kharif,7900,7450,8350
Turmeric,Bihar,2023,1,Kharif,7900,7600,8450
Turmeric,Bihar,2023,2,Kharif,6600,6400,7100
Turmeric,Bihar,2023,3,Kharif,7400,7050,7800
Turmeric,Chhattisgarh,2020,1,Kharif,7300,6950,8000
Turmeric,Chhattisgarh,2020,2,Kharif,6600,6350,7000
Turmeric,Chhattisgarh,2020,3,Kharif,7100,6800,7800
Turmeric,Chhattisgarh,2021,1,Kharif,6650,6300,7000
Turmeric,Chhattisgarh,2021,2,Kharif,6250,5900,6600
Turmeric,Chhattisgarh,2021,3,Kharif,7800,7450,8300
Turmeric,Chhattisgarh,2022,1,Kharif,7800,7400,8250
Turmeric,Chhattisgarh,2022,2,Kharif,8100,7700,8750
Turmeric,Chhattisgarh,2022,3,Kharif,8100,7750,8850
Turmeric,Chhattisgarh,2023,1,Kharif,8350,7950,9050
Turmeric,Chhattisgarh,2023,2,Kharif,7850,7600,8300
Turmeric,Chhattisgarh,2023,3,Kharif,7350,7000,7900
Turmeric,Goa,2020,1,Kharif,8900,8500,9500
Turmeric,Goa,2020,2,Kharif,6800,6450,7200
Turmeric,Goa,2020,3,Kharif,7600,7350,8100
Turmeric,Goa,2021,1,Kharif,9000,8700,9750
Turmeric,Goa,2021,2,Kharif,8950,8600,9550
Turmeric,Goa,2021,3,Kharif,8750,8250,9350
Turmeric,Goa,2022,1,Kharif,7400,7000,7900
Turmeric,Goa,2022,2,Kharif,8400,7900,9050
Turmeric,Goa,2022,3,Kharif,7550,7200,8000
Turmeric,Goa,2023,1,Kharif,8500,8150,9100
Turmeric,Goa,2023,2,Kharif,7800,7500,8300
Turmeric,Goa,2023,3,Kharif,10400,9900,11300
Turmeric,Gujarat,2020,1,Kharif,7850,7400,8450
Turmeric,Gujarat,2020,2,Kharif,8000,7750,8600
Turmeric,Gujarat,2020,3,Kharif,6250,5900,6850
Turmeric,Gujarat,2021,1,Kharif,8000,7700,8500
Turmeric,Gujarat,2021,2,Kharif,7250,6850,7750
Turmeric,Gujarat,2021,3,Kharif,6550,6250,7100
Turmeric,Gujarat,2022,1,Kharif,7450,7000,7900
Turmeric,Gujarat,2022,2,Kharif,8500,8200,8950
Turmeric,Gujarat,2022,3,Kharif,8450,8100,8900
Turmeric,Gujarat,2023,1,Kharif,8400,7900,8850
Turmeric,Gujarat,2023,2,Kharif,8500,8150,9300
Turmeric,Gujarat,2023,3,Kharif,8900,8550,9550
Turmeric,Haryana,2020,1,Kharif,7500,7200,7950
Turmeric,Haryana,2020,2,Kharif,8250,7850,8700
Turmeric,Haryana,2020,3,Kharif,7400,7150,8000
Turmeric,Haryana,2021,1,Kharif,7650,7350,8100
Turmeric,Haryana,2021,2,Kharif,8700,8300,9500
Turmeric,Haryana,2021,3,Kharif,8550,8100,9200
Turmeric,Haryana,2022,1,Kharif,7050,6850,7550
Turmeric,Haryana,2022,2,Kharif,8550,8150,9000
Turmeric,Haryana,2022,3,Kharif,8350,8050,8800
Turmeric,Haryana,2023,1,Kharif,8800,8450,9300
Turmeric,Haryana,2023,2,Kharif,8550,8200,9100
Turmeric,Haryana,2023,3,Kharif,9550,9250,10200
Turmeric,Himachal Pradesh,2020,1,Kharif,7450,7000,7950
Turmeric,Himachal Pradesh,2020,2,Kharif,6450,6200,6850
Turmeric,Himachal Pradesh,2020,3,Kharif,6650,6450,7000
Turmeric,Himachal Pradesh,2021,1,Kharif,6750,6500,7350
Turmeric,Himachal Pradesh,2021,2,Kharif,7350,7100,7750
Turmeric,Himachal Pradesh,2021,3,Kharif,8550,8100,9350
Turmeric,Himachal Pradesh,2022,1,Kharif,8800,8300,9650
Turmeric,Himachal Pradesh,2022,2,Kharif,8500,8000,9150
Turmeric,Himachal Pradesh,2022,3,Kharif,8500,8200,9350
Turmeric,Himachal Pradesh,2023,1,Kharif,8500,8050,9200
Turmeric,Himachal Pradesh,2023,2,Kharif,8300,7800,8700
Turmeric,Himachal Pradesh,2023,3,Kharif,9350,9000,9950
Turmeric,Jammu & Kashmir,2020,1,Kharif,8050,7800,8600
Turmeric,Jammu & Kashmir,2020,2,Kharif,6700,6400,7050
Turmeric,Jammu & Kashmir,2020,3,Kharif,6950,6550,7600
Turmeric,Jammu & Kashmir,2021,1,Kharif,8200,7900,8800
Turmeric,Jammu & Kashmir,2021,2,Kharif,6700,6350,7150
Turmeric,Jammu & Kashmir,2021,3,Kharif,7750,7500,8150
Turmeric,Jammu & Kashmir,2022,1,Kharif,8150,7800,8950
Turmeric,Jammu & Kashmir,2022,2,Kharif,7900,7650,8600
Turmeric,Jammu & Kashmir,2022,3,Kharif,8200,7800,9000
Turmeric,Jammu & Kashmir,2023,1,Kharif,9100,8650,9900
Turmeric,Jammu & Kashmir,2023,2,Kharif,8350,8050,8950
Turmeric,Jammu & Kashmir,2023,3,Kharif,8600,8350,9100
Turmeric,Jharkhand,2020,1,Kharif,6450,6100,6800
Turmeric,Jharkhand,2020,2,Kharif,6500,6250,6900
Turmeric,Jharkhand,2020,3,Kharif,6900,6600,7500
Turmeric,Jharkhand,2021,1,Kharif,7650,7300,8050
Turmeric,Jharkhand,2021,2,Kharif,7350,7050,8050
Turmeric,Jharkhand,2021,3,Kharif,7600,7200,8350
Turmeric,Jharkhand,2022,1,Kharif,7250,6950,7650
Turmeric,Jharkhand,2022,2,Kharif,8250,7900,8850
Turmeric,Jharkhand,2022,3,Kharif,7650,7250,8150
Turmeric,Jharkhand,2023,1,Kharif,6850,6600,7500
Turmeric,Jharkhand,2023,2,Kharif,7900,7500,8450
Turmeric,Jharkhand,2023,3,Kharif,7200,6800,7700
Turmeric,Karnataka,2020,1,Kharif,8000,7650,8650
Turmeric,Karnataka,2020,2,Kharif,7000,6750,7350
Turmeric,Karnataka,2020,3,Kharif,7250,6950,7700
Turmeric,Karnataka,2021,1,Kharif,6600,6350,7200
Turmeric,Karnataka,2021,2,Kharif,7850,7550,8250
Turmeric,Karnataka,2021,3,Kharif,6950,6600,7450
Turmeric,Karnataka,2022,1,Kharif,6900,6600,7400
Turmeric,Karnataka,2022,2,Kharif,8200,7750,8700
Turmeric,Karnataka,2022,3,Kharif,8700,8400,9200
Turmeric,Karnataka,2023,1,Kharif,7000,6700,7350
Turmeric,Karnataka,2023,2,Kharif,8500,8150,9300
Turmeric,Karnataka,2023,3,Kharif,8100,7750,8700
Turmeric,Kerala,2020,1,Kharif,6650,6350,7000
Turmeric,Kerala,2020,2,Kharif,7350,7100,7900
Turmeric,Kerala,2020,3,Kharif,7950,7700,8350
Turmeric,Kerala,2021,1,Kharif,7150,6700,7750
Turmeric,Kerala,2021,2,Kharif,8900,8500,9650
Turmeric,Kerala,2021,3,Kharif,8450,8100,9050
Turmeric,Kerala,2022,1,Kharif,8700,8300,9450
Turmeric,Kerala,2022,2,Kharif,8950,8600,9500
Turmeric,Kerala,2022,3,Kharif,7750,7350,8500
Turmeric,Kerala,2023,1,Kharif,7950,7700,8500
Turmeric,Kerala,2023,2,Kharif,9400,9000,10250
Turmeric,Kerala,2023,3,Kharif,10000,9600,10650
Turmeric,Madhya Pradesh,2020,1,Kharif,5950,5550,6700
Turmeric,Madhya Pradesh,2020,2,Kharif,6350,6150,6700
Turmeric,Madhya Pradesh,2020,3,Kharif,6300,6100,6900
Turmeric,Madhya Pradesh,2021,1,Kharif,6400,6200,7000
Turmeric,Madhya Pradesh,2021,2,Kharif,7050,6750,7600
Turmeric,Madhya Pradesh,2021,3,Kharif,7250,7000,7850
Turmeric,Madhya Pradesh,2022,1,Kharif,7850,7500,8500
Turmeric,Madhya Pradesh,2022,2,Kharif,7800,7500,8550
Turmeric,Madhya Pradesh,2022,3,Kharif,8200,7800,8850
Turmeric,Madhya Pradesh,2023,1,Kharif,6800,6550,7150
Turmeric,Madhya Pradesh,2023,2,Kharif,6750,6350,7250
Turmeric,Madhya Pradesh,2023,3,Kharif,7700,7450,8200
Turmeric,Maharashtra,2020,1,Kharif,6800,6550,7450
Turmeric,Maharashtra,2020,2,Kharif,7400,7150,7950
Turmeric,Maharashtra,2020,3,Kharif,6500,6250,7000
Turmeric,Maharashtra,2021,1,Kharif,8100,7650,8600
Turmeric,Maharashtra,2021,2,Kharif,7100,6850,7550
Turmeric,Maharashtra,2021,3,Kharif,6850,6450,7400
Turmeric,Maharashtra,2022,1,Kharif,8500,8050,9250
Turmeric,Maharashtra,2022,2,Kharif,7550,7150,8050
Turmeric,Maharashtra,2022,3,Kharif,8500,8150,9150
Turmeric,Maharashtra,2023,1,Kharif,8400,7900,9200
Turmeric,Maharashtra,2023,2,Kharif,9350,8950,10100
Turmeric,Maharashtra,2023,3,Kharif,8800,8500,9350
Turmeric,Manipur,2020,1,Kharif,7550,7200,8200
Turmeric,Manipur,2020,2,Kharif,5900,5450,6700
Turmeric,Manipur,2020,3,Kharif,6050,5750,6450
Turmeric,Manipur,2021,1,Kharif,7300,6950,7950
Turmeric,Manipur,2021,2,Kharif,6500,6150,7150
Turmeric,Manipur,2021,3,Kharif,7400,7150,7850
Turmeric,Manipur,2022,1,Kharif,7950,7550,8350
Turmeric,Manipur,2022,2,Kharif,7000,6600,7500
Turmeric,Manipur,2022,3,Kharif,7200,6950,7600
Turmeric,Manipur,2023,1,Kharif,8450,8050,9150
Turmeric,Manipur,2023,2,Kharif,8750,8350,9550
Turmeric,Manipur,2023,3,Kharif,8600,8200,9200
Turmeric,Meghalaya,2020,1,Kharif,6750,6500,7150
Turmeric,Meghalaya,2020,2,Kharif,7300,7050,8000
Turmeric,Meghalaya,2020,3,Kharif,5700,5350,6150
Turmeric,Meghalaya,2021,1,Kharif,6100,5750,6650
Turmeric,Meghalaya,2021,2,Kharif,6450,6250,6850
Turmeric,Meghalaya,2021,3,Kharif,7900,7650,8300
Turmeric,Meghalaya,2022,1,Kharif,8000,7750,8650
Turmeric,Meghalaya,2022,2,Kharif,7100,6850,7800
Turmeric,Meghalaya,2022,3,Kharif,7350,7100,8000
Turmeric,Meghalaya,2023,1,Kharif,8100,7750,8550
Turmeric,Meghalaya,2023,2,Kharif,7000,6600,7600
Turmeric,Meghalaya,2023,3,Kharif,8450,8050,9250
Turmeric,Odisha,2020,1,Kharif,5500,5100,6150
Turmeric,Odisha,2020,2,Kharif,6350,6100,6700
Turmeric,Odisha,2020,3,Kharif,6850,6600,7500
Turmeric,Odisha,2021,1,Kharif,5800,5400,6200
Turmeric,Odisha,2021,2,Kharif,7400,7050,7800
Turmeric,Odisha,2021,3,Kharif,6700,6350,7350
Turmeric,Odisha,2022,1,Kharif,6300,6000,6800
Turmeric,Odisha,2022,2,Kharif,6900,6650,7350
Turmeric,Odisha,2022,3,Kharif,6350,6000,6900
Turmeric,Odisha,2023,1,Kharif,6700,6350,7150
Turmeric,Odisha,2023,2,Kharif,7200,6900,7700
Turmeric,Odisha,2023,3,Kharif,7850,7500,8300
Turmeric,Punjab,2020,1,Kharif,6550,6250,7200
Turmeric,Punjab,2020,2,Kharif,6900,6650,7250
Turmeric,Punjab,2020,3,Kharif,6450,6200,7050
Turmeric,Punjab,2021,1,Kharif,6850,6650,7550
Turmeric,Punjab,2021,2,Kharif,7200,6800,7800
Turmeric,Punjab,2021,3,Kharif,7000,6750,7500
Turmeric,Punjab,2022,1,Kharif,9050,8550,9700
Turmeric,Punjab,2022,2,Kharif,9000,8500,9550
Turmeric,Punjab,2022,3,Kharif,7650,7350,8300
Turmeric,Punjab,2023,1,Kharif,9250,8900,10150
Turmeric,Punjab,2023,2,Kharif,9250,8950,10100
Turmeric,Punjab,2023,3,Kharif,9550,9200,10350
Turmeric,Rajasthan,2020,1,Kharif,7400,7150,7950
Turmeric,Rajasthan,2020,2,Kharif,7900,7600,8700
Turmeric,Rajasthan,2020,3,Kharif,7350,7100,8000
Turmeric,Rajasthan,2021,1,Kharif,8250,7750,8850
Turmeric,Rajasthan,2021,2,Kharif,6500,6150,7150
Turmeric,Rajasthan,2021,3,Kharif,7100,6800,7700
Turmeric,Rajasthan,2022,1,Kharif,8700,8300,9300
Turmeric,Rajasthan,2022,2,Kharif,8350,8000,8950
Turmeric,Rajasthan,2022,3,Kharif,6600,6350,7150
Turmeric,Rajasthan,2023,1,Kharif,8150,7650,8800
Turmeric,Rajasthan,2023,2,Kharif,7700,7450,8350
Turmeric,Rajasthan,2023,3,Kharif,8300,8000,9050
Turmeric,Tamil Nadu,2020,1,Kharif,7800,7450,8550
Turmeric,Tamil Nadu,2020,2,Kharif,7800,7500,8300
Turmeric,Tamil Nadu,2020,3,Kharif,7200,6750,7750
Turmeric,Tamil Nadu,2021,1,Kharif,7150,6900,7800
Turmeric,Tamil Nadu,2021,2,Kharif,6800,6500,7450
Turmeric,Tamil Nadu,2021,3,Kharif,6700,6400,7100
Turmeric,Tamil Nadu,2022,1,Kharif,7500,7150,8000
Turmeric,Tamil Nadu,2022,2,Kharif,7650,7200,8400
Turmeric,Tamil Nadu,2022,3,Kharif,7200,6950,7700
Turmeric,Tamil Nadu,2023,1,Kharif,7000,6700,7400
Turmeric,Tamil Nadu,2023,2,Kharif,7150,6800,7550
Turmeric,Tamil Nadu,2023,3,Kharif,8850,8400,9350
Turmeric,Telangana,2020,1,Kharif,7700,7350,8300
Turmeric,Telangana,2020,2,Kharif,7800,7350,8450
Turmeric,Telangana,2020,3,Kharif,6750,6400,7100
Turmeric,Telangana,2021,1,Kharif,6450,6050,7100
Turmeric,Telangana,2021,2,Kharif,6550,6250,7050
Turmeric,Telangana,2021,3,Kharif,6950,6750,7350
Turmeric,Telangana,2022,1,Kharif,7250,6900,7900
Turmeric,Telangana,2022,2,Kharif,8050,7650,8800
Turmeric,Telangana,2022,3,Kharif,8900,8550,9700
Turmeric,Telangana,2023,1,Kharif,7600,7200,8100
Turmeric,Telangana,2023,2,Kharif,7250,7050,7800
Turmeric,Telangana,2023,3,Kharif,9200,8900,9850
Turmeric,Tripura,2020,1,Kharif,6150,5800,6550
Turmeric,Tripura,2020,2,Kharif,6300,6050,6650
Turmeric,Tripura,2020,3,Kharif,6800,6550,7450
Turmeric,Tripura,2021,1,Kharif,7400,7150,8000
Turmeric,Tripura,2021,2,Kharif,7150,6800,7500
Turmeric,Tripura,2021,3,Kharif,7850,7450,8550
Turmeric,Tripura,2022,1,Kharif,6550,6150,6900
Turmeric,Tripura,2022,2,Kharif,7350,7100,7800
Turmeric,Tripura,2022,3,Kharif,7650,7300,8350
Turmeric,Tripura,2023,1,Kharif,7050,6800,7550
Turmeric,Tripura,2023,2,Kharif,7400,7050,8050
Turmeric,Tripura,2023,3,Kharif,8300,7900,8900
Turmeric,Uttar Pradesh,2020,1,Kharif,8000,7650,8600
Turmeric,Uttar Pradesh,2020,2,Kharif,7550,7100,8200
Turmeric,Uttar Pradesh,2020,3,Kharif,7350,7000,7850
Turmeric,Uttar Pradesh,2021,1,Kharif,7800,7500,8200
Turmeric,Uttar Pradesh,2021,2,Kharif,7450,7100,8100
Turmeric,Uttar Pradesh,2021,3,Kharif,8400,8100,9000
Turmeric,Uttar Pradesh,2022,1,Kharif,7300,6900,7950
Turmeric,Uttar Pradesh,2022,2,Kharif,6600,6200,7100
Turmeric,Uttar Pradesh,2022,3,Kharif,8550,8150,9050
Turmeric,Uttar Pradesh,2023,1,Kharif,8150,7850,8900
Turmeric,Uttar Pradesh,2023,2,Kharif,8250,7800,8950
Turmeric,Uttar Pradesh,2023,3,Kharif,8000,7550,8450
Turmeric,Uttarakhand,2020,1,Kharif,7100,6700,7800
Turmeric,Uttarakhand,2020,2,Kharif,5850,5450,6650
Turmeric,Uttarakhand,2020,3,Kharif,7650,7350,8400
Turmeric,Uttarakhand,2021,1,Kharif,6700,6500,7050
Turmeric,Uttarakhand,2021,2,Kharif,8000,7750,8750
Turmeric,Uttarakhand,2021,3,Kharif,6500,6150,7000
Turmeric,Uttarakhand,2022,1,Kharif,7400,7100,8100
Turmeric,Uttarakhand,2022,2,Kharif,7000,6800,7400
Turmeric,Uttarakhand,2022,3,Kharif,7000,6650,7500
Turmeric,Uttarakhand,2023,1,Kharif,8250,8000,8950
Turmeric,Uttarakhand,2023,2,Kharif,8400,7900,8950
Turmeric,Uttarakhand,2023,3,Kharif,9050,8750,9850
Turmeric,West Bengal,2020,1,Kharif,6450,6100,6850
Turmeric,West Bengal,2020,2,Kharif,6300,6000,6850
Turmeric,West Bengal,2020,3,Kharif,7850,7600,8300
Turmeric,West Bengal,2021,1,Kharif,7500,7200,7900
Turmeric,West Bengal,2021,2,Kharif,6900,6650,7400
Turmeric,West Bengal,2021,3,Kharif,7900,7600,8500
Turmeric,West Bengal,2022,1,Kharif,8650,8200,9250
Turmeric,West Bengal,2022,2,Kharif,7450,7000,8100
Turmeric,West Bengal,2022,3,Kharif,6950,6600,7500
Turmeric,West Bengal,2023,1,Kharif,6800,6450,7400
Turmeric,West Bengal,2023,2,Kharif,8350,8000,9000
Turmeric,West Bengal,2023,3,Kharif,7300,6900,7850
Urad Dal,Andhra Pradesh,2020,9,Kharif,6100,5850,6450
Urad Dal,Andhra Pradesh,2020,10,Kharif,6450,6200,6900
Urad Dal,Andhra Pradesh,2020,11,Kharif,5900,5550,6550
Urad Dal,Andhra Pradesh,2021,9,Kharif,6600,6350,7050
Urad Dal,Andhra Pradesh,2021,10,Kharif,6050,5700,6500
Urad Dal,Andhra Pradesh,2021,11,Kharif,6350,6100,6850
Urad Dal,Andhra Pradesh,2022,9,Kharif,7050,6750,7700
Urad Dal,Andhra Pradesh,2022,10,Kharif,6200,5950,6700
Urad Dal,Andhra Pradesh,2022,11,Kharif,6150,5950,6500
Urad Dal,Andhra Pradesh,2023,9,Kharif,6800,6400,7400
Urad Dal,Andhra Pradesh,2023,10,Kharif,6650,6450,7150
Urad Dal,Andhra Pradesh,2023,11,Kharif,7500,7200,8000
Urad Dal,Assam,2020,9,Kharif,5700,5300,6350
Urad Dal,Assam,2020,10,Kharif,5750,5450,6450
Urad Dal,Assam,2020,11,Kharif,6200,6000,6750
Urad Dal,Assam,2021,9,Kharif,6300,5950,6700
Urad Dal,Assam,2021,10,Kharif,6600,6300,7150
Urad Dal,Assam,2021,11,Kharif,6500,6300,6900
Urad Dal,Assam,2022,9,Kharif,7000,6750,7450
Urad Dal,Assam,2022,10,Kharif,6400,6200,6850
Urad Dal,Assam,2022,11,Kharif,6750,6500,7300
Urad Dal,Assam,2023,9,Kharif,7250,6850,7900
Urad Dal,Assam,2023,10,Kharif,7100,6750,7800
Urad Dal,Assam,2023,11,Kharif,7500,7100,8000
Urad Dal,Bihar,2020,9,Kharif,6150,5850,6550
Urad Dal,Bihar,2020,10,Kharif,5950,5600,6400
Urad Dal,Bihar,2020,11,Kharif,5850,5550,6500
Urad Dal,Bihar,2021,9,Kharif,6350,6150,6700
Urad Dal,Bihar,2021,10,Kharif,6200,5900,6700
Urad Dal,Bihar,2021,11,Kharif,5700,5400,6400
Urad Dal,Bihar,2022,9,Kharif,6050,5850,6350
Urad Dal,Bihar,2022,10,Kharif,6400,6100,6800
Urad Dal,Bihar,2022,11,Kharif,6200,5850,6750
Urad Dal,Bihar,2023,9,Kharif,6300,5950,6800
Urad Dal,Bihar,2023,10,Kharif,6650,6300,7200
Urad Dal,Bihar,2023,11,Kharif,6500,6250,7100
Urad Dal,Chhattisgarh,2020,9,Kharif,5500,5200,6200
Urad Dal,Chhattisgarh,2020,10,Kharif,5900,5650,6650
Urad Dal,Chhattisgarh,2020,11,Kharif,5450,5050,6100
Urad Dal,Chhattisgarh,2021,9,Kharif,5900,5450,6600
Urad Dal,Chhattisgarh,2021,10,Kharif,5650,5350,6400
Urad Dal,Chhattisgarh,2021,11,Kharif,5900,5600,6550
Urad Dal,Chhattisgarh,2022,9,Kharif,6600,6250,7100
Urad Dal,Chhattisgarh,2022,10,Kharif,6150,5900,6500
Urad Dal,Chhattisgarh,2022,11,Kharif,6150,5900,6700
Urad Dal,Chhattisgarh,2023,9,Kharif,6700,6300,7350
Urad Dal,Chhattisgarh,2023,10,Kharif,6700,6400,7050
Urad Dal,Chhattisgarh,2023,11,Kharif,6800,6400,7200
Urad Dal,Goa,2020,9,Kharif,7350,7050,7900
Urad Dal,Goa,2020,10,Kharif,7100,6700,7750
Urad Dal,Goa,2020,11,Kharif,7500,7100,8200
Urad Dal,Goa,2021,9,Kharif,7200,6850,7900
Urad Dal,Goa,2021,10,Kharif,7850,7400,8450
Urad Dal,Goa,2021,11,Kharif,7900,7500,8450
Urad Dal,Goa,2022,9,Kharif,8300,7850,8800
Urad Dal,Goa,2022,10,Kharif,7200,6900,7650
Urad Dal,Goa,2022,11,Kharif,8250,7850,9050
Urad Dal,Goa,2023,9,Kharif,7750,7500,8250
Urad Dal,Goa,2023,10,Kharif,8500,8150,9050
Urad Dal,Goa,2023,11,Kharif,8100,7800,8650
Urad Dal,Gujarat,2020,9,Kharif,6350,6100,6750
Urad Dal,Gujarat,2020,10,Kharif,6650,6450,7200
Urad Dal,Gujarat,2020,11,Kharif,6400,6050,7000
Urad Dal,Gujarat,2021,9,Kharif,7250,6950,7650
Urad Dal,Gujarat,2021,10,Kharif,6550,6200,6900
Urad Dal,Gujarat,2021,11,Kharif,6450,6100,6800
Urad Dal,Gujarat,2022,9,Kharif,6950,6550,7550
Urad Dal,Gujarat,2022,10,Kharif,7000,6600,7650
Urad Dal,Gujarat,2022,11,Kharif,7700,7450,8100
Urad Dal,Gujarat,2023,9,Kharif,7800,7400,8200
Urad Dal,Gujarat,2023,10,Kharif,8050,7700,8650
Urad Dal,Gujarat,2023,11,Kharif,7000,6700,7700
Urad Dal,Haryana,2020,9,Kharif,5950,5550,6600
Urad Dal,Haryana,2020,10,Kharif,6500,6300,6850
Urad Dal,Haryana,2020,11,Kharif,6600,6400,7100
Urad Dal,Haryana,2021,9,Kharif,6500,6300,7000
Urad Dal,Haryana,2021,10,Kharif,7000,6750,7450
Urad Dal,Haryana,2021,11,Kharif,6450,6100,6950
Urad Dal,Haryana,2022,9,Kharif,6800,6400,7250
Urad Dal,Haryana,2022,10,Kharif,7300,6950,7800
Urad Dal,Haryana,2022,11,Kharif,7600,7200,8150
Urad Dal,Haryana,2023,9,Kharif,7850,7500,8250
Urad Dal,Haryana,2023,10,Kharif,7350,7000,7750
Urad Dal,Haryana,2023,11,Kharif,6850,6550,7250
Urad Dal,Himachal Pradesh,2020,9,Kharif,6550,6200,7050
Urad Dal,Himachal Pradesh,2020,10,Kharif,6650,6350,7250
Urad Dal,Himachal Pradesh,2020,11,Kharif,6150,5950,6600
Urad Dal,Himachal Pradesh,2021,9,Kharif,6800,6550,7200
Urad Dal,Himachal Pradesh,2021,10,Kharif,6600,6400,7050
Urad Dal,Himachal Pradesh,2021,11,Kharif,6450,6100,7100
Urad Dal,Himachal Pradesh,2022,9,Kharif,7450,7100,7900
Urad Dal,Himachal Pradesh,2022,10,Kharif,7050,6700,7650
Urad Dal,Himachal Pradesh,2022,11,Kharif,7200,6800,7550
Urad Dal,Himachal Pradesh,2023,9,Kharif,7350,7100,8050
Urad Dal,Himachal Pradesh,2023,10,Kharif,8050,7800,8650
Urad Dal,Himachal Pradesh,2023,11,Kharif,7200,6800,7900
Urad Dal,Jammu & Kashmir,2020,9,Kharif,6600,6400,7050
Urad Dal,Jammu & Kashmir,2020,10,Kharif,6250,5950,6700
Urad Dal,Jammu & Kashmir,2020,11,Kharif,6700,6450,7100
Urad Dal,Jammu & Kashmir,2021,9,Kharif,6950,6600,7450
Urad Dal,Jammu & Kashmir,2021,10,Kharif,7500,7200,7950
Urad Dal,Jammu & Kashmir,2021,11,Kharif,7300,7050,7750
Urad Dal,Jammu & Kashmir,2022,9,Kharif,7000,6750,7500
Urad Dal,Jammu & Kashmir,2022,10,Kharif,7200,6950,7600
Urad Dal,Jammu & Kashmir,2022,11,Kharif,6950,6550,7400
Urad Dal,Jammu & Kashmir,2023,9,Kharif,7900,7600,8350
Urad Dal,Jammu & Kashmir,2023,10,Kharif,8250,7900,8700
Urad Dal,Jammu & Kashmir,2023,11,Kharif,8300,7900,8850
Urad Dal,Jharkhand,2020,9,Kharif,5500,5250,6100
Urad Dal,Jharkhand,2020,10,Kharif,6050,5850,6400
Urad Dal,Jharkhand,2020,11,Kharif,5950,5500,6350
Urad Dal,Jharkhand,2021,9,Kharif,5800,5450,6300
Urad Dal,Jharkhand,2021,10,Kharif,6100,5800,6500
Urad Dal,Jharkhand,2021,11,Kharif,6300,5950,6650
Urad Dal,Jharkhand,2022,9,Kharif,6750,6500,7250
Urad Dal,Jharkhand,2022,10,Kharif,6100,5800,6700
Urad Dal,Jharkhand,2022,11,Kharif,6650,6250,7050
Urad Dal,Jharkhand,2023,9,Kharif,6550,6350,6950
Urad Dal,Jharkhand,2023,10,Kharif,6700,6300,7300
Urad Dal,Jharkhand,2023,11,Kharif,6750,6500,7300
Urad Dal,Karnataka,2020,9,Kharif,6550,6250,7100
Urad Dal,Karnataka,2020,10,Kharif,6800,6500,7350
Urad Dal,Karnataka,2020,11,Kharif,6200,5850,6600
Urad Dal,Karnataka,2021,9,Kharif,6850,6500,7500
Urad Dal,Karnataka,2021,10,Kharif,7100,6800,7550
Urad Dal,Karnataka,2021,11,Kharif,6250,6050,6650
Urad Dal,Karnataka,2022,9,Kharif,7450,7150,8050
Urad Dal,Karnataka,2022,10,Kharif,7550,7200,8050
Urad Dal,Karnataka,2022,11,Kharif,6800,6500,7250
Urad Dal,Karnataka,2023,9,Kharif,7650,7250,8250
Urad Dal,Karnataka,2023,10,Kharif,7600,7350,8150
Urad Dal,Karnataka,2023,11,Kharif,7250,7000,7650
Urad Dal,Kerala,2020,9,Kharif,6450,6100,6850
Urad Dal,Kerala,2020,10,Kharif,6800,6400,7350
Urad Dal,Kerala,2020,11,Kharif,6300,5950,6800
Urad Dal,Kerala,2021,9,Kharif,7000,6700,7600
Urad Dal,Kerala,2021,10,Kharif,7050,6750,7700
Urad Dal,Kerala,2021,11,Kharif,7450,7100,7850
Urad Dal,Kerala,2022,9,Kharif,7350,6900,7850
Urad Dal,Kerala,2022,10,Kharif,7000,6800,7650
Urad Dal,Kerala,2022,11,Kharif,7800,7550,8500
Urad Dal,Kerala,2023,9,Kharif,7750,7400,8200
Urad Dal,Kerala,2023,10,Kharif,7250,6950,7800
Urad Dal,Kerala,2023,11,Kharif,7700,7450,8100
Urad Dal,Madhya Pradesh,2020,9,Kharif,5500,5050,6200
Urad Dal,Madhya Pradesh,2020,10,Kharif,5800,5350,6350
Urad Dal,Madhya Pradesh,2020,11,Kharif,6200,5950,6550
Urad Dal,Madhya Pradesh,2021,9,Kharif,6350,6100,6700
Urad Dal,Madhya Pradesh,2021,10,Kharif,6450,6200,7000
Urad Dal,Madhya Pradesh,2021,11,Kharif,6600,6350,7050
Urad Dal,Madhya Pradesh,2022,9,Kharif,6300,6000,6800
Urad Dal,Madhya Pradesh,2022,10,Kharif,6400,6150,6750
Urad Dal,Madhya Pradesh,2022,11,Kharif,6500,6200,6950
Urad Dal,Madhya Pradesh,2023,9,Kharif,7350,6950,7900
Urad Dal,Madhya Pradesh,2023,10,Kharif,7000,6650,7450
Urad Dal,Madhya Pradesh,2023,11,Kharif,6400,6000,6800
Urad Dal,Maharashtra,2020,9,Kharif,6350,6000,6700
Urad Dal,Maharashtra,2020,10,Kharif,6500,6250,7000
Urad Dal,Maharashtra,2020,11,Kharif,6400,6000,6950
Urad Dal,Maharashtra,2021,9,Kharif,6550,6150,6950
Urad Dal,Maharashtra,2021,10,Kharif,6200,5900,6550
Urad Dal,Maharashtra,2021,11,Kharif,6450,6200,7000
Urad Dal,Maharashtra,2022,9,Kharif,6800,6550,7250
Urad Dal,Maharashtra,2022,10,Kharif,7200,6850,7600
Urad Dal,Maharashtra,2022,11,Kharif,7100,6850,7550
Urad Dal,Maharashtra,2023,9,Kharif,7200,6800,7750
Urad Dal,Maharashtra,2023,10,Kharif,7550,7100,8050
Urad Dal,Maharashtra,2023,11,Kharif,7200,6950,7800
Urad Dal,Manipur,2020,9,Kharif,5600,5250,6350
Urad Dal,Manipur,2020,10,Kharif,6350,6050,6700
Urad Dal,Manipur,2020,11,Kharif,6300,5950,6750
Urad Dal,Manipur,2021,9,Kharif,6400,6150,6750
Urad Dal,Manipur,2021,10,Kharif,6300,5950,6900
Urad Dal,Manipur,2021,11,Kharif,5950,5650,6400
Urad Dal,Manipur,2022,9,Kharif,6250,5950,6650
Urad Dal,Manipur,2022,10,Kharif,6600,6250,7250
Urad Dal,Manipur,2022,11,Kharif,6650,6350,7250
Urad Dal,Manipur,2023,9,Kharif,6450,6150,7000
Urad Dal,Manipur,2023,10,Kharif,6400,6150,6850
Urad Dal,Manipur,2023,11,Kharif,6600,6300,7250
Urad Dal,Meghalaya,2020,9,Kharif,5700,5400,6100
Urad Dal,Meghalaya,2020,10,Kharif,5700,5350,6450
Urad Dal,Meghalaya,2020,11,Kharif,6200,5900,6650
Urad Dal,Meghalaya,2021,9,Kharif,6100,5800,6500
Urad Dal,Meghalaya,2021,10,Kharif,6200,5900,6600
Urad Dal,Meghalaya,2021,11,Kharif,6800,6500,7200
Urad Dal,Meghalaya,2022,9,Kharif,6850,6450,7500
Urad Dal,Meghalaya,2022,10,Kharif,7300,6950,7950
Urad Dal,Meghalaya,2022,11,Kharif,7300,7000,7700
Urad Dal,Meghalaya,2023,9,Kharif,7150,6750,7550
Urad Dal,Meghalaya,2023,10,Kharif,7500,7050,8000
Urad Dal,Meghalaya,2023,11,Kharif,7300,7000,7950
Urad Dal,Odisha,2020,9,Kharif,6100,5800,6700
Urad Dal,Odisha,2020,10,Kharif,5350,4950,5850
Urad Dal,Odisha,2020,11,Kharif,5450,5050,5900
Urad Dal,Odisha,2021,9,Kharif,5500,5050,6100
Urad Dal,Odisha,2021,10,Kharif,5850,5450,6450
Urad Dal,Odisha,2021,11,Kharif,5650,5200,6250
Urad Dal,Odisha,2022,9,Kharif,5800,5500,6300
Urad Dal,Odisha,2022,10,Kharif,6750,6500,7150
Urad Dal,Odisha,2022,11,Kharif,6450,6250,7050
Urad Dal,Odisha,2023,9,Kharif,6700,6300,7150
Urad Dal,Odisha,2023,10,Kharif,7100,6700,7600
Urad Dal,Odisha,2023,11,Kharif,6150,5850,6500
Urad Dal,Punjab,2020,9,Kharif,6100,5850,6500
Urad Dal,Punjab,2020,10,Kharif,6200,6000,6650
Urad Dal,Punjab,2020,11,Kharif,6400,6200,7000
Urad Dal,Punjab,2021,9,Kharif,7350,7100,7750
Urad Dal,Punjab,2021,10,Kharif,6450,6250,7000
Urad Dal,Punjab,2021,11,Kharif,7150,6950,7600
Urad Dal,Punjab,2022,9,Kharif,7650,7400,8350
Urad Dal,Punjab,2022,10,Kharif,7500,7100,8000
Urad Dal,Punjab,2022,11,Kharif,7750,7450,8300
Urad Dal,Punjab,2023,9,Kharif,7200,6850,7850
Urad Dal,Punjab,2023,10,Kharif,7150,6900,7550
Urad Dal,Punjab,2023,11,Kharif,7900,7450,8350
Urad Dal,Rajasthan,2020,9,Kharif,5850,5550,6400
Urad Dal,Rajasthan,2020,10,Kharif,5900,5450,6650
Urad Dal,Rajasthan,2020,11,Kharif,6100,5850,6450
Urad Dal,Rajasthan,2021,9,Kharif,6800,6550,7200
Urad Dal,Rajasthan,2021,10,Kharif,6000,5700,6350
Urad Dal,Rajasthan,2021,11,Kharif,5900,5650,6700
Urad Dal,Rajasthan,2022,9,Kharif,7050,6750,7550
Urad Dal,Rajasthan,2022,10,Kharif,6450,6100,6900
Urad Dal,Rajasthan,2022,11,Kharif,6500,6200,6950
Urad Dal,Rajasthan,2023,9,Kharif,6450,6100,6800
Urad Dal,Rajasthan,2023,10,Kharif,7500,7200,8100
Urad Dal,Rajasthan,2023,11,Kharif,6700,6450,7050
Urad Dal,Tamil Nadu,2020,9,Kharif,6450,6150,6800
Urad Dal,Tamil Nadu,2020,10,Kharif,6350,6150,6950
Urad Dal,Tamil Nadu,2020,11,Kharif,5850,5450,6400
Urad Dal,Tamil Nadu,2021,9,Kharif,6550,6250,6900
Urad Dal,Tamil Nadu,2021,10,Kharif,6250,6050,6850
Urad Dal,Tamil Nadu,2021,11,Kharif,6300,6050,6750
Urad Dal,Tamil Nadu,2022,9,Kharif,6800,6500,7250
Urad Dal,Tamil Nadu,2022,10,Kharif,7150,6750,7700
Urad Dal,Tamil Nadu,2022,11,Kharif,7450,7000,7950
Urad Dal,Tamil Nadu,2023,9,Kharif,7850,7550,8400
Urad Dal,Tamil Nadu,2023,10,Kharif,7400,7050,7850
Urad Dal,Tamil Nadu,2023,11,Kharif,7500,7100,8100
Urad Dal,Telangana,2020,9,Kharif,6050,5750,6450
Urad Dal,Telangana,2020,10,Kharif,6500,6300,6900
Urad Dal,Telangana,2020,11,Kharif,5800,5450,6250
Urad Dal,Telangana,2021,9,Kharif,6400,6000,7000
Urad Dal,Telangana,2021,10,Kharif,7100,6700,7500
Urad Dal,Telangana,2021,11,Kharif,6700,6500,7150
Urad Dal,Telangana,2022,9,Kharif,7500,7100,8100
Urad Dal,Telangana,2022,10,Kharif,7100,6750,7750
Urad Dal,Telangana,2022,11,Kharif,6600,6300,7150
Urad Dal,Telangana,2023,9,Kharif,7500,7250,8200
Urad Dal,Telangana,2023,10,Kharif,7300,7000,7900
Urad Dal,Telangana,2023,11,Kharif,7200,6800,7600
Urad Dal,Tripura,2020,9,Kharif,5450,5100,5950
Urad Dal,Tripura,2020,10,Kharif,5950,5600,6750
Urad Dal,Tripura,2020,11,Kharif,6100,5900,6400
Urad Dal,Tripura,2021,9,Kharif,5650,5300,6050
Urad Dal,Tripura,2021,10,Kharif,5700,5250,6300
Urad Dal,Tripura,2021,11,Kharif,5900,5450,6550
Urad Dal,Tripura,2022,9,Kharif,6300,6050,6900
Urad Dal,Tripura,2022,10,Kharif,6700,6500,7300
Urad Dal,Tripura,2022,11,Kharif,5850,5500,6650
Urad Dal,Tripura,2023,9,Kharif,6250,5950,6600
Urad Dal,Tripura,2023,10,Kharif,7150,6900,7700
Urad Dal,Tripura,2023,11,Kharif,7050,6800,7750
Urad Dal,Uttar Pradesh,2020,9,Kharif,5900,5450,6550
Urad Dal,Uttar Pradesh,2020,10,Kharif,6200,5950,6650
Urad Dal,Uttar Pradesh,2020,11,Kharif,5900,5650,6650
Urad Dal,Uttar Pradesh,2021,9,Kharif,6850,6550,7500
Urad Dal,Uttar Pradesh,2021,10,Kharif,6700,6500,7250
Urad Dal,Uttar Pradesh,2021,11,Kharif,7100,6700,7500
Urad Dal,Uttar Pradesh,2022,9,Kharif,6500,6300,6900
Urad Dal,Uttar Pradesh,2022,10,Kharif,6600,6350,6950
Urad Dal,Uttar Pradesh,2022,11,Kharif,7200,6900,7650
Urad Dal,Uttar Pradesh,2023,9,Kharif,7050,6800,7700
Urad Dal,Uttar Pradesh,2023,10,Kharif,7250,6900,7700
Urad Dal,Uttar Pradesh,2023,11,Kharif,7750,7350,8500
Urad Dal,Uttarakhand,2020,9,Kharif,6200,5950,6750
Urad Dal,Uttarakhand,2020,10,Kharif,6050,5800,6500
Urad Dal,Uttarakhand,2020,11,Kharif,5950,5700,6700
Urad Dal,Uttarakhand,2021,9,Kharif,6150,5850,6600
Urad Dal,Uttarakhand,2021,10,Kharif,6250,5950,6800
Urad Dal,Uttarakhand,2021,11,Kharif,6050,5850,6450
Urad Dal,Uttarakhand,2022,9,Kharif,6850,6500,7450
Urad Dal,Uttarakhand,2022,10,Kharif,6500,6200,7000
Urad Dal,Uttarakhand,2022,11,Kharif,6400,6050,6800
Urad Dal,Uttarakhand,2023,9,Kharif,6800,6450,7450
Urad Dal,Uttarakhand,2023,10,Kharif,7050,6750,7700
Urad Dal,Uttarakhand,2023,11,Kharif,6450,6150,7100
Urad Dal,West Bengal,2020,9,Kharif,6200,6000,6550
Urad Dal,West Bengal,2020,10,Kharif,6150,5850,6500
Urad Dal,West Bengal,2020,11,Kharif,5700,5450,6400
Urad Dal,West Bengal,2021,9,Kharif,6050,5700,6550
Urad Dal,West Bengal,2021,10,Kharif,6100,5750,6550
Urad Dal,West Bengal,2021,11,Kharif,6700,6400,7200
Urad Dal,West Bengal,2022,9,Kharif,6850,6500,7300
Urad Dal,West Bengal,2022,10,Kharif,6250,5900,6750
Urad Dal,West Bengal,2022,11,Kharif,6450,6150,7050
Urad Dal,West Bengal,2023,9,Kharif,7700,7350,8150
Urad Dal,West Bengal,2023,10,Kharif,6950,6700,7500
Urad Dal,West Bengal,2023,11,Kharif,7600,7250,8000
Wheat,Andhra Pradesh,2020,1,Rabi,1850,1600,2250
Wheat,Andhra Pradesh,2020,2,Rabi,1650,1400,1900
Wheat,Andhra Pradesh,2020,3,Rabi,1850,1650,2250
Wheat,Andhra Pradesh,2020,11,Rabi,1700,1550,2050
Wheat,Andhra Pradesh,2020,12,Rabi,1850,1650,2200
Wheat,Andhra Pradesh,2021,1,Rabi,1950,1700,2350
Wheat,Andhra Pradesh,2021,2,Rabi,1900,1650,2250
Wheat,Andhra Pradesh,2021,3,Rabi,1900,1650,2150
Wheat,Andhra Pradesh,2021,11,Rabi,1750,1600,2100
Wheat,Andhra Pradesh,2021,12,Rabi,2000,1750,2250
Wheat,Andhra Pradesh,2022,1,Rabi,1900,1700,2250
Wheat,Andhra Pradesh,2022,2,Rabi,1900,1650,2150
Wheat,Andhra Pradesh,2022,3,Rabi,1900,1750,2200
Wheat,Andhra Pradesh,2022,11,Rabi,2100,1800,2350
Wheat,Andhra Pradesh,2022,12,Rabi,1850,1700,2150
Wheat,Andhra Pradesh,2023,1,Rabi,1950,1700,2300
Wheat,Andhra Pradesh,2023,2,Rabi,1950,1750,2300
Wheat,Andhra Pradesh,2023,3,Rabi,1950,1800,2300
Wheat,Andhra Pradesh,2023,11,Rabi,2050,1800,2400
Wheat,Andhra Pradesh,2023,12,Rabi,2150,1900,2550
Wheat,Assam,2020,1,Rabi,1650,1500,1950
Wheat,Assam,2020,2,Rabi,1800,1650,2150
Wheat,Assam,2020,3,Rabi,1800,1600,2100
Wheat,Assam,2020,11,Rabi,1750,1550,2000
Wheat,Assam,2020,12,Rabi,1650,1500,1900
Wheat,Assam,2021,1,Rabi,1900,1700,2300
Wheat,Assam,2021,2,Rabi,1750,1600,2000
Wheat,Assam,2021,3,Rabi,1800,1550,2000
Wheat,Assam,2021,11,Rabi,1900,1650,2200
Wheat,Assam,2021,12,Rabi,1800,1650,2150
Wheat,Assam,2022,1,Rabi,1950,1700,2350
Wheat,Assam,2022,2,Rabi,2000,1850,2400
Wheat,Assam,2022,3,Rabi,2000,1800,2400
Wheat,Assam,2022,11,Rabi,1850,1700,2200
Wheat,Assam,2022,12,Rabi,2050,1750,2450
Wheat,Assam,2023,1,Rabi,1950,1700,2350
Wheat,Assam,2023,2,Rabi,1850,1700,2050
Wheat,Assam,2023,3,Rabi,1850,1600,2100
Wheat,Assam,2023,11,Rabi,2050,1750,2400
Wheat,Assam,2023,12,Rabi,2000,1850,2400
Wheat,Bihar,2020,1,Rabi,1700,1550,2000
Wheat,Bihar,2020,2,Rabi,1600,1350,1900
Wheat,Bihar,2020,3,Rabi,1700,1500,1900
Wheat,Bihar,2020,11,Rabi,1700,1450,1950
Wheat,Bihar,2020,12,Rabi,1800,1550,2200
Wheat,Bihar,2021,1,Rabi,1950,1800,2300
Wheat,Bihar,2021,2,Rabi,1750,1550,2000
Wheat,Bihar,2021,3,Rabi,1850,1650,2200
Wheat,Bihar,2021,11,Rabi,1750,1600,1950
Wheat,Bihar,2021,12,Rabi,1700,1500,2050
Wheat,Bihar,2022,1,Rabi,2050,1850,2500
Wheat,Bihar,2022,2,Rabi,2050,1800,2400
Wheat,Bihar,2022,3,Rabi,1800,1600,2150
Wheat,Bihar,2022,11,Rabi,1800,1650,2150
Wheat,Bihar,2022,12,Rabi,1900,1650,2250
Wheat,Bihar,2023,1,Rabi,2050,1850,2300
Wheat,Bihar,2023,2,Rabi,1900,1650,2150
Wheat,Bihar,2023,3,Rabi,1900,1650,2250
Wheat,Bihar,2023,11,Rabi,1950,1700,2150
Wheat,Bihar,2023,12,Rabi,2050,1800,2300
Wheat,Chhattisgarh,2020,1,Rabi,1600,1450,1850
Wheat,Chhattisgarh,2020,2,Rabi,1700,1550,2000
Wheat,Chhattisgarh,2020,3,Rabi,1650,1500,2000
Wheat,Chhattisgarh,2020,11,Rabi,1750,1550,2000
Wheat,Chhattisgarh,2020,12,Rabi,1550,1400,1850
Wheat,Chhattisgarh,2021,1,Rabi,1650,1400,1900
Wheat,Chhattisgarh,2021,2,Rabi,1900,1650,2150
Wheat,Chhattisgarh,2021,3,Rabi,1650,1450,1850
Wheat,Chhattisgarh,2021,11,Rabi,1650,1450,1950
Wheat,Chhattisgarh,2021,12,Rabi,1700,1550,1950
Wheat,Chhattisgarh,2022,1,Rabi,1800,1600,2150
Wheat,Chhattisgarh,2022,2,Rabi,1750,1550,2100
Wheat,Chhattisgarh,2022,3,Rabi,1800,1550,2100
Wheat,Chhattisgarh,2022,11,Rabi,1850,1650,2200
Wheat,Chhattisgarh,2022,12,Rabi,1800,1600,2100
Wheat,Chhattisgarh,2023,1,Rabi,2050,1850,2300
Wheat,Chhattisgarh,2023,2,Rabi,1850,1650,2150
Wheat,Chhattisgarh,2023,3,Rabi,1900,1700,2250
Wheat,Chhattisgarh,2023,11,Rabi,1950,1700,2350
Wheat,Chhattisgarh,2023,12,Rabi,1950,1700,2200
Wheat,Goa,2020,1,Rabi,2100,1800,2450
Wheat,Goa,2020,2,Rabi,2150,1950,2450
Wheat,Goa,2020,3,Rabi,2150,1950,2550
Wheat,Goa,2020,11,Rabi,1950,1800,2350
Wheat,Goa,2020,12,Rabi,2150,1900,2450
Wheat,Goa,2021,1,Rabi,2200,1950,2500
Wheat,Goa,2021,2,Rabi,2000,1750,2400
Wheat,Goa,2021,3,Rabi,2150,1950,2450
Wheat,Goa,2021,11,Rabi,2100,1850,2400
Wheat,Goa,2021,12,Rabi,2200,1900,2500
Wheat,Goa,2022,1,Rabi,2150,1900,2500
Wheat,Goa,2022,2,Rabi,2200,2000,2550
Wheat,Goa,2022,3,Rabi,2350,2050,2800
Wheat,Goa,2022,11,Rabi,2300,2050,2800
Wheat,Goa,2022,12,Rabi,2100,1900,2450
Wheat,Goa,2023,1,Rabi,2300,1950,2650
Wheat,Goa,2023,2,Rabi,2200,1950,2550
Wheat,Goa,2023,3,Rabi,2450,2250,2900
Wheat,Goa,2023,11,Rabi,2350,2150,2750
Wheat,Goa,2023,12,Rabi,2400,2200,2650
Wheat,Gujarat,2020,1,Rabi,1750,1500,2050
Wheat,Gujarat,2020,2,Rabi,1850,1700,2250
Wheat,Gujarat,2020,3,Rabi,1850,1650,2150
Wheat,Gujarat,2020,11,Rabi,1800,1650,2050
Wheat,Gujarat,2020,12,Rabi,1650,1450,2000
Wheat,Gujarat,2021,1,Rabi,1800,1550,2100
Wheat,Gujarat,2021,2,Rabi,1800,1650,2050
Wheat,Gujarat,2021,3,Rabi,1950,1800,2350
Wheat,Gujarat,2021,11,Rabi,1900,1650,2150
Wheat,Gujarat,2021,12,Rabi,1750,1500,2100
Wheat,Gujarat,2022,1,Rabi,1950,1700,2250
Wheat,Gujarat,2022,2,Rabi,1850,1700,2150
Wheat,Gujarat,2022,3,Rabi,2000,1750,2450
Wheat,Gujarat,2022,11,Rabi,1900,1750,2300
Wheat,Gujarat,2022,12,Rabi,2000,1800,2350
Wheat,Gujarat,2023,1,Rabi,1950,1750,2200
Wheat,Gujarat,2023,2,Rabi,1950,1700,2350
Wheat,Gujarat,2023,3,Rabi,2050,1850,2400
Wheat,Gujarat,2023,11,Rabi,2050,1900,2400
Wheat,Gujarat,2023,12,Rabi,2100,1900,2550
Wheat,Haryana,2020,1,Rabi,1950,1700,2150
Wheat,Haryana,2020,2,Rabi,1850,1600,2100
Wheat,Haryana,2020,3,Rabi,1900,1700,2300
Wheat,Haryana,2020,11,Rabi,1750,1600,2100
Wheat,Haryana,2020,12,Rabi,1750,1600,2050
Wheat,Haryana,2021,1,Rabi,1800,1550,2050
Wheat,Haryana,2021,2,Rabi,1850,1700,2250
Wheat,Haryana,2021,3,Rabi,1900,1700,2300
Wheat,Haryana,2021,11,Rabi,1800,1650,2150
Wheat,Haryana,2021,12,Rabi,1950,1750,2300
Wheat,Haryana,2022,1,Rabi,2000,1850,2250
Wheat,Haryana,2022,2,Rabi,1850,1650,2200
Wheat,Haryana,2022,3,Rabi,1950,1650,2250
Wheat,Haryana,2022,11,Rabi,1950,1750,2150
Wheat,Haryana,2022,12,Rabi,2150,1850,2450
Wheat,Haryana,2023,1,Rabi,2150,1950,2600
Wheat,Haryana,2023,2,Rabi,2150,1950,2600
Wheat,Haryana,2023,3,Rabi,1950,1750,2200
Wheat,Haryana,2023,11,Rabi,2200,2000,2500
Wheat,Haryana,2023,12,Rabi,2050,1850,2350
Wheat,Himachal Pradesh,2020,1,Rabi,1900,1750,2300
Wheat,Himachal Pradesh,2020,2,Rabi,1900,1650,2250
Wheat,Himachal Pradesh,2020,3,Rabi,1850,1650,2050
Wheat,Himachal Pradesh,2020,11,Rabi,2000,1800,2350
Wheat,Himachal Pradesh,2020,12,Rabi,1750,1500,2000
Wheat,Himachal Pradesh,2021,1,Rabi,1900,1700,2150
Wheat,Himachal Pradesh,2021,2,Rabi,2000,1700,2400
Wheat,Himachal Pradesh,2021,3,Rabi,2100,1900,2400
Wheat,Himachal Pradesh,2021,11,Rabi,1900,1700,2100
Wheat,Himachal Pradesh,2021,12,Rabi,1900,1700,2250
Wheat,Himachal Pradesh,2022,1,Rabi,2200,1900,2550
Wheat,Himachal Pradesh,2022,2,Rabi,2250,1900,2700
Wheat,Himachal Pradesh,2022,3,Rabi,1950,1800,2250
Wheat,Himachal Pradesh,2022,11,Rabi,2150,2000,2500
Wheat,Himachal Pradesh,2022,12,Rabi,2000,1700,2350
Wheat,Himachal Pradesh,2023,1,Rabi,2300,2100,2700
Wheat,Himachal Pradesh,2023,2,Rabi,2200,2000,2550
Wheat,Himachal Pradesh,2023,3,Rabi,2150,1850,2400
Wheat,Himachal Pradesh,2023,11,Rabi,2250,2000,2600
Wheat,Himachal Pradesh,2023,12,Rabi,2150,1900,2400
Wheat,Jammu & Kashmir,2020,1,Rabi,2050,1750,2400
Wheat,Jammu & Kashmir,2020,2,Rabi,1850,1600,2200
Wheat,Jammu & Kashmir,2020,3,Rabi,1950,1800,2200
Wheat,Jammu & Kashmir,2020,11,Rabi,1950,1750,2200
Wheat,Jammu & Kashmir,2020,12,Rabi,1800,1600,2000
Wheat,Jammu & Kashmir,2021,1,Rabi,2050,1750,2350
Wheat,Jammu & Kashmir,2021,2,Rabi,1950,1700,2350
Wheat,Jammu & Kashmir,2021,3,Rabi,2000,1700,2300
Wheat,Jammu & Kashmir,2021,11,Rabi,2100,1800,2350
Wheat,Jammu & Kashmir,2021,12,Rabi,2050,1850,2300
Wheat,Jammu & Kashmir,2022,1,Rabi,2100,1900,2350
Wheat,Jammu & Kashmir,2022,2,Rabi,2150,1950,2450
Wheat,Jammu & Kashmir,2022,3,Rabi,2100,1900,2400
Wheat,Jammu & Kashmir,2022,11,Rabi,2250,2000,2500
Wheat,Jammu & Kashmir,2022,12,Rabi,2150,1900,2550
Wheat,Jammu & Kashmir,2023,1,Rabi,2150,1900,2550
Wheat,Jammu & Kashmir,2023,2,Rabi,2400,2050,2900
Wheat,Jammu & Kashmir,2023,3,Rabi,2150,2000,2600
Wheat,Jammu & Kashmir,2023,11,Rabi,2200,1900,2600
Wheat,Jammu & Kashmir,2023,12,Rabi,2150,1900,2400
Wheat,Jharkhand,2020,1,Rabi,1650,1550,1850
Wheat,Jharkhand,2020,2,Rabi,1700,1500,1950
Wheat,Jharkhand,2020,3,Rabi,1550,1400,1850
Wheat,Jharkhand,2020,11,Rabi,1650,1450,1900
Wheat,Jharkhand,2020,12,Rabi,1500,1300,1700
Wheat,Jharkhand,2021,1,Rabi,1650,1400,2000
Wheat,Jharkhand,2021,2,Rabi,1600,1450,1950
Wheat,Jharkhand,2021,3,Rabi,1650,1500,1950
Wheat,Jharkhand,2021,11,Rabi,1600,1450,1850
Wheat,Jharkhand,2021,12,Rabi,1750,1600,2100
Wheat,Jharkhand,2022,1,Rabi,1700,1450,2050
Wheat,Jharkhand,2022,2,Rabi,1700,1500,2000
Wheat,Jharkhand,2022,3,Rabi,1700,1500,2050
Wheat,Jharkhand,2022,11,Rabi,1950,1650,2350
Wheat,Jharkhand,2022,12,Rabi,1800,1600,2050
Wheat,Jharkhand,2023,1,Rabi,1900,1650,2250
Wheat,Jharkhand,2023,2,Rabi,1950,1750,2200
Wheat,Jharkhand,2023,3,Rabi,1850,1600,2150
Wheat,Jharkhand,2023,11,Rabi,1900,1750,2200
Wheat,Jharkhand,2023,12,Rabi,2050,1750,2500
Wheat,Karnataka,2020,1,Rabi,1650,1500,1950
Wheat,Karnataka,2020,2,Rabi,1750,1600,2000
Wheat,Karnataka,2020,3,Rabi,1900,1750,2300
Wheat,Karnataka,2020,11,Rabi,1700,1500,2000
Wheat,Karnataka,2020,12,Rabi,1750,1550,2050
Wheat,Karnataka,2021,1,Rabi,1750,1600,2000
Wheat,Karnataka,2021,2,Rabi,1900,1750,2200
Wheat,Karnataka,2021,3,Rabi,2000,1850,2350
Wheat,Karnataka,2021,11,Rabi,1950,1750,2300
Wheat,Karnataka,2021,12,Rabi,1850,1550,2050
Wheat,Karnataka,2022,1,Rabi,2000,1800,2350
Wheat,Karnataka,2022,2,Rabi,2050,1800,2500
Wheat,Karnataka,2022,3,Rabi,2000,1700,2350
Wheat,Karnataka,2022,11,Rabi,1900,1750,2150
Wheat,Karnataka,2022,12,Rabi,1850,1700,2150
Wheat,Karnataka,2023,1,Rabi,2000,1800,2300
Wheat,Karnataka,2023,2,Rabi,1950,1800,2200
Wheat,Karnataka,2023,3,Rabi,2250,2050,2600
Wheat,Karnataka,2023,11,Rabi,2250,2050,2500
Wheat,Karnataka,2023,12,Rabi,1950,1800,2300
Wheat,Kerala,2020,1,Rabi,1950,1700,2350
Wheat,Kerala,2020,2,Rabi,2000,1700,2350
Wheat,Kerala,2020,3,Rabi,2100,1950,2450
Wheat,Kerala,2020,11,Rabi,1900,1650,2150
Wheat,Kerala,2020,12,Rabi,1850,1700,2100
Wheat,Kerala,2021,1,Rabi,2150,1900,2500
Wheat,Kerala,2021,2,Rabi,2000,1700,2300
Wheat,Kerala,2021,3,Rabi,2000,1850,2400
Wheat,Kerala,2021,11,Rabi,2200,1900,2650
Wheat,Kerala,2021,12,Rabi,2100,1800,2450
Wheat,Kerala,2022,1,Rabi,2250,2000,2550
Wheat,Kerala,2022,2,Rabi,2200,2000,2600
Wheat,Kerala,2022,3,Rabi,2150,1950,2450
Wheat,Kerala,2022,11,Rabi,2250,1900,2700
Wheat,Kerala,2022,12,Rabi,2100,1900,2350
Wheat,Kerala,2023,1,Rabi,2200,1900,2500
Wheat,Kerala,2023,2,Rabi,2150,1850,2500
Wheat,Kerala,2023,3,Rabi,2450,2200,2850
Wheat,Kerala,2023,11,Rabi,2350,2100,2800
Wheat,Kerala,2023,12,Rabi,2350,2000,2650
Wheat,Madhya Pradesh,2020,1,Rabi,1650,1500,1900
Wheat,Madhya Pradesh,2020,2,Rabi,1800,1550,2100
Wheat,Madhya Pradesh,2020,3,Rabi,1650,1450,1950
Wheat,Madhya Pradesh,2020,11,Rabi,1800,1650,2200
Wheat,Madhya Pradesh,2020,12,Rabi,1750,1600,2000
Wheat,Madhya Pradesh,2021,1,Rabi,1900,1700,2250
Wheat,Madhya Pradesh,2021,2,Rabi,2000,1750,2450
Wheat,Madhya Pradesh,2021,3,Rabi,1900,1600,2150
Wheat,Madhya Pradesh,2021,11,Rabi,1900,1650,2200
Wheat,Madhya Pradesh,2021,12,Rabi,1950,1700,2350
Wheat,Madhya Pradesh,2022,1,Rabi,1850,1650,2100
Wheat,Madhya Pradesh,2022,2,Rabi,2000,1750,2400
Wheat,Madhya Pradesh,2022,3,Rabi,2000,1800,2300
Wheat,Madhya Pradesh,2022,11,Rabi,1950,1750,2250
Wheat,Madhya Pradesh,2022,12,Rabi,2050,1850,2300
Wheat,Madhya Pradesh,2023,1,Rabi,2100,1900,2450
Wheat,Madhya Pradesh,2023,2,Rabi,2000,1700,2300
Wheat,Madhya Pradesh,2023,3,Rabi,2050,1800,2400
Wheat,Madhya Pradesh,2023,11,Rabi,2150,1900,2550
Wheat,Madhya Pradesh,2023,12,Rabi,2150,1900,2550
Wheat,Maharashtra,2020,1,Rabi,1800,1600,2100
Wheat,Maharashtra,2020,2,Rabi,1850,1700,2250
Wheat,Maharashtra,2020,3,Rabi,1700,1500,2000
Wheat,Maharashtra,2020,11,Rabi,1700,1550,1950
Wheat,Maharashtra,2020,12,Rabi,1700,1500,2050
Wheat,Maharashtra,2021,1,Rabi,1950,1700,2300
Wheat,Maharashtra,2021,2,Rabi,2100,1800,2400
Wheat,Maharashtra,2021,3,Rabi,2050,1800,2400
Wheat,Maharashtra,2021,11,Rabi,2050,1850,2350
Wheat,Maharashtra,2021,12,Rabi,2050,1850,2400
Wheat,Maharashtra,2022,1,Rabi,2150,2000,2400
Wheat,Maharashtra,2022,2,Rabi,1950,1700,2350
Wheat,Maharashtra,2022,3,Rabi,2150,2000,2500
Wheat,Maharashtra,2022,11,Rabi,2000,1750,2300
Wheat,Maharashtra,2022,12,Rabi,2050,1850,2350
Wheat,Maharashtra,2023,1,Rabi,2200,1950,2500
Wheat,Maharashtra,2023,2,Rabi,2050,1800,2300
Wheat,Maharashtra,2023,3,Rabi,2000,1800,2400
Wheat,Maharashtra,2023,11,Rabi,2150,1950,2400
Wheat,Maharashtra,2023,12,Rabi,2200,1950,2450
Wheat,Manipur,2020,1,Rabi,1700,1500,2000
Wheat,Manipur,2020,2,Rabi,1700,1500,2050
Wheat,Manipur,2020,3,Rabi,1700,1550,1950
Wheat,Manipur,2020,11,Rabi,1650,1500,1850
Wheat,Manipur,2020,12,Rabi,1550,1450,1850
Wheat,Manipur,2021,1,Rabi,1650,1400,1950
Wheat,Manipur,2021,2,Rabi,1750,1550,2100
Wheat,Manipur,2021,3,Rabi,1700,1450,2000
Wheat,Manipur,2021,11,Rabi,1700,1550,1950
Wheat,Manipur,2021,12,Rabi,1650,1450,1950
Wheat,Manipur,2022,1,Rabi,1750,1550,2000
Wheat,Manipur,2022,2,Rabi,1850,1650,2100
Wheat,Manipur,2022,3,Rabi,1850,1700,2200
Wheat,Manipur,2022,11,Rabi,1750,1600,2050
Wheat,Manipur,2022,12,Rabi,1750,1600,1950
Wheat,Manipur,2023,1,Rabi,1950,1700,2200
Wheat,Manipur,2023,2,Rabi,2000,1800,2300
Wheat,Manipur,2023,3,Rabi,2100,1950,2500
Wheat,Manipur,2023,11,Rabi,1950,1700,2200
Wheat,Manipur,2023,12,Rabi,1850,1600,2050
Wheat,Meghalaya,2020,1,Rabi,1750,1600,2000
Wheat,Meghalaya,2020,2,Rabi,1600,1400,1800
Wheat,Meghalaya,2020,3,Rabi,1550,1400,1850
Wheat,Meghalaya,2020,11,Rabi,1800,1550,2100
Wheat,Meghalaya,2020,12,Rabi,1700,1500,2050
Wheat,Meghalaya,2021,1,Rabi,1900,1700,2250
Wheat,Meghalaya,2021,2,Rabi,1750,1500,2100
Wheat,Meghalaya,2021,3,Rabi,1750,1600,2000
Wheat,Meghalaya,2021,11,Rabi,1850,1700,2250
Wheat,Meghalaya,2021,12,Rabi,1700,1550,2050
Wheat,Meghalaya,2022,1,Rabi,1950,1700,2350
Wheat,Meghalaya,2022,2,Rabi,1900,1650,2200
Wheat,Meghalaya,2022,3,Rabi,1900,1700,2150
Wheat,Meghalaya,2022,11,Rabi,1950,1700,2350
Wheat,Meghalaya,2022,12,Rabi,2050,1850,2300
Wheat,Meghalaya,2023,1,Rabi,1950,1700,2300
Wheat,Meghalaya,2023,2,Rabi,2000,1750,2350
Wheat,Meghalaya,2023,3,Rabi,1950,1700,2250
Wheat,Meghalaya,2023,11,Rabi,1950,1700,2350
Wheat,Meghalaya,2023,12,Rabi,1950,1750,2200
Wheat,Odisha,2020,1,Rabi,1700,1500,1900
Wheat,Odisha,2020,2,Rabi,1750,1550,2100
Wheat,Odisha,2020,3,Rabi,1750,1500,1950
Wheat,Odisha,2020,11,Rabi,1800,1550,2100
Wheat,Odisha,2020,12,Rabi,1600,1400,1900
Wheat,Odisha,2021,1,Rabi,1850,1600,2050
Wheat,Odisha,2021,2,Rabi,1700,1450,1950
Wheat,Odisha,2021,3,Rabi,1900,1650,2300
Wheat,Odisha,2021,11,Rabi,1800,1600,2100
Wheat,Odisha,2021,12,Rabi,1850,1700,2050
Wheat,Odisha,2022,1,Rabi,1850,1650,2150
Wheat,Odisha,2022,2,Rabi,1700,1550,2050
Wheat,Odisha,2022,3,Rabi,1800,1600,2150
Wheat,Odisha,2022,11,Rabi,1850,1600,2200
Wheat,Odisha,2022,12,Rabi,1950,1800,2300
Wheat,Odisha,2023,1,Rabi,1800,1600,2200
Wheat,Odisha,2023,2,Rabi,2000,1700,2350
Wheat,Odisha,2023,3,Rabi,2000,1750,2350
Wheat,Odisha,2023,11,Rabi,1850,1600,2100
Wheat,Odisha,2023,12,Rabi,1950,1800,2150
Wheat,Punjab,2020,1,Rabi,1850,1700,2100
Wheat,Punjab,2020,2,Rabi,1750,1550,2000
Wheat,Punjab,2020,3,Rabi,1750,1600,2100
Wheat,Punjab,2020,11,Rabi,1750,1550,1950
Wheat,Punjab,2020,12,Rabi,1900,1750,2100
Wheat,Punjab,2021,1,Rabi,2100,1800,2400
Wheat,Punjab,2021,2,Rabi,1950,1800,2300
Wheat,Punjab,2021,3,Rabi,2000,1850,2400
Wheat,Punjab,2021,11,Rabi,1950,1650,2250
Wheat,Punjab,2021,12,Rabi,1850,1700,2100
Wheat,Punjab,2022,1,Rabi,2150,1850,2450
Wheat,Punjab,2022,2,Rabi,2050,1850,2300
Wheat,Punjab,2022,3,Rabi,1900,1700,2200
Wheat,Punjab,2022,11,Rabi,1950,1750,2400
Wheat,Punjab,2022,12,Rabi,2100,1850,2450
Wheat,Punjab,2023,1,Rabi,2300,2050,2700
Wheat,Punjab,2023,2,Rabi,2000,1750,2250
Wheat,Punjab,2023,3,Rabi,2100,1800,2400
Wheat,Punjab,2023,11,Rabi,2150,1900,2550
Wheat,Punjab,2023,12,Rabi,2100,1900,2550
Wheat,Rajasthan,2020,1,Rabi,1700,1500,1950
Wheat,Rajasthan,2020,2,Rabi,1800,1600,2100
Wheat,Rajasthan,2020,3,Rabi,1750,1550,2000
Wheat,Rajasthan,2020,11,Rabi,1750,1550,2050
Wheat,Rajasthan,2020,12,Rabi,1650,1450,1900
Wheat,Rajasthan,2021,1,Rabi,1850,1650,2100
Wheat,Rajasthan,2021,2,Rabi,2000,1750,2350
Wheat,Rajasthan,2021,3,Rabi,1750,1550,2000
Wheat,Rajasthan,2021,11,Rabi,1750,1600,2050
Wheat,Rajasthan,2021,12,Rabi,1750,1550,2100
Wheat,Rajasthan,2022,1,Rabi,2000,1750,2400
Wheat,Rajasthan,2022,2,Rabi,1800,1550,2100
Wheat,Rajasthan,2022,3,Rabi,2000,1750,2350
Wheat,Rajasthan,2022,11,Rabi,1850,1700,2100
Wheat,Rajasthan,2022,12,Rabi,2050,1850,2300
Wheat,Rajasthan,2023,1,Rabi,1950,1750,2300
Wheat,Rajasthan,2023,2,Rabi,2100,1850,2400
Wheat,Rajasthan,2023,3,Rabi,2100,1800,2500
Wheat,Rajasthan,2023,11,Rabi,1950,1750,2200
Wheat,Rajasthan,2023,12,Rabi,1950,1650,2400
Wheat,Tamil Nadu,2020,1,Rabi,1800,1650,2100
Wheat,Tamil Nadu,2020,2,Rabi,1950,1700,2200
Wheat,Tamil Nadu,2020,3,Rabi,1800,1600,2150
Wheat,Tamil Nadu,2020,11,Rabi,1700,1450,1950
Wheat,Tamil Nadu,2020,12,Rabi,1850,1700,2200
Wheat,Tamil Nadu,2021,1,Rabi,1750,1550,2100
Wheat,Tamil Nadu,2021,2,Rabi,1750,1550,2100
Wheat,Tamil Nadu,2021,3,Rabi,1800,1650,2050
Wheat,Tamil Nadu,2021,11,Rabi,2000,1800,2350
Wheat,Tamil Nadu,2021,12,Rabi,1900,1700,2100
Wheat,Tamil Nadu,2022,1,Rabi,2150,1900,2500
Wheat,Tamil Nadu,2022,2,Rabi,1900,1650,2250
Wheat,Tamil Nadu,2022,3,Rabi,2150,1850,2450
Wheat,Tamil Nadu,2022,11,Rabi,1950,1700,2350
Wheat,Tamil Nadu,2022,12,Rabi,2100,1900,2350
Wheat,Tamil Nadu,2023,1,Rabi,2150,1950,2400
Wheat,Tamil Nadu,2023,2,Rabi,2250,2000,2650
Wheat,Tamil Nadu,2023,3,Rabi,1950,1700,2350
Wheat,Tamil Nadu,2023,11,Rabi,1950,1700,2150
Wheat,Tamil Nadu,2023,12,Rabi,2250,2050,2500
Wheat,Telangana,2020,1,Rabi,1800,1550,2200
Wheat,Telangana,2020,2,Rabi,1600,1450,1800
Wheat,Telangana,2020,3,Rabi,1850,1700,2100
Wheat,Telangana,2020,11,Rabi,1800,1600,2100
Wheat,Telangana,2020,12,Rabi,1600,1400,1850
Wheat,Telangana,2021,1,Rabi,1800,1650,2000
Wheat,Telangana,2021,2,Rabi,1900,1650,2100
Wheat,Telangana,2021,3,Rabi,1750,1600,2050
Wheat,Telangana,2021,11,Rabi,1850,1550,2250
Wheat,Telangana,2021,12,Rabi,1900,1600,2150
Wheat,Telangana,2022,1,Rabi,2000,1800,2250
Wheat,Telangana,2022,2,Rabi,1950,1750,2250
Wheat,Telangana,2022,3,Rabi,2000,1750,2350
Wheat,Telangana,2022,11,Rabi,1800,1600,2150
Wheat,Telangana,2022,12,Rabi,2000,1800,2400
Wheat,Telangana,2023,1,Rabi,2200,1900,2450
Wheat,Telangana,2023,2,Rabi,2050,1800,2400
Wheat,Telangana,2023,3,Rabi,2150,1850,2600
Wheat,Telangana,2023,11,Rabi,1900,1650,2100
Wheat,Telangana,2023,12,Rabi,2150,1850,2500
Wheat,Tripura,2020,1,Rabi,1700,1500,2050
Wheat,Tripura,2020,2,Rabi,1700,1550,1950
Wheat,Tripura,2020,3,Rabi,1800,1600,2100
Wheat,Tripura,2020,11,Rabi,1550,1350,1800
Wheat,Tripura,2020,12,Rabi,1750,1550,2100
Wheat,Tripura,2021,1,Rabi,1800,1600,2050
Wheat,Tripura,2021,2,Rabi,1800,1600,2100
Wheat,Tripura,2021,3,Rabi,1650,1500,1850
Wheat,Tripura,2021,11,Rabi,1750,1600,2100
Wheat,Tripura,2021,12,Rabi,1750,1600,2050
Wheat,Tripura,2022,1,Rabi,2000,1850,2300
Wheat,Tripura,2022,2,Rabi,1950,1800,2350
Wheat,Tripura,2022,3,Rabi,1850,1650,2100
Wheat,Tripura,2022,11,Rabi,1750,1500,1950
Wheat,Tripura,2022,12,Rabi,1900,1650,2250
Wheat,Tripura,2023,1,Rabi,1950,1750,2200
Wheat,Tripura,2023,2,Rabi,1950,1700,2300
Wheat,Tripura,2023,3,Rabi,1950,1700,2250
Wheat,Tripura,2023,11,Rabi,1950,1700,2400
Wheat,Tripura,2023,12,Rabi,2050,1750,2500
Wheat,Uttar Pradesh,2020,1,Rabi,1700,1450,2050
Wheat,Uttar Pradesh,2020,2,Rabi,1600,1350,1950
Wheat,Uttar Pradesh,2020,3,Rabi,1700,1500,2050
Wheat,Uttar Pradesh,2020,11,Rabi,1700,1500,2000
Wheat,Uttar Pradesh,2020,12,Rabi,1750,1500,1950
Wheat,Uttar Pradesh,2021,1,Rabi,1700,1500,1950
Wheat,Uttar Pradesh,2021,2,Rabi,1850,1600,2050
Wheat,Uttar Pradesh,2021,3,Rabi,1950,1700,2300
Wheat,Uttar Pradesh,2021,11,Rabi,1800,1550,2150
Wheat,Uttar Pradesh,2021,12,Rabi,1700,1450,2050
Wheat,Uttar Pradesh,2022,1,Rabi,1850,1600,2050
Wheat,Uttar Pradesh,2022,2,Rabi,1950,1650,2300
Wheat,Uttar Pradesh,2022,3,Rabi,2000,1700,2200
Wheat,Uttar Pradesh,2022,11,Rabi,1850,1700,2100
Wheat,Uttar Pradesh,2022,12,Rabi,1950,1750,2250
Wheat,Uttar Pradesh,2023,1,Rabi,2050,1850,2300
Wheat,Uttar Pradesh,2023,2,Rabi,2050,1750,2350
Wheat,Uttar Pradesh,2023,3,Rabi,2000,1700,2350
Wheat,Uttar Pradesh,2023,11,Rabi,1850,1600,2050
Wheat,Uttar Pradesh,2023,12,Rabi,1850,1700,2150
Wheat,Uttarakhand,2020,1,Rabi,1700,1450,1950
Wheat,Uttarakhand,2020,2,Rabi,1750,1600,2000
Wheat,Uttarakhand,2020,3,Rabi,1850,1650,2150
Wheat,Uttarakhand,2020,11,Rabi,1750,1500,2050
Wheat,Uttarakhand,2020,12,Rabi,1850,1600,2250
Wheat,Uttarakhand,2021,1,Rabi,1700,1500,2000
Wheat,Uttarakhand,2021,2,Rabi,1800,1600,2000
Wheat,Uttarakhand,2021,3,Rabi,1950,1700,2200
Wheat,Uttarakhand,2021,11,Rabi,1800,1600,2150
Wheat,Uttarakhand,2021,12,Rabi,1900,1750,2200
Wheat,Uttarakhand,2022,1,Rabi,1900,1650,2300
Wheat,Uttarakhand,2022,2,Rabi,1800,1600,2150
Wheat,Uttarakhand,2022,3,Rabi,2050,1850,2300
Wheat,Uttarakhand,2022,11,Rabi,1950,1700,2300
Wheat,Uttarakhand,2022,12,Rabi,1900,1650,2300
Wheat,Uttarakhand,2023,1,Rabi,2100,1800,2450
Wheat,Uttarakhand,2023,2,Rabi,1900,1700,2200
Wheat,Uttarakhand,2023,3,Rabi,2100,1800,2450
Wheat,Uttarakhand,2023,11,Rabi,1900,1600,2150
Wheat,Uttarakhand,2023,12,Rabi,1900,1650,2200
Wheat,West Bengal,2020,1,Rabi,1700,1450,2000
Wheat,West Bengal,2020,2,Rabi,1800,1650,2200
Wheat,West Bengal,2020,3,Rabi,1800,1550,2150
Wheat,West Bengal,2020,11,Rabi,1650,1500,2000
Wheat,West Bengal,2020,12,Rabi,1600,1450,1850
Wheat,West Bengal,2021,1,Rabi,1700,1550,2050
Wheat,West Bengal,2021,2,Rabi,1900,1700,2200
Wheat,West Bengal,2021,3,Rabi,1800,1600,2150
Wheat,West Bengal,2021,11,Rabi,1700,1550,2000
Wheat,West Bengal,2021,12,Rabi,1900,1750,2300
Wheat,West Bengal,2022,1,Rabi,1950,1800,2200
Wheat,West Bengal,2022,2,Rabi,1800,1600,2050
Wheat,West Bengal,2022,3,Rabi,1950,1700,2350
Wheat,West Bengal,2022,11,Rabi,2000,1850,2300
Wheat,West Bengal,2022,12,Rabi,1750,1600,1950
Wheat,West Bengal,2023,1,Rabi,2000,1850,2350
Wheat,West Bengal,2023,2,Rabi,1950,1650,2250
Wheat,West Bengal,2023,3,Rabi,2000,1800,2350
Wheat,West Bengal,2023,11,Rabi,2000,1750,2250
Wheat,West Bengal,2023,12,Rabi,1850,1700,2100
